sub_num,session_num,run_num,cycle_num,TR1,TR2,TR3,TR4,TR5,TR6,TR7,TR8,TR9,TR10,TR11,TR12,TR13,TR14,TR15,TR16,TR17,TR18,TR19,TR20,mean_psc_20tr,cycle_num_ses
1123,2,1,1,0.5330377980042882,0.7671483966768171,1.0202839949120128,0.8606907202740053,0.4437753549029244,0.4027047215563867,0.9371075955885134,1.5510236184525268,1.592538431774738,0.6929046182888975,0.01548719611747495,0.18796243171769933,0.20217301167230803,-0.003025966945618047,-0.08879722058253756,-0.06892950175332144,-0.11404340208703626,-0.02334643849610679,0.0577706462449276,0.25399880119462676,0.46102324037567644,1
1123,2,1,2,0.14896952642529596,0.5215169612779736,0.9823674920302801,1.1507085857055828,1.1963451754101975,1.0910570504020771,0.8083393789090029,0.8581666126033594,0.8981736567590716,0.593202850261585,0.48766134015662393,0.7316716788278281,0.9269245422275773,0.6429363971342713,0.46183056253150934,0.37711260625344567,0.24737886746554955,0.2982870858226417,0.3273638626264711,0.2095773204091006,0.6479795776619723,2
1123,2,1,3,0.2634496398556697,0.5320435189381714,0.998127391381858,1.0378987023199613,0.7804861140057089,0.3009297706767667,-0.30688405846105926,-0.291942366521678,-0.07127219091015805,0.010736401619051553,0.039429524795892,-0.09683373451331945,-0.30128549966241025,-0.5050337311455941,-0.2738646399453173,0.0935177246307978,0.21690942803465352,0.25492172619752684,0.23314452655527215,0.20336698556742935,0.1558922616709611,3
1123,2,1,4,0.17293847998628945,0.1250492066705876,-0.13719434837930686,-0.29181042350739694,-0.1296363793381307,0.03106044752665635,0.17064465938445234,0.3555648187272538,0.2033131276364169,-0.13118706892351084,-0.19875656188152213,-0.06644226476401946,0.27301522683588647,0.5764802409339969,0.6839902908730384,0.9958782451327612,1.2478860307540312,0.774186521321179,0.1383753891685341,-0.13031208795134805,0.23315217751029238,4
1123,2,1,5,0.3132788241688531,0.09231918093732976,-0.02686906459774511,0.2516719394280675,0.4484650178549946,0.3916225919726998,0.43367767710712746,0.8208098720444481,0.8285749000324576,0.341744437017865,0.1080861447549818,0.45262682267326626,0.667674208240877,0.5953645857065966,0.5791973034552196,0.5458997633395815,0.47627303632932094,0.3244801543622038,0.16193261826781952,0.21846432971377286,0.40126471714048684,5
1123,2,2,1,-0.1423146721792396,-0.2569848269757322,0.2545774352613298,0.5404429869474354,0.22454637150936,0.040510899080222595,0.1282687145008731,0.12620449983455234,0.2309025886263637,0.4856950496660236,0.6436796455125098,0.6147428869663762,0.3594359504947521,0.24660126749710726,0.39892428200475777,0.44841938032409623,0.1544423514700506,0.06476654565518365,0.34963860875031627,0.4156690250495328,0.2664084494997935,6
1123,2,2,2,-0.047251279829353655,0.11928356186464933,0.5029973268203821,0.43639569243322285,0.2316417016859943,-0.03393093306537945,-0.4788376253469005,-0.5652879193731373,-0.40406389832375056,-0.21784225616310016,-0.04684523040839825,-0.19928511871370455,-0.426368313997162,-0.18793624788749774,-0.09099263601288235,-0.40465779606764973,-0.43769783450555455,-0.445641534255381,-0.5145381235407158,-0.4681443500371799,-0.18395014073617494,7
1123,2,2,3,0.10695570244432055,0.458058742175539,0.5680952607439356,0.5653528471433276,0.6790591288046515,0.8461069038380629,0.6553512727823962,0.4889593995634446,0.7623643845007619,0.8350049219743559,0.8670499819318401,0.8445545565788044,0.815682439816571,1.0992617828800362,1.0983736397086479,0.833104108087091,0.7130931325165073,0.3622244061032973,0.2273543168597687,0.4134858005152082,0.6619746364484284,8
1123,2,2,4,0.1335902587849137,0.035334519049836845,0.26067068532304755,0.030620827420597574,-0.37409999228036983,-0.16596887902092058,-0.07980758101892635,-0.13928983766175412,0.08174637834631335,0.23887434832603643,0.34652388501407005,0.2973216394280038,0.20814264607546196,0.3385753549590228,0.6430618169445914,0.67190197202095,0.32074325897775674,0.22475065065846997,0.2726890563374962,0.19425540373775746,0.17698182057111775,9
1123,2,2,5,-0.2485390265654203,-0.4129582294893588,0.03612786720236895,0.4647261874359985,0.6643592699858023,0.4623612591343442,0.37510603716767305,0.517758316470923,0.5416858327010232,0.6770003961847852,0.7546166937968628,0.798712213657391,0.8638727066282597,0.6281379552399914,0.22638881756848972,0.20799187511252235,0.4514895335123167,0.3142029263073643,0.23394484872986288,0.4603261883427282,0.40086558345619644,10
1123,2,3,1,0.5948696467198795,0.33048325989601096,0.09410825130696734,-0.06317040943585725,-0.0630308323112143,0.0305765250292721,-0.27547315968928354,-0.5368090983295248,-0.36050595868339586,0.0843335380142144,0.18735396124517192,0.38310636630032574,0.5611340263501129,0.36187688086903824,0.3264304850111033,0.19506767669187408,-0.07724718155805024,0.1420285925740443,0.09854247684338202,0.18667532038684861,0.1100175183615459,11
1123,2,3,2,1.6204703413124864,1.8032385845727814,1.6117627135981019,1.23165613340506,0.9249679758108635,0.8412248713430304,0.8823685442616079,0.7766211429274565,0.9108004639607128,1.1024331164316918,1.4701095030742963,1.5160387175740884,1.2026714745697074,1.2381900998325377,1.4627278282660436,1.2317654344759121,0.8719942313289036,0.8600253292812199,1.0993165163897347,1.474244245377129,1.2066313633896681,12
1123,2,3,3,0.33772910511683196,0.6600335642333206,0.6567161193975957,0.3409037797335306,-0.07033622779830695,-0.30113634920300103,-0.18528297402656796,0.14187092605089366,0.3271551282637253,0.3423909887537796,0.1255138495439979,-0.24290201969171427,-0.2130129429807461,-0.0593460809895886,0.2819346571827533,0.47993342751836887,0.25434870762620215,0.07817315962264795,0.04513788172704665,0.1320394976127743,0.15659320988467715,13
1123,2,3,4,-1.2493378313439936,-2.4092011117451273,-2.136197432097408,-2.30548854394256,-2.5116835638822703,-1.8596692996369013,-1.006597415834479,-0.38976572231044687,-0.17199930614080183,-0.11038572302807294,0.2028378861268128,0.23875335587578175,0.1235968298245391,0.3018683489035374,0.6008616791519724,0.6384041687672961,0.33704550864150573,0.07584780026696794,-0.00979453988609615,0.01652336948044165,-0.5812190771404651,14
1123,2,3,5,1.0008939064318352,0.8463081818269798,0.684699429153354,0.5267470174966661,0.48973739657003545,0.5572585422434033,0.45654235608423016,0.6375771377663814,0.66900880708309,0.3791056356489412,0.34284249302726094,0.5128288497272693,0.597850480429053,0.707873663115684,0.8686837115916898,0.9221745891581414,0.9291305764211235,0.6577094142239229,0.6277167411071158,0.6341403146167766,0.6524414621861478,15
1123,3,1,1,-0.0463546409895558,0.18008709880707674,0.6272607359448754,0.8500546452241109,0.6684787664661371,0.44918220487882043,0.3159139597427457,0.35853445901606645,0.30342611691984656,0.32917757284883115,0.3095558611551513,0.18156159835563657,0.2205717740908384,0.2550768391364938,0.32673884251054564,0.4289263696165577,0.7334567567435131,0.7934240570731419,0.33120752523033986,-0.0717115070302104,0.3772284517870481,1
1123,3,1,2,0.4764574143150385,0.5223593858242448,0.6452283910836234,0.6234331892457783,0.6861183222307288,0.6460132885771754,0.5084382279695324,0.6045464965896171,0.7247951669710467,0.769685906266651,0.5232976757055133,0.34824216842665456,0.22332318016893823,0.1652529417046233,0.3087321281265286,0.40235181183685415,0.38031903755134655,0.41884238182095096,0.6796692832304475,0.3970783758085731,0.5027092386726933,2
1123,3,1,3,0.5118456486481797,0.3531529013594573,0.2995273502245143,0.318617344763583,0.2150892781315406,0.32110378345070656,0.25347323631218754,-0.0720141673236696,0.0844309112949943,0.09723787549168333,-0.2646030892654781,-0.1860005608208563,-0.12177029568859642,-0.20346817053966323,0.06754439016408,0.22964369823187686,0.25608202544155634,0.2952793570729144,0.2651207966521262,0.2125277581689463,0.14664100358850415,3
1123,3,1,4,-0.21057176058073915,0.40494761274121294,1.057129511772069,0.7938583687709044,0.7187178694322272,0.6758921373763693,0.43235552219592643,0.3148623275429206,0.3479775668896421,0.6412468612191671,0.7605187022295904,0.6121758035367143,0.3024101278999845,0.1670498413155755,0.2655923449223224,0.4382643548831606,0.302783314098975,0.1895579916328455,0.20483366863174607,0.17626834536071576,0.42979352559356643,4
1123,3,1,5,0.558458408739921,0.4013210381151666,0.5289438923596796,0.7551809421179966,0.6448356704835319,0.5387527480248397,0.41460684444485607,0.5125010927442386,0.9245438356068809,1.3094343939767046,1.301389275848945,0.9255637953904807,0.6474409227444062,0.7158262706981132,1.1308633143631508,1.2151942115189405,1.0282592704943034,0.9906197941220712,1.225364643646585,1.1961880008351686,0.848264418313799,5
1123,3,2,1,0.1190192997374536,0.23684155234437337,0.3812383381727974,0.5216635315971949,0.5058578263895531,0.1371429665439009,0.02656334239716321,0.29742262810421616,0.19434036994664405,0.1434701592584047,0.32480813177156687,0.3047241394960867,0.14981980678348605,0.009898826646066151,0.0114857835519288,0.0046205230604959985,0.03559375178289245,0.2306847449844812,0.054971129935126206,-0.0350037970568575,0.1827581527723487,6
1123,3,2,2,1.0928916811084208,1.2855081575229497,1.3808581582790325,1.2300724691269305,1.0575730926965798,1.146531222590026,1.4379885775756045,1.450457223114948,1.1978594909776077,0.9723878393738853,0.8060115556419363,0.7358510941399747,0.5325430677620712,0.1774406655033427,0.1484260081364218,0.5014586602985636,0.9473632567628417,1.0113411500156024,0.7929275769183612,0.7901841762948243,0.9347837561919963,7
1123,3,2,3,0.16837480171574565,0.230984184332745,0.32390041992202356,0.2819467616270789,0.35485320849310586,0.2636708375024388,0.0348972681963342,-0.201143922075541,-0.16752599710801294,0.2603082679215774,0.5635487316441801,0.558345118461929,0.4719729165243884,0.6217147186409737,0.7787137006115084,0.5310792065005663,0.08447595025737045,0.011414287077800095,0.24377759921435868,0.44673060995744174,0.2931019334709005,8
1123,3,2,4,-0.18887599795733806,0.0182556117196696,0.6967414942688598,0.76432831027839,0.2178794580332437,0.37420249757603874,0.5955069236185366,0.6226039761691711,0.8038195367821135,1.0122360802173236,0.9836532388829358,0.515437538252566,0.2907538817100282,0.16226999620347235,0.16466828879129192,0.4073621547172449,0.46469598778121984,0.4928683654300758,0.3843967509308953,0.33021683564618914,0.4556510464525963,9
1123,3,2,5,0.7399694404570568,0.4534252121013726,0.6939725784928453,0.657602396380263,0.29653252011901643,0.5605239642590731,1.14265376457084,1.2683453940049607,1.1191134327228593,1.25612035362078,1.5527757215381928,1.7380915688945064,1.7953255065038782,1.6017961503959528,1.4115529694139215,1.3618939420456018,0.9873165621422858,0.7164770572359724,1.241772273882672,1.5483734555157334,1.1071817132148891,10
1123,3,3,1,0.47629886006481015,0.9601646249009754,0.8295417547276953,0.2428737710649962,-0.1183620243023506,0.1752026355163147,0.2834783725596173,0.09076812757605116,0.3874029479926366,0.4591942314012376,0.22878188941605465,0.1236910482374092,-0.0369908847058841,-0.35790345669694706,-0.47184333998642225,-0.4770341362589069,-0.5834370861808356,-0.5135150114502776,-0.6645986656378482,-0.7974352741708847,0.011813919203372101,11
1123,3,3,2,-0.8613978689293602,-0.4622229030522355,0.013675302033435047,0.36642707492245524,0.18096659459157094,-0.2709796924992026,-0.06018643000345686,0.07937644648074335,0.15457338964306644,0.3034496086748557,0.43010331456234824,0.774280681998719,0.5983683368601853,0.5062756547255347,0.7671157347887338,0.44177491728089924,0.0322481401429892,0.0222876346468917,0.35345004260811647,0.6834826159803336,0.20265342977283113,12
1123,3,3,3,-0.4197502854590712,-1.1120410647656178,-1.2511686863406846,-0.580045499521803,-0.42246388513515354,-0.6558509216197634,-0.5196148262988107,-0.9122775350820994,-1.1219760400162415,-0.9397371685016134,-0.5750864900617381,-0.3077954580139051,-0.4379379328258403,-0.38147528374997297,-0.07993945282700501,0.03549878509369035,0.1791219243428869,0.34002042417898704,-0.055499821738710944,-0.008382594865786158,-0.46132009066041263,13
1123,3,3,4,-0.0022322320062901913,0.0506338706401271,0.07966605172968155,0.5137062125316305,0.710650763054028,0.8418254628568724,1.08193006647507,1.3131127137438425,1.6984326584659843,1.4675897228344716,0.777103856221137,0.9485616347513124,1.2970847062994144,1.1582590218912907,1.3113574668377765,1.3425466973803535,1.217662594007903,1.0676336218553626,0.6850495978345763,0.7850490146898081,0.9172811751047174,14
1123,3,3,5,-0.10303126944100201,0.04515602237256945,0.019951344813984903,0.023859917686209403,0.024565545951043904,0.004054963976825199,0.47652113183990835,0.6091356200337567,0.32960897277120044,0.19119362451018773,0.25009134254577636,0.6638906521775794,0.9103635598204786,0.5840349058109344,0.4592955800139883,0.6785765137867172,1.0247733721691226,0.9896442622828857,0.5405557400965304,0.3197861910030127,0.4021013997110855,15
1123,4,1,1,0.5234311105564806,0.5063211080471449,0.6610529771958731,0.4188534018553017,0.25565620386326476,0.573546230059967,0.6081069632380647,0.27270659934711583,0.16753493005376374,0.15481794008170435,0.3024453995988411,0.7713215432223295,0.8093024519905704,0.35928483249545184,0.17072745481770163,0.22438489576724474,-0.1600849158414884,-0.41560215383960014,0.23974140398111696,0.5827253968563684,0.35131368866736085,1
1123,4,1,2,-0.16679927366419875,-0.3505443447769928,-0.30260551228124893,0.07118005490500035,0.3948923041074559,0.47651165982545973,0.39663523070024953,0.3045572011392988,0.15862248708712576,-0.01926430738366945,-0.0109783749969191,0.161106230003876,0.36379152553028876,0.4727441318335883,0.36245620387509925,0.17565193840134935,0.28024005118241385,0.3552403470944874,0.3462197267761763,0.3102416185669723,0.1889949448962906,2
1123,4,1,3,-0.21657904504169861,0.0377116352871415,0.147009460834486,0.21233990262036548,0.5771348048070117,0.7217644830973189,0.6163993592350928,0.6692766559882577,0.7187575935459651,0.8495143454436163,1.0169310208060751,1.1972659713805585,1.4010026287955535,1.2055755402159707,0.9770879258674876,0.9761644768087462,0.9753751121946173,0.5786702707513622,0.2115197638400165,0.27058731000658504,0.6571754608242265,3
1123,4,1,4,0.045855630919579095,0.2705202474236826,0.6461725025543498,0.6695464762890759,0.5283917538033294,0.8789728394822567,1.7411526751253823,2.0843405052148176,1.409458965023318,0.8348284732107456,0.5484702063145988,0.7220616329348561,1.1320715560731465,0.965684547569415,0.7776263766803595,0.6601382811015748,0.4773238615924763,0.46116076967197206,0.7158456313440353,0.7654910621289884,0.8167556997228981,4
1123,4,1,5,0.7769579723524221,0.8557147289145577,0.5893287892196809,0.5071072670658493,0.624519919359084,0.7990640823992956,0.7971178433499858,0.80727166221418,0.8137120375105021,0.6538354043567022,0.5959790901691779,0.7714390324142169,1.1048319120848074,1.2534956317606083,1.1218414436628943,1.0814519409867054,1.3291578745104615,1.683118038863773,1.5302045137110385,0.8868650943207904,0.9291507139613365,5
1123,4,2,1,0.3995053428133101,0.1629140150139199,0.18188788169353295,0.30257446526662646,0.5340371189281038,0.6865522001818585,0.5722076547460709,0.1720318221119818,-0.06673566393959306,-0.22644413545824996,-0.34458842130198086,-0.1398504151745616,0.1374672329378176,0.2522939051385988,0.07152837051880355,-0.0754879408268004,-0.20159233357458237,-0.2863856587142438,-0.06799361923914995,-0.09169817483186654,0.0986111823144798,6
1123,4,2,2,-0.1731159773483788,-0.035214611374187216,0.3318817417283214,0.38869814862492524,0.540981608367027,0.9286750108631265,0.7625147475048808,0.28646586870498053,0.15250019139435644,0.29793111750915363,0.522116014772027,0.7637374204661865,0.90187572295199,0.9682175760973613,0.8622479833006613,0.5929861783297672,0.5353325852845052,0.6575236188080004,0.6913247468620396,0.6388318387453127,0.5307755765796027,7
1123,4,2,3,0.9598540967684372,0.8355134577476742,0.5328693039288621,0.35596552024874784,0.1249773161460806,0.24794879894718713,0.42838188658423515,0.4628552986456982,0.41365483457060914,0.4886141936691249,0.589047751937172,0.32630761385590723,0.2954489565034664,0.34904019861863006,0.24065489412745536,0.1281305442627835,-0.23168653509091264,-0.5269962663842112,-0.4316043912855504,-0.39854980730789524,0.25952138332467506,8
1123,4,2,4,0.16577437369095935,0.8373695169011004,1.1317852811183644,1.2125741508206493,1.3172127781275944,1.3119320506588497,1.644879571619855,2.01004007055408,2.0444905101005544,2.0073866492367283,2.0470720665649784,2.1027758148298927,2.132384300071219,1.8229696833550857,1.4013868370108933,1.3109989723914435,1.484652143938835,1.574320227314998,1.7078208531347698,2.0183840116273695,1.5643104931534109,9
1123,4,2,5,0.8589890611495951,0.7918418919930841,0.45840273733412173,0.2887665343427403,0.5746657197232902,0.9667081080279138,0.9995641617564464,0.8641813936100147,0.7340694456996241,0.4147460252820575,-0.10863957709874965,-0.28290590891702777,-0.17777517152130975,-0.24346780522698142,-0.1170731443796642,0.32189029284310017,0.5799600715154759,0.5270466140265201,0.18464945066146582,0.04517833894189474,0.3840399119881806,10
1123,4,3,1,1.0453357379350223,0.9651029049313931,0.6080925781061708,0.16463635126900583,0.189069488296937,0.6516293235854511,1.022730719361308,1.2791459473573727,1.4321986558405004,1.4706385014043155,1.758620241149177,1.9075266611504413,1.8198715684817242,1.574618954813363,1.3177741264598972,1.4044512532773141,1.1584426508266565,0.7453114859291854,0.7583112241490091,0.7430325801636108,1.1008270477243929,11
1123,4,3,2,0.5280630691634984,0.3456797632366198,-0.03834075227219888,0.08493529430205321,0.16863016313724288,0.03925066149496574,0.17345484837626346,0.2788713612292401,0.4295925314147151,0.7812640701374893,1.2103634412099007,1.3118083790323525,1.2066641226838524,1.2470362787149298,1.2947996832238018,1.1075394534259404,0.9316404676565255,0.8279676235229507,0.8032950310412175,0.567890865627176,0.6650203178179268,12
1123,4,3,3,-0.22061575101745354,-0.1065104357637289,0.24317657839308973,0.5115173712261569,0.7669426513598652,1.024793014127332,0.9222048230565787,0.2797994377322956,-0.11966539763907505,0.13689812249149835,0.36906060514606187,0.010978955608401647,-0.32212208794079733,-0.20717258631704205,-0.03257046239824405,-0.10362952623897284,-0.3767576844553704,-0.4897179225077361,-0.4288260138449418,-0.47105914940970983,0.0693362270804104,13
1123,4,3,4,1.6917037285086411,1.8600663272187807,2.1102411584610357,2.3154243668990513,2.0569544810571934,1.5298088234719809,1.330989488541047,1.4449123881849144,2.126361697070002,2.7825311645417847,2.5897652213761693,2.2886242121106415,2.334158996432707,2.299119711924517,2.121705269891679,2.031806641313815,1.8951332485707952,1.702037161724547,1.3749488350318833,1.2316918075919303,1.9558992364961565,14
1123,4,3,5,-0.1635198599914164,0.016431789385399853,0.22467774537768095,0.47786787440116274,0.7166061609608859,1.2571831156963724,1.8431326110829862,1.6025230819494436,1.357474401803957,1.3669159751408477,1.1477411687316856,1.1176646631177793,1.208122322762343,1.1477181665543275,0.848682015300207,0.6053209419333849,0.893576495799109,1.0067912798453365,0.7245697111939947,0.6720501522661453,0.9035764906655817,15
1126,1,1,1,0.0403701587190576,0.6015029533438313,1.0979145188097383,0.7888477417743747,0.5458531725455138,0.7887290193551502,0.7034290327523116,0.23251057262982763,0.23043885014359225,0.2618394856775709,0.19225372027425275,0.3473954374363418,0.3275777960160403,0.4937232766966514,0.5059074112969764,0.13951276862480716,0.1982262741414139,0.3395892008871993,0.10310384057372284,-0.13903877830190464,0.3899843226698234,1
1126,1,1,2,0.00146490721741915,0.5021957626144461,0.8570915270392423,0.6434458319576732,0.6085636780989646,0.8431164734887207,0.6711465201445042,0.42857231970792287,0.4097540244424618,0.5573749636912718,0.6340218867908095,0.39312650790685466,0.5043770628065676,0.7561205873467725,0.9926892163978386,0.5797706779768458,0.10106578026830815,0.25746856816427377,0.3734111438699719,0.3656740472012343,0.5240225743566052,2
1126,1,1,3,0.2131593127914318,0.5791437988114849,0.6490018097097626,0.49239390050652654,0.5866017409344687,0.6672356102851482,0.7404044962673035,0.6731978658085711,0.2943232295183109,0.03159465217215065,0.23830451830042565,0.5378004407467589,0.4785904114940991,0.30041677018317275,0.30576564343895074,0.2172927212971365,0.2930441068894196,0.3915911115167269,0.10636755146374151,0.030602388052797296,0.3913416040094194,3
1126,1,1,4,0.35107710089521116,0.3147189328458715,0.44232009650578635,0.017728876933921667,0.0883280370971253,0.484412779131822,0.2768431833204549,0.03867955473899475,-0.03744595521681435,0.0967477328323075,0.134033198894085,0.4988815879254905,0.7934546963315776,0.6548241909153745,0.6951940754890437,0.291430803708942,0.11455026570062606,0.3829990190782536,0.09576239588327094,0.19364439257300192,0.2964092482792172,4
1126,1,1,5,0.03858760568053125,0.175642857811673,0.22368037337237773,0.07612415093826014,0.1533573784185664,0.3939192571698622,0.34674777333055007,0.052720614736209453,-0.16536323461766056,-0.04616127393598325,-0.03581020443514925,0.06991767817782575,0.17258767756982735,0.25091955758403905,0.1456670897724613,0.0447975555474604,-0.0436586250284974,0.22653086603080852,0.2952512619998947,0.0570931692621821,0.1216275764692619,5
1126,1,2,1,0.2696673743457263,0.5395882393176297,0.36927321923417455,0.19741169338664333,0.08972825196443396,0.19084992764020633,0.36598627767575365,0.31899949022535307,0.04916108247161835,-0.27117061737197357,-0.11893682611727376,0.040480819122831045,-0.08547814270188614,-0.27950075716639805,-0.32023861662444286,0.0957834202241691,0.17114269622522005,0.00746905416198825,0.12738933313551665,0.08904449214238125,0.09233252056458349,6
1126,1,2,2,0.08982159949536116,0.4863996648333112,0.35159899114221316,0.29894666175177287,0.6301196918190368,0.7734496487068723,0.6352765060697185,0.49115332713465887,0.5419441666952114,0.4685206205210154,0.4182992428894907,0.0708019226736972,0.0029929952959885098,-0.007541569164297296,-0.14457495556809194,-0.03303814953962335,-0.017162910624266906,0.0417836980885576,-0.02048639332688515,-0.19948149005994606,0.2439411634416897,7
1126,1,2,3,0.3925841790667889,0.33103319615551974,0.205072534909215,0.13564375373172305,0.18238031642177815,0.00938820485015232,-0.09687721641686814,0.33314010324671123,0.27183795276915096,-0.0244299939372298,-0.015145920772328151,0.1996820932715213,0.40384437998597666,0.22076415772201935,-0.057233141769129,0.1934819457292115,0.18316764374396138,0.0241477531642888,0.29832564597116173,0.1825959107252109,0.16867017492844175,8
1126,1,2,4,-0.09563770982690045,0.14258971083570796,0.5134954356153514,0.5907723133464239,0.6318717376255367,0.17150102775047704,-0.011655528944269855,0.352808819350654,0.21894562182359845,0.1138695873195705,0.3271857775907789,0.2829023821444905,0.5162876661232485,0.5930325711610701,0.4111288401658071,0.4645835484613732,0.3824593493538219,0.20736970988344477,0.14366720498596786,-0.013210609335012752,0.29719837277155703,9
1126,1,2,5,0.1880722692408281,0.44397676792678475,0.5423831220379378,0.3400897299683427,0.2960211352155471,0.3787304440135555,0.5430384442726442,0.3850233631925218,0.28170914112704837,0.3223484840651085,0.36321916710840246,0.3489418606154753,0.13350867897803276,0.211700908980126,0.3649559632801008,0.2740244688279373,0.27531383936301096,0.5080260583072123,0.6532318884761554,0.6577221204832211,0.3756018927739996,10
1126,2,1,1,0.15977341226346986,0.36904015945371893,0.3827946769551175,0.36511728945524274,0.3685652080921282,0.2363217841755073,0.1040188150956058,0.059739723493311796,-0.09324124038181725,-0.12245750603629771,-0.11762187792154136,-0.2212604182324016,-0.27380598173113485,-0.20034749643244554,-0.19958750874841624,-0.16135039583013822,0.1715478273977974,0.1612247183365144,-0.06791469618686699,-0.0504506793397891,0.0435052906938782,1
1126,2,1,2,-0.1467819798723961,0.20549045680162964,0.1691996543700705,-0.005384325615217199,-0.16877189445367557,-0.3143757468803053,-0.14160222147681764,-0.17309751314547345,-0.1907090521039553,0.10893248685553329,-0.09608270723685125,-0.25826715809620954,-0.20918246339643315,-0.07116317794920984,-0.0030073583383019437,-0.186548455998257,-0.23023359298286214,-0.3650855581778103,-0.17427252237375385,-0.04313707445070555,-0.11470401022605006,2
1126,2,1,3,-0.36753939353366,-0.08005833379635305,-0.08909735644209965,-0.04261590260332314,0.0585860758126292,-0.20655344811535856,-0.41138292798360404,-0.026454880897730043,0.05682305277233951,-0.45603835912036667,-0.6504285456471948,-0.3506198966555483,-0.10397091383273345,-0.04880426836892325,-0.2380777740947363,-0.21385215789551018,0.004180169285411199,-0.1107029560408718,-0.2167996029310264,-0.4426940052585145,-0.1968050712673587,3
1126,2,1,4,-0.012407543550433386,0.2653171595734849,0.09395020656767405,0.12233755603488855,-0.00836220430139885,0.022874822203118254,0.06664309326563164,0.18035886718637684,0.13585294861205566,0.138702020038539,0.27430841034525505,0.029211769412331598,-0.376592929572417,-0.36042856992889016,-0.1526391752224445,-0.053813326242357906,-0.0761344625019669,-0.08935220634409775,0.0107748986458339,0.002721717423277599,0.010666152582223051,4
1126,2,1,5,0.3070840921916179,0.1407453387316378,0.13412983710817522,0.22892110581657885,0.24195277617026295,0.12184327535546279,0.04422335510120025,0.3520628740628824,0.21535139875212495,-0.14008174795352113,-0.16840164465796206,-0.1253527661678961,-0.1027425865566735,-0.17628825335203316,-0.10741108567384891,0.05257542127427565,0.08246067233864264,-0.01958010230425565,-0.27677966463902254,0.019842056940467284,0.041227717626905754,5
1126,2,2,1,0.002596002915543988,0.15319631220135194,0.3092630990078639,0.44224228851438074,0.3187864300271027,0.03523140098511936,-0.183300614143612,-0.019558745616290098,0.16370420094381619,-0.029049204767572195,-0.5160850003824465,-0.21576705178218683,-0.10316494116843,-0.24301961128972496,-0.0251448039326219,-0.0632985708081835,-0.16358082172289684,-0.3194178431109874,-0.04077502092741203,0.1282503791851776,-0.0184446057936004,6
1126,2,2,2,-0.21121529951689494,0.09740851130299175,0.5565917398658318,0.95827355521628,0.9890765184730169,0.7128336551647538,0.32220365015205743,0.3221322896099228,0.08674522623954187,-0.12360126763716905,0.1489709230079702,-0.051348757797177694,-0.033857665715671656,0.0706250450216612,-0.03402294571383151,0.0324766627567426,0.0897251404841628,0.32808014990127793,0.5686174118633004,0.38161666757669255,0.26056656051277294,7
1126,2,2,3,-0.0038271052350295487,0.501042035735816,0.44399433996780463,0.37222459618795006,0.5575930685964218,0.5012105431491072,0.205342584656847,-0.00019575511684965033,0.180941364420003,0.2871105168891313,0.010845599597187047,-0.0528574964713516,0.1407898240488754,-0.003330685170966699,-0.1521212129178739,0.04028750413071511,-0.0003238737587600432,-0.17547981712395738,-0.0648874172711165,0.030953588879046097,0.1409656101596499,8
1126,2,2,4,-0.2854615989407838,-0.05930274182992816,0.3263110274708841,0.4444121181290367,0.4141723954645231,0.3882293189477075,0.34316209650696083,0.49519323040593966,0.44427046159395295,0.053548244143867704,-0.14781978314533786,-0.0602308944599978,-0.14276190683213638,-0.2622313365794675,-0.1520581357918236,0.019241047030836247,0.1733725445605212,-0.13065564166648375,-0.41591819039088374,-0.4074101781686465,0.051903103822437055,9
1126,2,2,5,-0.061596946799827794,0.3379064380671926,0.5441931180808768,0.3117416764699078,0.40241258263133295,0.41824357098311604,0.3708950930800612,0.4893352463689664,0.38906732375504893,0.4682836467462079,0.5851234879813,0.6764931511516434,0.6833303173956577,0.7909538711670404,0.8340423915114854,0.6272481795523369,0.7257213283686825,0.5589621624154488,0.24534079851663906,0.2175145586643028,0.48076059980537095,10
1126,2,3,1,0.0021304494094813997,-0.06661265703369759,-0.022482023720121397,-0.1677185701718945,-0.4214930449221844,-0.17271042085675814,-0.1103823774619544,-0.10400260566430895,0.045164317167285306,-0.20101816803835448,-0.29354113516458896,0.277576922639744,0.6561004231070169,0.5519097462326306,0.2044500651320111,0.28537910700468816,0.3746553327544182,0.013996328229901198,0.014856226626798696,-0.050984952997805394,0.0407636481136153,11
1126,2,3,2,0.1902489523412601,0.16336951490215962,0.20918370860565444,0.012852844224573695,-0.04405336790512129,0.20020823690038952,0.24732988640291137,0.1871769152852346,-0.0313247046181437,0.008975933158141297,0.3679416025172094,0.3861280818131393,0.1540267136392905,0.17956685892862612,0.31754839552287706,0.44386419823042284,0.29168109068708853,0.1371238884930139,0.26856547461389035,0.21217939081179493,0.1951296807277206,12
1126,2,3,3,0.037394594888376,0.0885573034952831,0.07558095298101355,-0.0075148866545338006,0.015549744654312192,0.2583292625364805,0.4849299373702739,0.3194951493139108,0.053513493918753,0.16698136420256834,0.2370466423771787,0.18293181102911496,0.2000430215361786,0.21226396333994854,0.22290845138573076,0.30996272888777565,0.4685929354896953,0.23011499814254202,-0.18308376668223358,0.11344826978592795,0.1743522985999148,13
1126,2,3,4,-0.14267211538401625,0.15056735320503306,0.2878709768129592,0.24619735383525831,0.27159461472513957,0.4358569540524867,0.4051167374027221,0.165537937527595,0.1598899103766771,0.0722224497519237,0.24992581123282762,0.4738025759719643,0.25506819181427176,0.1496061914556456,-0.10571166243611212,0.02651953868486684,0.23924722705675064,0.29729417719904955,0.30089237897313886,0.0600742102997276,0.1999450406278954,14
1126,2,3,5,0.2323124296712838,0.15747722076978532,0.3414945391395344,0.1993827765422549,0.32981410753088025,0.5209958772962121,0.5880927680434924,0.5006614705337188,-0.07118989864673833,0.06905544155123,0.3878590846510764,0.1671989446173252,0.34750618164679936,0.36808587541910415,0.46275173529870633,0.4701160125293421,0.1915921620218935,0.3515034681544787,0.4058867335337938,0.4437174046033604,0.32321571674537664,15
1126,3,1,1,-0.33841791834406343,0.06935330192847791,0.13668390028820135,0.010946085767865696,-0.07416015324638624,-0.060761982567130196,0.03873738076880855,-0.2568586060582167,-0.20706373342872553,0.028914897139080003,0.0566310885772521,-0.056723567889674,0.283634752560773,0.5138868721026941,0.2651471515285273,0.1825838956374794,0.23824857061502036,0.2279272757482741,0.06878660256609605,-0.04473297062063195,0.05413814215368605,1
1126,3,1,2,-0.28392224574537417,-0.13676343073124003,0.04181643328150994,0.2613605863549919,0.24929255112119403,0.15732280672572097,0.2226063301355475,0.5073811949319594,0.1874095227746153,0.04995457114246277,0.06221103400064154,-0.11155696452378759,0.026592335647780498,0.007322618561047052,0.10042569829511036,0.10399635273097704,-0.09580946239811945,-0.15556038368067976,0.3250033386813586,0.3949301130512739,0.0957006500178495,2
1126,3,1,3,0.22127347033605074,0.5560933751886281,0.4972621676094112,0.2479216704381796,0.43550666580773456,0.6389707233647299,0.2278582170342201,-0.061574633862131245,0.2235212843273689,0.18510369198481924,0.1346285238824605,0.02811097005739195,-0.05792886764885209,0.2692224952319503,0.38100400607921947,0.25802910585319855,0.008525776893949302,-0.3120644129629886,-0.1182297792528005,0.4805948790288764,0.2121914664695708,3
1126,3,1,4,-0.07515905804198392,0.2645332820894538,0.1334798307006461,0.02805999229502795,0.0337388285709682,0.16444067985281055,0.31920035477478903,0.3877151710469658,0.20481718197724902,-0.055938784918907206,0.0912240197995969,0.3072908146613643,0.2279939444513858,0.007018383552636398,0.035207662496392095,-0.13516544749113846,0.05409812000959924,0.4025405379504837,0.12294760197539109,0.08551895803262549,0.13017810368926774,4
1126,3,1,5,-0.1902040881179684,-0.21042740484360184,0.058959543604273745,0.1578921317983247,-0.07640957546629551,0.003723880805820451,0.24297881842155764,0.1880583318025839,0.08513504923937529,0.19456754951135535,0.12097942593657579,0.2602018281575064,0.6655826612993412,0.5445311957798529,0.09423291815112894,-0.08251778732842305,0.0241522289344245,0.22372535648601077,0.13500505283370695,0.02560694520356865,0.12328870311045591,5
1126,3,2,1,-0.07406488320033175,0.3435222679555491,0.6037740441330971,0.35283748331705866,0.21469032817686062,0.1739854158018566,0.1201421047074209,0.016608564687009504,0.1027644098014443,-0.1614882890704445,-0.45326835205607396,-0.2135825176054428,0.07936396306528398,0.31294051199579476,0.28126273834556786,0.31716103870238493,0.4255351988535526,0.25374723215480915,0.1421661236490607,0.0848778998462886,0.14614876416303724,6
1126,3,2,2,-0.08433543471434066,-0.06624805050268,0.04034584610398365,-0.1981991545144018,-0.3470752441024513,0.06677759457345704,0.14596600364817736,-0.2436539470366133,-0.18193445756369486,-0.1168729769872526,-0.325818873908011,-0.024675666468523177,0.19302209654883595,0.3094217617882487,0.4629754742453121,-0.025916437063317144,-0.4250890476507411,-0.09343879994511228,-0.03752317560263525,-0.07645837039662215,-0.05143654297741905,7
1126,3,2,3,0.3574595972000298,0.43532173835794535,0.4433158386599455,0.09788493183759187,-0.02363892309100705,0.2583905889693747,0.13377682643393374,0.09556312269801884,-0.005372769371486813,-0.06857209678171206,-0.08453789938150885,-0.30737094046060415,-0.19081589482021724,-0.0473677107305589,0.13468847262687433,-0.07407056056297175,-0.4867040424734339,-0.3286916495383985,0.09053182887685815,0.002521812074903096,0.02161561352617885,8
1126,3,2,4,0.016168000490846893,0.16797720462705246,0.2410881965435046,0.19195714486184895,-0.008888245686365849,0.07519389713219164,0.246506537021136,0.15938034445688234,0.08192320359686214,0.022637373136529054,0.0670159808799409,0.21796408846941195,0.2015047963508691,0.34952443932722377,0.271179110966623,0.2638045472872702,0.4537049314001188,0.3031740673208582,0.19234694589559645,0.06690038624412716,0.17905314751612633,9
1126,3,2,5,-0.06376319119904515,0.5272526680783004,0.8054757123357565,0.5606851366191326,0.3338161603979977,0.16992855907916143,0.5411482490439736,0.6113565652410237,0.5268282933653106,0.7484317520530616,0.6849390643532388,0.692207730683185,0.5243071968738091,0.39807475992569674,0.521808449112366,0.5956155156550818,0.2648152257054879,0.16534671472343276,0.48595807672849556,0.42350683777068004,0.47588697382730727,10
1126,3,3,1,-0.3429796895526813,0.1768123095000077,0.7328100829472295,0.6048310846986598,0.3897334342967426,0.38316068544795456,0.2227160840905211,0.16369264551477916,0.0872717905218966,0.040107369081224156,-0.10405223744222515,-0.22659625011197249,-0.1781943814276702,-0.2277366088572378,-0.17176146537748024,0.026190213092024045,0.0841321578885329,-0.017758415359342198,0.00737262556383915,0.20086708601079384,0.09253092602627974,11
1126,3,3,2,0.1113124164327953,0.8431586270165885,1.2509595847665793,1.1628804642146062,0.7823564465532671,0.4380384403858255,0.33255245739756834,0.1605965039677989,0.3787141626139144,0.5543130687891886,0.30703437809947104,0.1744697938974529,0.19682179213131346,0.3114459486913219,-0.07858621446650316,0.0717493431545369,0.7416559850125297,0.9357727769377957,0.9913279994585893,0.5062057681266869,0.5086389871590663,12
1126,3,3,3,-0.2073057843091456,0.2187431211977302,0.3996251851289075,0.29168534760152204,0.40810999544399956,0.43946329936618067,0.14145042929658755,0.1655763131664282,-0.056534568598443746,-0.13627705869516377,0.38106257676589644,0.481620093772274,0.1742246728927202,0.1168371430428023,0.2052606640307122,0.12403869743047259,-0.00915967923888085,-0.016276663518171898,-0.0230998087879363,-0.06641691832716635,0.15163135288306626,13
1126,3,3,4,-0.05649397313917526,0.2914189638652053,0.2316664109171005,0.11810040151233464,-0.11064511106099094,-0.15486733661159172,0.04753760793280535,-0.18965583891415724,-0.12348413798651234,0.1075986588736559,0.19446332879999687,-0.21866275754222347,-0.4853944118716619,0.003543916419430665,0.4584809344585072,0.34294985490243385,-0.07391720614580474,-0.1017671412482497,-0.006414767243943499,0.0443748107322589,0.015941610332470896,14
1126,3,3,5,-0.24485932106074326,0.036905510063602195,0.14036760770750925,0.18981119841453747,0.12028640166000015,0.00801374592169205,0.057793198215554856,-0.03880482975778041,-0.20388694405092206,-0.25738992753428486,-0.03541762843322421,-0.05502805878253711,-0.2166146469630832,0.04036221204863935,0.01140922876357775,-0.08672592658516766,0.09954757379362744,0.2728698008973665,0.06422228191985326,0.01736675871721874,-0.003988588252228201,15
1126,4,1,1,0.22519899578546781,0.4796646179062526,0.2253673479255267,0.2502084223932259,0.27725125266848044,0.02798710282759305,0.2493710723427225,0.3344917037069677,-0.04228657843699969,0.035857747689432284,0.03331799829379936,0.11222736755598745,0.19554779910134448,0.2180092086990157,0.7355906737243438,0.5869311554169092,0.2410997021906241,0.4327159865965386,0.4240547627643409,0.452320804249423,0.27474635717004975,1
1126,4,1,2,0.0935824852244195,0.28878138268160936,0.49446230658407686,0.16864011438836246,0.139771652722267,0.482362646402717,0.30341763212193806,0.11267333753360378,-0.09287231757661994,-0.08264512536487201,0.3447856445696146,0.36100326269344535,-0.09756919029051465,0.008039369685556852,0.17755437618768335,0.15774362155717384,0.42615061292373746,0.4767481421082387,0.36187228526829385,0.09726163409106844,0.21108819367558995,2
1126,4,1,3,-0.010596527169126901,0.2236885958684165,0.4547515500631353,-0.023537943068481365,-0.34287619947549886,-0.3336244998807326,-0.29430107793027327,-0.16068624624994035,-0.1390258737500947,0.0918860396312195,0.3223050465888332,0.28100316907192663,0.06877281662117521,-0.11808937744616785,-0.1535091686422112,-0.2629209530023977,-0.4254175625534543,-0.37965879078036074,-0.07364997362310191,0.205941467240908,-0.053477275424311355,3
1126,4,1,4,-0.1225636545719879,0.2817869284553795,0.5796217911622048,0.7157859342228,0.6076957287619322,0.6461717507670264,0.3649344502704657,0.2753757627173016,0.6110901698157103,0.2695691824306888,0.3621673162620223,0.6609712656393538,0.6363205515113894,0.6442097985316904,0.46246426178665206,0.21385491993732408,0.3829712551841062,0.33221873956931564,-0.1464604921256225,-0.10739337832468335,0.38353961410015347,4
1126,4,1,5,-0.08886382775539114,0.12800468545616972,0.21423646327105916,0.06408140257022739,-0.0482915176451662,-0.14413139519566465,-0.2169905504223171,-0.29449732144051577,-0.27264189814402845,-0.2845371847531431,-0.10920360370941981,0.172942271025703,-0.1944207436636838,-0.2602594981293612,-0.20317019695574895,-0.36220231876094044,-0.2346046778864762,-0.04841184190971935,-0.052321944806113,0.048679348545109094,-0.109330217515471,5
1126,4,2,1,-0.12543187596697605,0.1383475772209825,0.25122129393524617,0.10856186370155585,-0.12478312410427445,-0.24720869102119997,-0.6586348196273485,-0.5459966135299936,-0.16675387316232326,-0.2416285915620544,-0.1566245597222227,-0.0472523555242136,0.009452290053673103,0.010076615205394403,0.3096457710461168,0.2526779982560955,-0.20519341000114671,-0.1027594065826689,-0.0319407134400159,-0.17830445922955718,-0.08762645420274655,6
1126,4,2,2,0.25078165282848713,0.5881761986191607,0.31032877615333065,-0.1021030261462663,-0.12978957425859589,0.02718646057877185,0.10496620526672859,-0.058913175202864806,-0.043872053764299,-0.0680533304023688,0.022801478828795158,0.03646906211685701,0.01754421653555545,0.27674073556222534,0.07248804118082125,-0.11485930607786105,-0.02630881953312745,-0.06871797932321344,0.24630821296103422,0.11959366788789758,0.07303837219055336,7
1126,4,2,3,0.5748051228155,0.9373903714941623,0.6210900314905081,0.22799478777224655,0.2913051699515893,0.1781961513819044,0.275207489931365,0.30536278625740165,0.0319017546431569,0.1206664482661933,0.06342970505561445,0.1915290178706294,0.47164842392762274,0.43892751416075126,0.07843537819008314,-0.3368501008824943,-0.45085335210729116,0.007212715170899581,0.26082177882320506,0.28055118213855,0.22843861881757985,8
1126,4,2,4,0.12291871834576987,0.5011320596305874,0.38253688095591853,0.6318329604867321,0.44144238071116243,0.17087457848796467,0.0916108333213823,-0.186549127682566,0.12759354728269323,0.21727503665321352,-0.18121480396633804,-0.5729746978889386,-0.22781804842358216,0.3986878383280773,0.1839654129976288,-0.0758117833060784,-0.41246461396143735,-0.5208041927123174,-0.11453806215584444,-0.06655698387595031,0.04555689666140385,9
1126,4,2,5,-0.3231921690948575,0.11783669609154934,0.377436048476993,0.47498119128427996,0.46792195093211386,0.045988234023843694,-0.216367247769297,-0.2766846930690174,-0.11768316239593962,-0.06223565573685362,-0.19425879277312708,-0.17359185734509192,-0.27585969980559455,-0.1865827072507498,-0.1730905250659694,-0.5132175645760026,-0.5100695865530818,-0.4571518244348794,-0.6743055264203014,-0.3027244756966064,-0.14864256835892944,10
1126,4,3,1,0.08302968511642,0.34457127049981334,0.43250587829124,0.43973138900980246,0.24373793448920894,0.1115280585169139,-0.09761361221706549,0.04274198636123029,0.3801216040497535,0.3065891874077184,0.0555309453065739,-0.09182254817947516,-0.01791170868826955,0.02349975791936765,-0.2268423739863373,-0.2507464096022442,-0.3705076035828475,-0.44248610818949013,0.0005367599859050498,-0.042540408163660254,0.04618268421722785,11
1126,4,3,2,0.1139558530645926,0.3400440655056597,0.6271048919804416,0.5529863473575803,0.45587292986757694,0.40323348211040966,0.28213443747827993,0.14856055004726465,0.24872657415632407,0.5834566588285496,0.5467589050431303,0.3311419415054069,0.45307309301689147,0.2170835805843695,-0.19139678033242277,-0.08481851686812916,0.16086345667517904,0.2901681914332911,0.47715436579784787,0.169283022125936,0.306269352468909,12
1126,4,3,3,0.4357665050414977,0.7074095093429791,0.8341894576910202,0.7786864742103488,0.6425613401040046,0.8196893330690455,1.1813132488633078,0.8860783344546233,0.9752581356383989,1.2012701827738104,0.7544807261119694,0.22550572762814178,-0.10897553625210515,-0.17471288590705475,0.03272059484149574,0.40321805890245166,0.22592350860632204,0.14185121297058026,0.33533650310364155,0.24192918512976086,0.5269749808162119,13
1126,4,3,4,-0.06611012003252584,0.06372097049340335,0.3673931358905721,0.43565411418682526,0.6980074532959284,0.6228035566906333,0.4636439584965337,0.3281713557892355,0.15392264433942346,0.18322813113984318,-0.1278864700981618,0.04468229544461705,0.1617862946223225,-0.036106815941197405,-0.1390502438389478,-0.020690032922387747,0.2850355673673436,0.20090867302770343,-0.19200179884518526,-0.6194460636929546,0.1403833302706512,14
1126,4,3,5,0.343992661301608,0.3992175932767945,0.6437082177050453,0.7869737515937075,0.6398993297122497,0.2840546439495232,0.4753119889437832,0.8331992771043912,0.4610844751915355,0.5252882142538325,0.47075530281458766,-0.14714546007295237,0.0055852745288552386,-0.28686009792310585,-0.6424488736966224,-0.3609608966902506,-0.43550983155015666,-0.2283626139594939,0.1806831554135584,0.16749231037979334,0.20579792111383416,15
1130,1,1,1,-0.332301091947739,0.19911255961602828,0.30710074641372676,0.044977301165044045,0.0020734493623354028,-0.13574322248207404,-0.25583940601280686,-0.27170504486248537,0.11489260562630405,0.36964251818149013,0.20147591100836035,-0.14449107990056254,-0.4702264462139681,-0.36404855453854934,-0.2560747536063148,-0.412044805660219,-0.6912587122627998,-0.7387827213898168,-0.49800242877507217,-0.2503968788503993,-0.17908200275647584,1
1130,1,1,2,0.22558901082952854,0.5133210214177198,0.40235111210653457,0.0945701357329768,-0.3216128670323736,-0.33924188372964253,0.1036085448392786,-0.39235380232068756,-0.6443574584749259,-0.7887791215495014,-1.363835671535322,-1.4638533461652732,-1.2986273854608488,-1.1107646391231754,-0.8477065534580406,-0.5510331997142959,-0.3914008071600081,-0.508958690331446,-0.4081652267448864,-0.1301992457492627,-0.4610725036811826,2
1130,1,1,3,0.48975695730429436,0.831228207914674,0.8253369717519182,0.3691602561627963,0.22555147172784384,0.17591277453159843,-0.30800466353533895,-0.397163125704612,-0.07285403332274959,0.1849279535734323,0.3122607967001873,0.31639206047499113,0.17879780153569153,-0.07642743773504865,-0.2563093374035239,-0.5226029630693177,-0.6731510343258564,-0.5474389235633718,-0.07751344545210861,-0.0675072780535921,0.0455176504755953,3
1130,1,1,4,0.47376847241708464,0.6743331983859651,0.852864517394128,0.9953537438828566,0.8497171742740559,0.5039927124122511,0.326269651585313,0.17872117463597964,0.17629739759780125,0.2915444679469603,0.5025149905045869,0.4043927776101278,0.1200991101615917,-0.253631031756807,-0.5274907626197807,-0.7217066471077895,-1.0972585001983841,-1.094265737602229,-1.1661420497247457,-1.1639822467016665,0.016269620654864952,4
1130,1,1,5,-0.02080894810384165,0.6309840329176463,0.8377904108894572,0.8242971713981389,0.5318866680523446,0.007606162194048652,-0.27708336339025,-0.6010886171282274,-0.5496320367348175,-0.335311678633917,-0.4003347792787232,-0.1888756425246049,0.13219784572339696,0.128739262401185,0.2085870569019779,0.052890670357156555,-0.16281207596984104,0.059141485427537895,-0.16173552004327568,-0.3428537702174329,0.01867921671189795,5
1130,1,2,1,-0.24532726630930923,0.25099176252098426,0.41255695064543835,0.45144725651980633,0.35470696772116145,0.20993808400820516,0.19988447020865097,-0.08379135645709526,-0.4386064468971831,-0.30905144480785673,-0.28816348919259366,-0.34794611790358065,-0.0412857451540235,0.32503046610987835,0.2545666687569337,-0.04728143385721755,0.031631051229356846,0.3665327288107505,0.7678957399085905,0.7850063802068403,0.1304367613033868,6
1130,1,2,2,0.21515243444624993,0.2162244282991005,0.2566123056525518,-0.48726522199696776,-1.1330999482863284,-1.2102928840600478,-1.4136011316728845,-1.55686075625571,-1.1619951884492865,-0.8102579623333175,-0.6140000873642053,-0.4688316327145716,-0.5019459239342776,-1.0659971566109436,-1.5722641353992444,-1.1731907945948277,-1.5078471567730836,-1.6453841845403283,-1.5794466946418995,-1.756345199549221,-0.9485318445389622,7
1130,1,2,3,0.3547578630343852,0.368480411330251,0.4698503854616783,0.2360405108030676,-0.11395399636241088,-0.2508160112763788,-0.2269658441489909,-0.0790435033895578,0.02147615245215355,-0.3175219582370683,-0.45860269617002136,-0.6576980311555378,-0.6929539180466933,-0.468956560181607,-0.6717372200079307,-0.8083383118835761,-0.5937701698880253,-0.9429566701542442,-1.3607836746308952,-1.1942012414751715,-0.3693847241963286,8
1130,1,2,4,0.21472112173279434,0.6487533152701913,1.033015415613985,0.880298087216502,0.7440437135740574,0.011977467582409307,-0.2547382836448123,0.0360459879285576,-0.12472326740908989,-0.15314228759538814,0.0357756479047738,0.05076266274756545,-0.16450213866444988,-0.3736588011747679,-0.7197210741566546,-0.7089693977536479,-0.7137025434506852,-1.1499987527658204,-1.013073074333155,-1.0488914680270416,-0.13848638347023384,9
1130,1,2,5,-0.36901826904436724,-0.30313390348467817,0.4642628519284807,0.7167178399849563,0.376492075790235,0.30350123639225796,0.5571424876419373,0.8877309795080016,1.1901583723900306,1.3340561481996582,1.359531295943742,1.6845829005189674,1.930379495507501,1.0145129720063317,0.4482583670640958,0.6638908448893792,0.6394506378296503,0.7049925683826732,0.9091303544685687,1.2822578392833812,0.7897448547600402,10
1130,2,1,1,-0.17139569005843505,-0.14802014751780165,-0.15026816306282945,-0.0881657827576796,0.0626319704452547,0.15843326537025834,-0.258439046589415,-0.4099856187161454,0.013206796284238695,0.07304405877646755,0.01780856111810955,0.03934757735761385,-0.0848849666820368,-0.24895209106503785,-0.2832359402961966,-0.19873913061095771,-0.09731762976309366,0.006406681182519601,0.06863637742513504,0.002002455622992755,-0.0848943231768519,1
1130,2,1,2,0.0699421084881885,0.40431408204273034,0.5413455004216968,0.3049827333108774,0.1532381195162232,0.14893310216310202,0.16366767679923444,0.28641646620350364,0.34019804638861495,0.382058407612502,0.3309560150396486,0.36247836385865734,0.2763981102371906,-0.02337078265156675,0.1111583036031852,0.218403164899514,0.06087239753555055,0.1263405539229825,0.12839331035722576,0.16500508939995565,0.22758653845745086,2
1130,2,1,3,0.8449960023675677,0.9343685487615909,0.7592849437659426,0.6896735853477318,0.9245738869718898,0.8057334566497617,0.8103941990966825,0.5679811279987266,0.4611468425377744,0.4516205293022948,0.011202200017060751,-0.11087276811565075,0.28060572558882557,0.380085171437182,0.44947078828282944,0.44183126486561997,0.3891644424528343,0.48154912160993013,0.3175214257144114,0.248570456621297,0.5069450475637152,3
1130,2,1,4,0.31143093103158287,0.2787711481281975,0.1608502407848284,-0.12607486264471254,-0.46128923432465807,-0.5819236053126636,-0.30670945517070375,0.010595285745006247,-0.029355514678348654,-0.133479751350427,-0.1065326505506423,-0.1384120585400804,-0.2921186998416632,-0.3947278590032166,-0.17934208195587104,-0.24502409602751854,-0.3679182471409346,-0.3924094912814756,-0.4374318136863504,-0.2849748655636428,-0.1858038340691647,4
1130,2,1,5,0.07847045412347375,0.2816096226973626,0.37340490645931657,0.2268592882523236,0.17544621490947895,0.17798721056953665,-0.09775262207273386,-0.31988436263006026,-0.35783893821395707,-0.44526959327388776,-0.35338722512006737,-0.03757515276475345,-0.1991641863400043,-0.15276427194457837,-0.13276371945882814,-0.30797695525764623,-0.001614905787621454,0.07015524671158309,0.13515700045112605,0.09630119097452411,-0.0395300398857706,5
1130,2,2,1,-0.3742953663019797,0.1605053569767348,0.1939829996292593,0.1027419073262835,0.2143287068713586,0.012854403362102952,-0.15061168172128947,-0.15402573309088236,-0.052294262973717504,0.0223862820441239,-0.10276767005873885,-0.1336838057779244,-0.2303681138634609,-0.40889206249140947,-0.24927329506718085,-0.20777464283935287,-0.255460267033297,-0.1829819141970438,-0.1869902641505789,-0.37085827644093616,-0.1176738849898964,6
1130,2,2,2,0.20506348042194725,0.30981642058888564,0.14256607997641824,0.12636135251724334,0.11445698447549245,0.0901844382447092,0.18966769204541006,0.32035747761205113,0.1113990711043166,-0.15741500366127364,-0.3570509855590238,-0.17185277277515315,-0.08036472779965113,-0.3099303895832146,-0.18337370157383634,-0.32562115786232226,-0.6094552439506671,-0.798046756366905,-0.6063833196239206,-0.2726996811358589,-0.11311603714526759,7
1130,2,2,3,0.13915902354401993,0.241926606347829,0.3179578756757269,0.3630988216969784,0.2719249584113361,0.2966948455499172,0.37710836811137893,0.2419122188944533,0.07549574542152745,-0.10586956705807021,-0.020101035846809806,0.14467214092284825,-0.1847363383512218,-0.3457607792697467,-0.4633180810362666,-0.5212917756303012,-0.4799740507012995,-0.728686558640208,-0.6386882718089228,-0.20699796962535466,-0.06127369116960925,8
1130,2,2,4,0.1387006685290625,0.4633474313138765,0.626256185935838,0.5003375673750462,0.35195141291768467,0.10421954874376944,0.16897180984896334,0.42392982191263073,0.14174104244883118,-0.01677525436019181,0.1357789734713018,-0.1281510612019983,-0.14270008090503233,-0.21755577789940694,-0.25180935659189513,-0.1313476080604758,0.048156421475856095,-0.12859269507430107,-0.43997804024229126,-0.3173248294514137,0.06645780900929266,9
1130,2,2,5,0.8993426650169583,1.0902050589990817,0.9200980770007645,0.7658693222213604,0.6583196633537715,0.503377589378853,0.5173748163748061,0.22142319863225018,-0.020111335572092798,0.08811811960552861,0.18957983130160133,0.33785779420923356,0.4480298688825157,0.29905647409373876,0.3408087725047329,0.4350294041284761,0.4225667887071448,0.4953898206067846,0.8059396846542491,0.9971660989045984,0.5207720856502179,10
1130,2,3,1,-0.4666754658469823,-0.2419247315052383,0.02464321577581135,0.14661883038015616,0.08302664614237355,-0.0107628558697433,-0.1037580370477491,-0.05695092482649174,-0.0790071351415121,-0.2278289495310606,-0.3064176984245806,-0.31921587242487287,-0.5999498671810614,-0.5433710945085413,-0.23788351161291504,-0.35045555363703174,-0.5445628371407301,-0.607405189624806,-0.5498435358094214,-0.6380658855852075,-0.28148952267098015,11
1130,2,3,2,0.21141338590749129,0.4700104458795543,0.5622120004764266,0.6533358569364227,0.5112704651313196,0.48454233871829655,0.42592558651948453,0.1394804978380853,-0.1481240087480735,-0.40196688765424055,-0.10513719853724565,0.1215225020382174,-0.11255795874641211,-0.4448327611672608,-0.7363326549876933,-0.7202433204206683,-0.7401793581208753,-1.0302213335127344,-0.7896485817161331,-0.30028946840276116,-0.09749102262843995,12
1130,2,3,3,0.13367950687893015,0.36785876577598475,0.3660602155445981,0.4174515815332056,0.5060152620905678,0.45253348779181324,0.2545264120469891,0.16578885603638116,0.15016001009591118,0.05050731942537485,0.053798269669343896,-0.0798760296231047,-0.25120146539616856,-0.12836564655586263,0.1412920841317637,0.38495204693384,0.5182733312453646,0.6611385875765421,0.5582824762996663,0.3694629118853312,0.2546168991693236,13
1130,2,3,4,-0.0104616948214652,0.15120651002295882,-0.04624046718210181,-0.48060821260841097,-0.6963092816100521,-0.5629980261965525,-0.4139978084707675,-0.27951203233229505,-0.2577490616008968,-0.226016040713555,-0.1691777885917189,-0.19823209399489033,0.014691173876131346,-0.03492780691088006,-0.28346703741807444,-0.16832562762395178,-0.17248357534747094,-0.18546033726648345,-0.24627818651468006,0.05518479826828221,-0.2105581298518437,14
1130,2,3,5,-0.2363625985486319,-0.054419863780819595,0.05532603289503045,0.06922493865991985,0.0364928651601411,0.033694159873048204,0.2130288886627773,0.164523931720807,-0.11095178368556574,-0.3377692625525349,-0.38284080780523266,-0.1616707455994879,-0.325659545182747,-0.3008202303459221,-0.18463777258831388,-0.33259904872541635,-0.15194100753015943,0.00995350970744625,-0.00429916957662365,-0.12079171814929515,-0.10612596136957896,15
1130,3,1,1,0.03955097433362667,0.5086787522516549,0.43016159796738135,0.4327347423004719,0.47683418680378564,0.2653073567252887,0.3817777958844919,0.39822351247654364,0.19041889495923742,0.24362415043461305,0.32030275786239726,0.510423259146022,0.37870650588326127,0.3960404166201088,0.5500973520387562,0.2231802236544662,0.0631894402964685,0.23160241005675264,0.17578196094027593,0.01146965608650255,0.31140529733610534,1
1130,3,1,2,0.0844228582606831,0.3641693288290935,0.6181563220931889,0.5293134431520239,0.40064275360848356,0.3223264213569139,0.09505007315806874,0.10322917609931705,0.19366628052939566,0.28570423018009383,0.35367206000088935,0.21277813653298555,0.27708795773730344,0.34455284731345115,0.076730225795925,0.07083110210653674,0.15209529721470771,-0.0203154782254996,-0.1438796786170782,-0.2186099224930336,0.20508117173167245,2
1130,3,1,3,0.11159105670349274,0.35855266337496383,0.40760246061512617,0.38035155648685326,0.3358745001848587,0.21848380470405615,0.1902385547354488,0.1336725610265495,-0.09708129271340561,-0.26170521591853113,-0.2172174198188469,-0.19866648151529842,-0.2414146105585081,-0.1270048051609616,-0.3020864755026899,-0.665544033792568,-0.36055028073532297,0.15398094621158884,0.09547682511975425,-0.3119665980157325,-0.0198706142284586,3
1130,3,1,4,-0.18911186510114494,-0.19072887156325363,0.12127710574660085,0.1727883566624288,0.06793342241520935,-0.1964584144401954,-0.23566769249115865,-0.24468152999917758,-0.2677806817824567,0.010962644557539244,0.22317203098451693,0.2783848927511946,0.008637484382880256,-0.21808096715626274,-0.022750105384341954,0.0415937188905796,-0.26837966942294683,-0.6648286411166296,-0.60791162281102,-0.3053249203266621,-0.124347766260215,4
1130,3,1,5,0.22206144864255037,0.46968960100653045,0.44409358962121914,0.2675217235097861,0.1475655598486344,0.2723865908194237,0.22129265241229995,0.0950668074353098,-0.0026046346796693987,-0.0984448431054688,0.1008645498604336,-0.1430714673256347,-0.27469644666242504,-0.0023794310573242022,0.15353952975330315,0.1392740807317602,-0.07320058613731406,-0.22011272428151596,-0.4007845696511154,-0.7081421101120573,0.03049596603143625,5
1130,3,2,1,-0.030084507271061448,0.20045933047531617,0.2776638695965022,0.24136117955957564,0.1734359656372727,-0.08115105898250091,-0.3859396653741361,-0.4491438694504898,-0.1923929193776915,0.061320483136833956,0.020171698232818697,0.02296674676085724,0.1030917369856829,-0.0681102030641538,0.03444195665106686,0.13074280879544964,0.0762711718866166,0.1743578695786938,0.19330839821781254,0.17862321695771521,0.034069710447609,6
1130,3,2,2,0.09674095832645235,0.5278748340332529,0.6743574468028511,0.5046993304142217,0.06390469356179215,-0.1621746348787291,0.12396776928925055,0.23619119988718107,0.27520168163648007,0.16342170560632185,0.18910876680560484,0.19520236744235844,0.021091379463215897,-0.10977548661072035,-0.10506645140212015,0.08912387664602435,0.1799673272610968,0.020357709758255196,-0.18883322222199064,-0.23993869557607223,0.1277711278122363,7
1130,3,2,3,0.025148079878484858,-0.0012198928325606456,0.1513757894760415,0.16661272041190295,0.0944882346176275,0.1023964776754046,0.23488571900839328,0.18741480216704165,0.06408484065281986,-0.13820022218072053,-0.03604779245142929,0.1399745675541256,0.2944122544742259,0.3276917597676009,0.024796664659372303,-0.0477060385001179,-0.0683156780898804,-0.274140594386583,-0.03786786369508835,0.15985404459578073,0.06848189364012205,8
1130,3,2,4,-0.06349404746275635,0.025269144363987896,0.09772202072105975,0.1110623699816888,0.17126598898543516,0.13572549523946856,0.0987826081179216,-0.1598946537605311,-0.26471290823158095,-0.14010658553508584,-0.1327854050489119,0.1346503506469078,0.11443463006511444,-0.008604912015600596,0.12921693362318776,0.21104251472586735,0.2118907035605005,0.03290203672804135,-0.1376449899541311,-0.07853061355565866,0.0244095340597462,9
1130,3,2,5,0.022584109403416243,0.16991970999332628,0.1443543026057965,-0.032796053391508546,-0.0419498477844815,0.1222196571074134,-0.08020351953217256,-0.20331037209544245,0.0436143069438763,0.010186243858258198,0.07064796667644026,0.27582215036240554,0.3797916257604784,0.2214963942584533,0.048903666573426145,0.3345843703537624,0.2986496910908536,0.0874200798098809,0.23400537719449735,0.12080029013792705,0.11133700746633035,10
1130,3,3,1,0.03725263642992155,0.47512895778511544,0.3243003850163292,0.0645104570426771,-0.0042616192708701504,-0.035561054095344644,-0.0493090812351278,-0.01516798700102855,0.18356741767054605,0.1503938856567273,-0.0601254559299848,-0.14238219381800915,-0.0782487332681034,0.08714486977717595,0.17044391526601854,0.229854598109944,0.09554779224497026,0.2016039409873318,0.2240177265789082,-0.1521999531632348,0.08532552523919809,11
1130,3,3,2,-0.06340923453308715,0.3802623190009922,0.4783638815684971,0.16394424588778314,0.0681313700461042,0.038158755076691156,0.1801934797493911,0.1600648995303063,0.0454691645275038,0.1907215854746723,0.18971482080756472,0.04882284377666765,0.13393186115067954,0.22521263325468055,0.2022628454983874,0.2881247124925772,0.30808542258973537,-0.0453907412409999,-0.0880545307093428,0.19028562856504838,0.15474479812569256,12
1130,3,3,3,0.16618579614634746,0.5004761985304196,0.5225627934277418,0.31172613668228355,0.2603853507860727,0.29313005493520816,0.4389698908315919,0.47543265119622946,0.5122481484953422,0.3329783555409672,0.3077016577248087,0.4996774873082101,0.3170485565474682,0.34834533697008563,0.26975061491609775,0.06899528703939815,-0.015328847315786702,-0.11165679198625486,0.006698097328081402,0.2045963669205956,0.28549615710124543,13
1130,3,3,4,0.48202667328760135,0.7288414033630715,0.693894987403771,0.6590774230033805,0.5962460275277797,0.462808285613637,0.605621610647207,0.789752324511221,0.5233543293855776,0.25684831449807455,0.34039585339714007,0.28936298541527555,0.12418415061198605,0.1371631826764099,0.3166934774342737,0.37618135643484535,0.4299020596676504,0.1284091776281806,-0.03211259287430654,0.4297932340505748,0.41692221318416756,14
1130,3,3,5,0.511639367881696,1.0952797413812774,1.0732670314038204,0.9604320682824112,0.9195030383795153,0.6619317677389102,0.7472000010214613,1.1006231773248123,1.105066677567807,0.8393728919054536,0.5719086502044092,0.5248723312631571,0.6273373325786464,0.5195149067472563,0.3846523927223521,0.470227534509258,0.22219534583254041,0.10291663461026856,0.3705296861032019,0.39057542770314524,0.6599523002580701,15
1130,4,1,1,0.3708080627202279,0.8564283605461331,0.9612167003420498,0.8848495080790819,0.8414272111303238,0.6429731328986936,0.7180258812113934,0.8282656892967122,0.6643966793993756,0.400920221553815,0.3467452385109515,0.30344504730797095,0.09923855173469495,0.31269259005467037,0.5020280302971462,0.4667878758832531,0.4331128370372451,0.34382687700014714,0.4705907347519429,0.643787734477346,0.5545783482116586,1
1130,4,1,2,-0.12325152856322699,0.049058888837652054,0.3289409293036041,0.21380684571783215,0.017869445337527053,0.1758655407079081,0.20423910118383834,-0.0104538837909593,-0.01937990475294805,-0.009052923724262,0.10634818339661001,0.15876411624958606,0.05507898679650345,0.13868190128517005,0.36152780837846615,0.40137718492854896,0.40756167889774053,0.26832398846525635,0.36641284722822065,0.5074333294425011,0.1799576267662784,2
1130,4,1,3,0.23843610178939062,0.47912269741755564,0.4297257582662407,0.35429979942385703,0.44738766036152205,0.4970615757050331,0.17527449443099472,0.10955667462828501,0.21892448585031676,0.29572131345486097,0.33424777942946104,0.3705381266942081,0.5700145747748431,0.5253248918168849,0.29065325277986814,0.3858288879580655,0.4713046533637365,0.27445744366213265,0.29657495749539203,0.4138084586278571,0.35891317939652523,3
1130,4,1,4,-0.18872283891470265,0.09977711226736169,0.11907254851519304,0.0236587935302862,0.056344463010767905,0.12886229878180885,0.24063913831198724,0.4468158346855626,0.7674251788166222,0.5478442633667725,0.1571330226924795,0.10395896625400025,0.2220680776603459,0.08890046988510804,-0.1348678210759453,-0.22262681947735208,-0.08691353647549425,0.1333856947222213,0.1890880082723438,-0.04236384085495065,0.13247395069872075,4
1130,4,1,5,0.11370376428595186,0.2312059067918709,0.0572401265830544,0.09656424845447384,0.519109210566154,0.4610486096661051,0.1601574239417189,0.05385397003429565,-0.12263953515655435,-0.06359984310304614,0.036509625240698895,-0.2651871191547426,-0.30327007692753966,0.06870766026348168,0.13802040560239962,-0.07598321558379185,0.0973084655120097,0.22604910083355306,-0.04851303391165565,-0.0981717802282914,0.06410569568550725,5
1130,4,2,1,-0.2680481679217934,-0.07573838769333571,0.0044280398032027005,-0.08325353872098294,-0.33876655116502524,-0.5613826861375286,-0.7623611328989872,-0.6492634914417553,-0.3230628067923882,0.14955591020485606,0.40615026257464093,0.16464012629129426,0.009880542760642052,-0.16458023378643055,-0.25135535894749084,0.011221663099502455,0.1518783982700967,0.0737736026671251,0.07492624744659834,-0.15095395513910595,-0.1291155758763432,6
1130,4,2,2,-0.4397563833160447,0.11456154990532386,0.42416144352690677,0.3344954926856384,-0.1602886509709511,-0.0777809561944949,0.34810563583348114,0.3609847663378091,0.18295649882300585,0.1850563161952352,0.2403143591908059,0.20862532072113735,0.3811086406165163,0.5295463613580266,0.45454757373422594,0.40062716901873463,0.7012164178961708,0.6948681411380011,0.3592874479195217,0.4687115321798331,0.2855674338299441,7
1130,4,2,3,-0.8115552998617068,-0.11903387624208459,0.1804978888825869,0.11038701005016589,0.16429500016035908,0.17757058674249646,0.20650432232220134,0.22228316482434604,0.21608209067236211,0.17926585727728545,0.014454789605220703,-0.308430539995838,-0.22873210386035625,0.0185596476197793,-0.19188937203445539,-0.2219667453917594,0.0388801449841524,-0.0323225950309091,-0.21871162187119314,-0.2899716129155634,-0.04469166320314551,8
1130,4,2,4,0.16608870546788929,0.38332052307395004,0.33024125549065997,0.33502005294335335,0.2828742251679685,0.31167723371206585,0.3351308508701535,0.18988537168606334,0.1776566572780745,0.3549351334465913,0.6519476504713347,0.37687446791898294,0.24207838963751385,0.3236344954381848,0.3264823787791822,0.22000835024816162,-0.0756551274023762,0.1759851265801638,0.3162646107267456,0.01301035267441375,0.2718730352104538,9
1130,4,2,5,-0.24098151470270818,0.1495645494613866,0.5566476029256737,0.4820586222992034,0.20605925971166655,-0.06198902349735755,-0.14088369203868195,0.05625830435673329,0.4222684694821258,0.354339172145247,0.1360969837982722,0.21518226657678213,0.43811406221981064,0.4366139075887278,0.37489857030394946,0.28316971123204226,0.15437695817493916,0.23971811254146214,0.4215730027764503,0.36958439069362115,0.2426334858024673,10
1130,4,3,1,-0.1447159676113035,-0.08585034288708265,-0.43668873050131873,-0.4980223005585973,-0.315191694338528,-0.37887950255100866,-0.5776831604552963,-0.7002386774762046,-0.8101789442996638,-1.0401361162992604,-0.7176900220804613,-0.40388828457666154,-0.26886423518884656,-0.1707304836789869,-0.1590786871316208,-0.05870961913125715,-0.18326524178813403,-0.27002959947093197,-0.0572512455635125,0.08515889567665405,-0.3595966979956011,11
1130,4,3,2,-0.6116629415210012,-0.02865995272792146,0.3516136031407867,0.34924146783033816,0.19182796842914215,0.2643156823700209,0.3835818591234539,0.2777656839592254,-0.045137136820521645,-0.24960621882542466,-0.341436831547021,-0.06461812698491814,0.09246653532949779,0.003915780523610898,0.1110690399257221,0.0260362887899802,0.0233925941842757,0.1732765570049158,0.15313821534818695,-0.04543581843819615,0.05075421245470765,12
1130,4,3,3,0.04877263622502895,0.011108451203563546,-0.2779978638384328,-0.38669545437916697,-0.3230692246117352,-0.40179217226490993,-0.2269866879837378,-0.21529433238358395,-0.3112152391144261,-0.2905090720930667,-0.44752279108117904,-0.4482147415986141,-0.4169563176668012,-0.3670641360834431,-0.45229699648423205,-0.42420084322864826,-0.14730747295827554,-0.2855016474453394,-0.41634931999525393,-0.4902255794245085,-0.31346594026033814,13
1130,4,3,4,0.18371143095918754,0.17410900840396015,0.43726152370562843,0.3137572118294101,0.40782214953484863,0.4233632862466973,0.014606623745896247,-0.22828545113180645,-0.1018541715947969,0.0917064798537909,0.3559768765952015,0.2416318141812523,0.17587297139453775,0.5753566412745506,0.6884128062572281,0.4276985318828579,0.4443285440692689,0.4163658724895192,0.3941995400945655,0.38934367311545537,0.2912692681453627,14
1130,4,3,5,0.31497211515259144,0.2935846928218395,0.4418985301741903,0.460812328610742,0.11622941306173355,0.1128895591220202,0.12842880336460566,0.144696981514204,0.1907409664753324,0.3294317862781639,0.29137055773536275,0.26745210353792315,0.46410687879848755,0.5302484345886889,0.5137163863242166,0.4275016655457299,0.4116114324118233,0.32556393244902815,0.19390959895690998,0.032528063850795194,0.29958471153871946,15
1131,1,1,1,0.05328039396484208,0.37508858058808237,0.4018990917499496,0.15156663178828345,-0.2556524927959567,-0.24373123074267755,-0.2728101432512877,-0.2713628464898301,-0.23519328471343953,-0.20461404465206834,-0.21712093341803274,-0.1454721447858052,-0.2655092757145203,-0.4291847956012498,-0.45924739204405157,-0.23923517070905634,-0.33161722196969834,-0.47094877321818623,-0.23264093679470585,0.08546526156040707,-0.16035203636245005,1
1131,1,1,2,0.08093660766737107,0.6723870287875253,0.8910243626157033,0.7556375801602792,0.22423502128560732,-0.0698206286209462,-0.0113810878944847,-0.29909242661650604,-0.5171038865584712,-0.036045098927737385,-0.0996332617386598,-0.39222651239869494,-0.0699366414748716,-0.14668619642179523,-0.25521730349095084,-0.42474809969250105,-0.5950762029363541,-0.25313668165384173,-0.4047315923569074,-0.3453394669373692,-0.0647977243601802,2
1131,1,1,3,-0.4553519553425863,0.20175409797933902,0.5070738214432907,0.3727700534974001,0.3768611113159886,-0.15235645538890125,-0.4517144868830532,-0.31001648709233354,-0.3844363034852156,-0.7873076179211014,-0.9591135619446742,-0.8175302009499885,-0.647600430985069,-0.6386501412621952,-0.5370582611150316,-0.062087859179559945,0.1608552632953667,-0.11840782797106464,-0.17237294961413574,0.09798626603148725,-0.23883519627860184,3
1131,1,1,4,-0.123177418399402,0.1405138327272027,0.6701893485017585,0.5866291438552057,0.38949923735829084,0.48547320828094714,0.3232315787617241,0.0017401408150350545,-0.23940486909581454,-0.5471756885701817,-0.4815665893781413,-0.18036669337963634,-0.20706111924866874,-0.18113239003084713,-0.07042227329940795,-0.3869487329695256,-0.6917597340816417,-0.3797700550786383,0.13745541931738295,0.17824614855159066,-0.028790375268138352,4
1131,1,1,5,-0.17788422881461624,0.1745411246055089,-0.12372788281080266,0.06431539056810401,0.3983991853066188,-0.22809374305888458,-0.6093776528474519,-0.21131090165442604,-0.13879003718872465,0.19911012145345455,0.21252025612509923,-0.46981628641075646,-0.954446745910548,-1.3090434309166874,-1.4171359677999087,-1.238280977664005,-1.0813241496126347,-1.2550522997796392,-1.3051874191193482,-1.248777885581739,-0.5359681765555694,5
1131,1,2,1,0.5765025703523525,1.0989724357483985,1.3367483557932265,1.001626401385552,0.9099372451407373,0.6980538032547541,0.44903711053007167,0.5914107103057912,0.6200186092801155,0.3010355068301401,0.15538046943367062,0.3293014977909706,0.7265754588590564,0.7354753264619183,0.600115444193968,0.6699499288584838,0.8480447111420828,0.9801647127050921,0.6854535980411081,0.5529552216386914,0.6933379558873092,6
1131,1,2,2,0.051795969441711644,0.2689915352382418,0.3358203916723068,0.2903434162646059,0.4517968597556895,0.22916397354128792,0.07736191732547416,0.02280943442673196,-0.2807913208324978,-0.34287662180148837,-0.2243967405239532,-0.14726456131720636,0.018615404235341346,0.30940975090314193,0.25708244394290714,0.044998634106129594,0.1547631996580443,0.10688699505920404,-0.18208668542264125,0.18989375590729593,0.0816158875790163,7
1131,1,2,3,0.7819737257336089,0.8734616640106643,0.7997236741694265,0.4454099879008454,0.14568891447743804,-0.13985369419081606,0.0356112202255332,0.17531579962335095,0.18212375149793109,0.29648669830694,0.26728088930215876,-0.08750789702846194,-0.017962491555474136,0.06096832133614266,0.059373742581292854,0.21155218439858164,0.0421265792897792,0.271266378859658,0.36798167236148127,0.15252481440245697,0.24617729678512684,8
1131,1,2,4,0.22214309903538834,0.2776343465448702,0.42805957319706434,0.16931793504056175,0.10020609141610974,0.188181686136148,0.10202888127272425,-0.0402243023692555,-0.06680054296258064,0.04500488268578899,0.18033470299079424,-0.2565022005997508,-0.287594694396692,0.1423128182828444,-0.040844238755766794,-0.09893167519848814,-0.10438807199576665,-0.5108166064494912,-0.5051910886007858,-0.22325650859481244,-0.01396629566605475,9
1131,1,2,5,0.6290386243073832,0.7377571867306989,0.28806687625021027,-0.3050287687081188,-0.13748991160854462,-0.1713704146723519,-0.5691892664735712,-0.7708387532747611,-0.8687953980769652,-0.8892793548683129,-0.7834835550486101,-0.6416715815402523,-0.8053712027242056,-0.8590332896587503,-0.9739243952491661,-0.8861490499269877,-1.0898663696119302,-1.3406434968433683,-0.9960107659705624,-0.986316707279744,-0.5709799797123956,10
1131,2,1,1,0.41676189967532096,1.077142927575045,1.0028797773178906,0.5679625125257617,0.7529741495699833,0.7483712764215474,0.6301593920710787,0.38450947341181113,-0.16046625301410924,-0.18128082753316255,-0.10781025909696886,0.07525337751161486,-0.051250290776606755,-0.32545093255266716,-0.26068221148924275,-0.09628600091742039,0.286419301224761,0.3374819139578043,0.21132392348363327,0.2145458781484822,0.27612795137572776,1
1131,2,1,2,0.18886452228124878,0.5167587296062517,0.5723070095157948,0.31491754142499345,-0.0661941640455226,0.14316810517801953,0.47199073815113257,-0.020639196266828808,-0.5777335935662712,-0.6652154811475988,-0.8274955728428766,-0.723451682763907,-0.4495045003253919,-0.5054734430623891,-0.3103736190475024,-0.25424245475039625,-0.5308675048909202,-0.2598554745111135,-0.1336382200111258,0.0329321155316272,-0.1541873072771388,2
1131,2,1,3,0.1307954695737166,0.17064773396508331,0.4439723864832412,0.22791713380954376,0.024436212554473202,0.03560496118337975,0.12346364041329311,-0.23858942699373317,-0.365448419129612,-0.17941196905777623,-0.1986610666519705,-0.1756889763473674,-0.34112422893845995,-0.4826070425191115,-0.5580745053832348,-0.6217745071797208,-0.38399941822752864,-0.47655916750105787,-0.486455990896851,0.02624062276403999,-0.16626582790398264,3
1131,2,1,4,0.6082663522076022,0.9984769377899958,1.072352740331169,1.1920191188350706,1.3084150410658284,1.2626491074080182,1.1825144109442518,0.8967597817341929,0.31404874619375445,0.0538769348354091,0.4838210353585172,1.1197770456758038,0.9837632930731779,0.5700993032127127,0.20806997321800486,-0.1588299491831297,-0.2718479938667516,-0.21983561447404135,-0.07458266760742024,0.08073897503204774,0.5805276285892107,4
1131,2,1,5,0.48113601365515635,0.6218107041642176,0.9796911767077978,1.2634542533418496,0.8142862584465675,0.6244500408868066,0.4317890941279244,0.16022823378146167,-0.016821767083094158,0.4246538845496968,0.6402557684754722,0.09347178706335155,-0.3337140023180456,-0.03026703814872403,0.27653851372879357,0.10596057843768189,0.48343783473649576,0.8539235216912602,0.6665510668427491,0.39177911932997234,0.44663075212086956,5
1131,2,2,1,0.3966750396707105,0.5118850014749958,0.5246945581090109,0.487841198902578,0.03808325537976645,-0.06585895119126185,0.34739764867512213,0.3108364684350096,0.21676143216448607,-0.054550805864112206,-0.4280088996890087,0.10196186405327476,0.42621852311565744,-0.1395687272657735,-0.27027874495381116,0.13715952970712958,0.01563521782637811,-0.46060524191181024,-0.2762428443663393,-0.0073671440063601545,0.0906334189132821,6
1131,2,2,2,-0.3033312506211333,0.5523309767064453,0.9376378043570334,0.6918184706699332,0.47697890924586345,0.22012550813929632,0.2084066370507356,0.3183729581623831,0.1915585959193937,0.2459181965632692,0.43726016028140174,0.43573871248611534,0.5483450616771393,0.29211515874799837,-0.3120671885683942,-0.24284122814067885,0.2171361011651439,0.2858691235100268,-0.03429731799297894,-0.3338818569342461,0.24165967662123727,7
1131,2,2,3,-0.0006769975758889879,0.6064101506798931,0.8473437472290328,0.372032924521858,-0.09171976286162634,-0.11908514748286099,-0.2581685481241264,-0.1109986205679162,-0.15381381007814252,-0.2844801716096589,-0.1614866992806202,0.03506844678194994,0.014676578709542101,-0.16740200138470962,0.13154155352559949,0.4572698230867459,0.14909862598938742,-0.13850719759879004,0.18739116670247435,0.3032049212866825,0.08088494909744125,8
1131,2,2,4,0.17448169432037908,0.17096255152932405,-0.12506692069552885,-0.2751702439328624,-0.1186869914547653,0.1264727046076103,0.4115574040693125,0.08415323156642665,-0.19423328870142334,-0.16761608817849075,-0.37057932219411227,0.08579591521911059,0.3638622377222457,-0.1510478607463804,-0.24303974160217304,-0.1925508388274793,-0.14894918828025422,-0.02084658544825225,0.25694119914299607,0.22859235121075727,-0.005248389033678002,9
1131,2,2,5,0.48315476331778384,0.1843555502813496,0.062469289414364707,0.506897367046307,0.4918590500779907,0.2559990006812816,-0.03499305929858659,-0.2776641175500571,-0.35732495451775875,-0.3753553397863595,-0.13954384918123713,-0.0511199991572781,0.08854168983318705,0.07123275363341121,0.06518942196860159,0.1351784212444759,-0.25332700461109114,-0.40996643611135863,0.14689826368191614,0.4839263069954981,0.05382035589812195,10
1131,2,3,1,0.0065251810322173864,0.579161781698775,0.4726586268818972,0.43272143246692296,0.48773850401593666,0.1238230481129827,0.25053753230261805,0.40817308257809193,0.23121527365710937,0.05381228328813095,-0.11545759820551754,0.01306432380989525,-0.05342935337875386,-0.07247923117615487,0.052206707566035654,-0.368587556825041,-0.6101576932065965,-0.4053289306291501,-0.5417028651548798,-0.5112429525084057,0.0216625798163057,11
1131,2,3,2,0.0755031977536751,0.593789640547342,0.8460911011554317,1.0151110070834255,1.0671338279525322,0.5145110777516538,0.294870603707996,0.28561390227764294,0.04219349170761805,0.134971823616166,-0.25051595567973906,-0.38463518400940505,0.7618928252915446,1.1492687947000677,0.8510354545456518,0.5279243742320306,0.2180692671009116,0.5690691541214041,0.24938971403587742,-0.38500571622189417,0.4088141200834966,12
1131,2,3,3,-0.1693944860581299,0.2083514556603821,0.4438280799808035,0.039106573525389855,-0.2095724838124892,-0.55404846919197,-0.2262132366408822,0.23163981188906585,0.41329058490201975,0.2483269189762259,-0.19947488345966669,-0.13289892942821624,-0.16191102321949405,-0.41186139161551083,-0.27046305608142607,-0.17390858098819112,0.06276199523974454,0.17840415324051234,0.044943646222408304,-0.11075403871541015,-0.03749236797874165,13
1131,2,3,4,-0.21995291043920323,0.6144973174934557,0.7791837251134534,0.17791425907797676,0.0932923927027146,0.10714834734902544,0.0667371884990935,0.2931275269219463,0.11497847745783095,-0.1850816968707525,-0.1764223933083596,-0.0632304668705006,-0.030609965765427696,0.27706647623184993,0.6188816455095469,0.5917050773587373,0.5413794027381784,0.6324162836709956,0.7387947087766171,0.5004212836464761,0.27361233396468265,14
1131,2,3,5,0.1456550722327854,0.05092445543490459,0.03357198718131116,0.2580359849809716,0.778263133979354,0.6061037554459523,0.34315415292637336,0.5018477824578811,0.14714211762056775,0.11146746857855713,0.2094594196285361,-0.1301765069794237,-0.2708744128474358,-0.1343686189803539,0.1988329235370661,-0.07535149204912689,-0.5358046844669537,-0.5720610248074711,-0.35687523760285894,-0.017590216955769497,0.0645678029657433,15
1131,3,1,1,0.2816007725444408,0.4717177610332805,0.7184757720799062,0.766651387938948,0.6672005995881393,0.5364458046066378,0.7376424482771862,0.41311734932053806,0.0330652442061286,0.2597254586989201,0.29417963518739654,0.13230716305436485,-0.03130546184067265,0.024521239803160656,0.22250370668516994,0.2816906111281473,-0.020046945023496465,-0.25146262220065496,0.069793775099216,0.07602659338358166,0.2841925146785169,1
1131,3,1,2,0.3311786220496239,0.5011541709242789,0.5207651397962034,0.3790879566685639,0.42946428185013363,0.42746562408337735,0.3176662333931933,0.1375742096632826,0.31397433162323224,0.17852514592846191,0.10996933476865704,0.08953699377052145,-0.20217754011844974,-0.14198572869369025,0.1124021754254084,0.22518055127224898,-0.17442256203482104,-0.2454932505347119,0.06829078752230575,0.0847652648668195,0.17314608711123194,2
1131,3,1,3,0.252213806838119,0.12845156026687027,0.4152474046784015,0.023099374531536848,-0.033469738075973754,0.026896354127796784,0.13802422720047158,0.3233700991850442,0.1170381611894648,-0.5145970486056078,-0.7883808277263701,-0.4159940861069875,-0.6169296486108371,-0.4061522798761591,-0.035198730641209694,-0.4326367518126015,-0.6331012472514578,-0.43828171175249736,-0.4203094257459544,0.030310873885048106,-0.16401998171514515,3
1131,3,1,4,0.1530994622827989,0.6034462528114667,0.7919690697482876,0.6268668161654054,0.6873896593123985,0.7321034307053629,0.26683216076561744,-0.012935117298193799,0.4131610335835221,0.6229738416175681,0.408101132655057,-0.005951399175869315,-0.008407465735097208,0.27928490147270374,0.4172520930513762,-0.023270399731948777,-0.2600749128520547,0.055055619268772546,-0.032963003172717,0.0517725608627196,0.2882852868168587,4
1131,3,1,5,-0.07755824055686289,0.23450428015225244,0.8658913273817086,1.1543716808403603,0.7900169663296398,0.41031875941624707,0.32000376545904247,0.3848672985497753,0.2661329842668821,0.23472072551020579,0.25346853770741784,-0.16083534557790768,-0.03696213236067447,0.34739079670951245,0.39825925248395866,0.1211043872917587,-0.3272235882714124,-0.04145438254013936,0.08500163635925936,-0.0650925453514918,0.25784630818997656,5
1131,3,2,1,0.20141572896581475,0.667479197966624,0.7520432958551229,0.0895223511477547,-0.13347976145619164,0.22992673038403166,0.2919472098470109,0.18272957598903874,0.16500377009701425,-0.043125288907334164,-0.2771398113509127,-0.22537395254047785,0.20152591985726237,0.49608647168983533,0.06594387962805594,-0.17088370034954675,0.15354238470724219,0.11088546663982825,-0.00040102455685334104,0.4112066814755877,0.15844275625444534,6
1131,3,2,2,0.025691626224510898,0.34048321301224116,0.8188200077947503,0.7957878763917656,0.40580131552932686,0.29222450427172453,0.5349094611886032,0.5852103587454118,0.6147606398438243,0.4008107609116701,-0.057515615573334,-0.15256881879896037,-0.0950152854133932,0.02511783022493,0.3363271467772185,0.02990563426109627,0.08319711818262526,0.14827239463527708,-0.4030612647595465,-0.3584570181507205,0.21853509426495105,7
1131,3,2,3,0.465456704676509,0.4573349874603355,0.26440734256994625,0.5458766223442301,0.7055204296864425,0.2862106889911574,0.0311058597047991,0.37423569763349684,0.16849891217736784,-0.39271052939780654,-0.18533958604202638,-0.3689503539480268,-0.4686324920002919,-0.2655819021155921,-0.061276464434464745,0.20807417269180262,0.019944789747447247,-0.15515251683768574,-0.08348899179721644,0.11271084854744234,0.08291221098289325,8
1131,3,2,4,-0.11413830779081124,0.3055891992894054,0.7918566719149072,0.7974573712083419,0.2578885104718216,-0.20603944399548005,0.04847870691968045,0.21096567579225078,-0.18104776588139038,-0.2782376671440052,0.3430023460840231,0.27995918501745887,-0.48265001925777073,-0.38220925056428146,-0.2214707104513723,-0.7045704534596144,-0.7391978325006435,-0.3878954351651693,-0.5615589073529099,-0.8544687858416475,-0.10391434563536031,9
1131,3,2,5,0.40934428187379085,0.5493849500872292,0.4329018415468153,0.35643307717748574,-0.022793217736045757,-0.2749451997397669,-0.146179570567365,-0.17789955274474878,-0.055318290625480555,-0.07048246242896634,-0.15927573418221805,-0.19468914774695611,-0.05030727847656681,-0.09221150467585129,-0.2987209174475332,-0.37628922326562625,-0.5693173148942765,-0.5380709851180505,-0.2227111536438011,-0.1790467667503254,-0.08400970846791285,10
1131,3,3,1,-0.2895776348701967,0.13222315805251514,0.859661339063994,0.8925870606625083,0.6929442640069026,0.587557586818083,0.036751567118190887,-0.092936830207664,-0.22853661583425722,-0.6695585067322031,-0.04320559867957946,0.3809235916566551,0.046495038941020896,-0.02315572909391895,0.09680685791508135,-0.08903900975835004,-0.10888743575232859,0.08290384971011915,-0.039476445145260344,-0.17300316949849565,0.10257386691864079,11
1131,3,3,2,0.2612730563476578,0.42455274102975504,0.5921990323565495,0.28333529266506324,0.24561001490832576,0.2071135436528543,0.119935913487555,-0.021374978013652568,-0.0028966139082415576,0.5103983596365678,0.23463388809398528,-0.24129215695844863,-0.2950269174033483,-0.05823813194985879,0.1623610992931385,0.4070686876097164,0.30514844282120224,-0.19971759775233316,-0.4694251356948103,-0.4747948582715812,0.09954318409750475,12
1131,3,3,3,0.1628953476339894,0.2686720622950581,-0.009073580370419387,-0.2014662088242006,0.144355892881465,0.4401882735859657,0.31221279397735174,-0.0461324179840293,-0.37327056786003804,-0.2481826058125855,-0.2866919533572258,-0.3469278734533604,-0.1926053757927363,-0.2767248271736627,-0.23372797784835564,-0.0665588796303261,-0.09445906390822241,-0.23415307039417732,-0.27569280695162357,-0.4706040176263664,-0.10139734283067495,13
1131,3,3,4,0.3532594376059156,0.37137753393789524,0.11787744166352496,-0.1529661895737443,-0.17406222927365836,-0.0027773135466995502,-0.09289026855919741,-0.4328231485203965,-0.3828746987081883,-0.40908697964168106,-0.3523099619306228,0.18945008220246715,0.1592623971631619,-0.17553615317595694,-0.3039900690054685,-0.15233828107508907,-0.440647575322322,-0.6484712087775311,-0.29774445740693434,-0.2650944622767503,-0.15461930521106376,14
1131,3,3,5,-0.029129675040046807,-0.009364822937373896,0.18170757619900726,0.3769962555855595,0.18772919295607404,-0.05298874515372715,-0.1620959514498947,-0.22317107982275153,-0.0879943697308776,-0.1511981025117021,-0.39148679479257253,-0.3098466863806406,0.0587601900877186,-0.008989520324533498,-0.1404311652710943,-0.2097592618861982,-0.10137424432128991,-0.1647397560810201,-0.6782644831653423,-0.3965965298026479,-0.11561189869216765,15
1131,4,1,1,0.22468022103384894,1.0720028314445815,1.7229248729584081,1.4062098706970536,1.0091036061511443,1.0209426114533386,0.9585952581805093,0.6013577831568026,0.29793979351373784,0.1069896192599137,0.13342708440275938,0.042827646501639546,-0.04284236824084785,0.215648470931158,0.2880003295167921,0.2161451730324259,0.37758775154239244,0.3920412692452029,0.5074839957701689,0.6622925516489375,0.5606679186099983,1
1131,4,1,2,-0.14547290675826113,0.35698445431386366,0.9234083914912057,1.0579328356075575,0.7629802899464591,0.4864671139228328,0.31046172919327086,0.31744066819855854,0.19737799125358144,0.054862087006086045,0.1470904043682295,0.0922569050116832,-0.32878176132413767,-0.2897670937301003,-0.36592821120879254,-0.40442824568136243,0.295275840061034,0.30053835327615475,-0.5600476265383928,-0.6563906709764674,0.12761302737165003,2
1131,4,1,3,0.20419308085806287,0.8799184129119535,1.4523892940816094,1.9329593785754493,1.7020121375847934,1.254651553557241,0.9985330109744682,0.3369181079933869,-0.42212743375028927,-0.6716933581112213,-0.3864045672202123,-0.5064203496625446,-0.5287438487345368,0.002667767086242806,0.24404789686850503,0.39734541081159214,0.8274860734213255,0.7112079381554686,0.10908113721970314,-0.10665612385881469,0.4215682759381091,3
1131,4,1,4,-0.29787075533753027,0.27986841674494833,0.9916990978826482,1.0379024660035432,0.7710610731766958,0.7133533443549802,0.5848367440956954,0.264684955213464,0.296573093746075,0.39539565119350617,0.3415687616851002,-0.038607039614854094,-0.3353040941375503,-0.20627052807268512,0.017725186576158347,0.1749273618184603,-0.05183118565537895,-0.0890769286757298,0.24309007987706796,0.5275564166198706,0.2810641058747242,4
1131,4,1,5,-0.19545861766923067,0.5027391119620783,0.8101976385686144,0.5492093022770068,0.06523760045796831,-0.23344526577011834,-0.3545408627704413,-0.41582711413493323,-0.3446162038195473,-0.36317925860308964,-0.27393637329657883,0.035016799222413804,0.12524734997456635,0.1190934878144295,0.1124790903182766,0.018542406837915054,-0.03918002819296675,-0.07670609366034675,-0.22625769812298252,-0.11381009447915613,-0.01495974115430615,5
1131,4,2,1,0.3703691647017811,0.7803443426374741,0.8197045601289663,0.9274140290457211,0.7052925257548261,0.41887185533681826,0.6829853352346674,0.653584179655467,0.04332591811049136,-0.27041572386045654,0.02124706767113553,-0.02889586339680883,-0.6408548789001454,-0.5292421120290494,0.33405862221104177,0.5134735108284268,0.28091528051023806,0.07815914936978735,-0.3324087718008074,-0.3230565659407332,0.22524358126344204,6
1131,4,2,2,0.20313415049326816,0.44465485646082764,0.8333908572423128,0.6845261382696703,0.4626669885164111,0.4998600126051794,0.4488700564064474,0.021803324990073147,-0.44739923370283996,-0.2688593394281377,-0.13881669821674994,0.017320103031774142,0.10907919060301585,-0.16304010549194392,-0.25106807827819777,-0.1582807484740848,-0.17653460982461783,-0.4312790604797082,-0.3414720249356116,-0.027187818199218346,0.06606839807939349,7
1131,4,2,3,-0.17159648618814763,-0.27771608428759653,0.267480274413035,0.5557447589583726,0.255434669311797,-0.05739689944035595,0.07444871718586439,0.23027027494472435,0.31254295047503655,0.11669807589583896,-0.1932669029191772,-0.2388177425650607,-0.09397642519755771,0.1606324008837283,0.2667839276382568,-0.32470500093091226,-0.7091326874557944,-0.24998349946559226,-0.18815248778626625,-0.44230887721305545,-0.03535085218714315,8
1131,4,2,4,0.2078046226579452,-0.4466390980003765,0.2509355319184794,0.9127027443071145,0.8555643338638885,0.2859570789519363,0.006245795004689398,0.10970266334840761,0.0900211082075262,0.061255797897239,0.012889427126186098,-0.28026879370153696,-0.45439441554645754,-0.07733366674114583,0.0802290743236015,0.03926630596198745,0.2729525056900035,0.28856668266062147,0.142113581662066,-0.2306120834140739,0.106347959808905,9
1131,4,2,5,0.4443765909089347,0.15237219525306883,0.6848876666064804,1.1091623390268972,0.6053386854107159,-0.009896375123835954,0.25012527356157593,0.6729938491481755,0.5515347993545539,0.5725202971133918,0.4400911812436113,0.40644640134609383,0.3894335445637083,0.26519089857539546,0.006237211410201671,-0.34139475053764023,-0.19327083342824158,-0.22182424816614826,-0.2036354785137227,-0.0237386612289014,0.2778475293262157,10
1131,4,3,1,0.1473353714104173,0.3422713558542801,0.796919471917401,1.4194755273194217,1.7926681338124733,1.0651065849113255,0.24332544715668397,0.230997472405008,0.25281991878828086,0.010026374087746454,-0.40298408700137267,-0.08665190695900776,0.3150286300279487,0.2992801266426476,0.11586137547069275,-0.23833945989588212,-0.3147654308506985,-0.23505237513498023,-0.06600764885733094,0.1058770776282638,0.28965959793666585,11
1131,4,3,2,-0.366407548351786,0.3407676329887449,1.1203826853601806,0.5651981310327985,0.3152471297330367,0.6637202447578912,0.3110010295849406,-0.3721439783392183,-0.43966567038080356,-0.3712986150410822,-0.2617199923067582,0.0346933128118862,0.13546310670017755,-0.002411507655434658,-0.3653463160946009,-0.44829480933290844,-0.2549601610175414,0.1516575627328856,0.4105573708820581,-0.023803780946970804,0.0571317913558747,12
1131,4,3,3,0.3778507138385322,0.387436864733472,0.8372596628153695,0.6211499341590799,0.1638097000600762,0.32402308507988936,0.6676369554494641,1.1120967942298776,1.1523618298828522,0.623239028194631,0.0231923179100271,0.08342871996393696,-0.19945639992457762,-0.4017087794233327,-0.2870091473605872,-0.3725237489208789,-0.11476154751138914,-0.16309859779130295,-0.554902346627913,-0.6152930443828732,0.18323659971871764,13
1131,4,3,4,-0.025270510081536135,-0.19734455739545254,0.41065198686068516,0.8413716837643845,0.7777347304567773,0.45548602111467934,0.1718694738936658,0.32729861524980464,0.5205387702648345,0.52779760667376,0.5654012600735496,0.06502150064103171,-0.28417324001561134,0.10411729360609479,0.4842405613967651,0.12074165196436104,-0.2977466769518373,0.018849311161629398,-0.07523999461609077,-0.14550663735222005,0.2182919425354637,14
1131,4,3,5,0.027033624550902254,0.10829296673031905,0.41701693148226004,0.657701426137905,0.26915646724994263,-0.3889723234597313,-0.33959928413826723,0.36265684303382056,0.4705764297653278,0.2648283507559551,0.4121472594600588,0.28046430228815694,-0.055412511244003246,-0.3740497258390872,0.006580252235232759,0.4997766457059058,0.6006955597261026,0.08139418024551115,-0.6377259842175069,-0.5566271611571559,0.10529671246558234,15
1132,1,1,1,0.32103429898746566,0.4837693204419079,0.40845982765210276,0.06514433637719014,-0.22526388498993155,0.024890660438594253,0.016021254500397653,-0.24026706820396102,-0.2555892569137475,-0.47100146676009125,-0.9067174351958346,-0.8295117706536381,-0.5240745095835937,-0.6045952738304563,-0.5164313102116315,-0.44449925628219467,-0.3149040414681512,0.37348917576340973,0.8126273359789147,0.7483393800536013,-0.10395398419498235,1
1132,1,1,2,0.0865321273474578,0.272492009775134,0.5358155446985965,0.48870942639586623,0.3055955156521905,0.15004221855592614,0.2310223225925565,0.2768981928211383,0.28301809782094456,0.3007338377931259,0.2103398870603092,0.08018804310072795,0.07634976759085894,0.7147238689380487,1.3436678567320015,0.9996503668490813,0.5096265591270825,0.3657303969002817,0.35197260404167463,0.584153782194475,0.4083631212993739,2
1132,1,1,3,-0.28988594033755183,0.3970520381758288,1.208861188201651,1.274643320739832,0.8516048752795546,0.5697844882266851,0.4941086364046291,0.6857138500157907,0.6320176091568342,0.3752584450937556,0.4315311318389906,0.35844324672890754,0.2945840113061165,0.44526011064215876,0.5035772525520654,0.8034168377605191,0.8599396344968631,0.588504829969593,0.6037222864307064,0.7063319837776729,0.5897234918230301,3
1132,1,1,4,0.19516455714630676,-0.24761028351454184,-1.2127541250988891,-1.239736981066903,-0.015537787526544139,0.28679230173084325,0.08335650316244171,-0.14025759510632213,0.051624661941413894,0.39018339530743384,0.6233214200662969,0.39177344156014937,-0.05476034284605585,-0.2518979895364505,-0.09291302936291249,0.13981165517449184,0.13109691343296714,0.032819484226340505,-0.004870605771148052,0.3987860793291259,-0.02678041633759775,4
1132,1,1,5,0.2642943101580588,0.7600305377400016,0.8257062049140143,0.7384907827610248,0.6402227095067761,0.5054437250476735,0.3060021909108226,0.214430438811976,0.4508458164592103,0.5696125890603725,0.524599565340654,0.7306818747203723,0.7970234935615126,0.7374534212315351,0.7351033077949042,0.8436483874391345,0.7841553132147163,0.5176146997172609,0.6279148553536771,0.9159125914321005,0.6244593407587898,5
1132,1,2,1,0.2104591666178528,1.12371258607793,1.3603990387227645,0.8480210902655698,0.2819892958412366,0.23880286495781447,0.6292402813955909,0.7843846125988401,0.7826612403947719,0.8013122984148353,0.8200142169986193,0.6994202765705857,0.4306422557987085,-0.0471071919104057,-0.1057362547462512,0.19973662414475793,0.26475977242626003,0.3019343094871687,0.4136996236835342,0.7377495904880288,0.5388047849114107,6
1132,1,2,2,0.6806077954263083,1.0489070840472303,1.111488699987474,1.3465318290536472,1.163606726372312,0.6756872537875565,0.3096145216876492,0.053449934206775754,0.23204805384687816,0.26155661821882675,0.2983278812893323,0.732593596118565,1.1330626061218196,0.9961189627939759,0.5503545036648121,0.5680804091808341,1.0147690162487422,0.9025996779920099,0.3725184182215867,0.4227256721632503,0.6937324630214794,7
1132,1,2,3,0.08927873126623685,0.5958146942893683,1.0641845890396655,0.8238365076464322,0.3003755743488046,0.1697662292486522,0.5337991127708488,0.6488002268039954,0.529624572939632,0.49425607623522794,0.3968882494215506,0.5729936446259288,0.6946611975140027,0.5144995449183128,0.4141328960115439,0.3233620565178193,0.6637577149088139,0.7875155325805466,0.249739722095923,-0.14259673012536717,0.486234507152897,8
1132,1,2,4,0.5713699888067996,0.5630614438486258,0.49953589458788017,0.756405359730683,0.8732934562959636,0.8218246718217275,0.6332515028169085,0.3339251921682221,0.5158896926279647,1.1065557970149342,1.2072604544084555,0.8333009243566766,1.112871497495731,2.049888801428687,2.1144929565845514,1.151503259616669,0.5946708506179216,0.44695246157754526,0.3594871816427002,0.6397894671922933,0.859266542732047,9
1132,1,2,5,-0.3353955485833853,-0.5727790936039632,-0.1479560265779093,0.19464089679081326,0.4608054483769536,0.14882626430103565,-0.03985205174699205,0.2490278793795078,0.3735253360577668,0.49555423653754177,0.2597511953499292,-0.14655816253736745,0.031381534688575546,0.3847086070013217,0.4824956061054204,0.4121497150186585,0.0843428575599592,-0.12987477403498235,-0.0034887405308063474,0.381010463450408,0.12911578215012431,10
1132,2,1,1,-0.17097892352086627,0.294745271127954,1.1285211947768823,1.1652802620267135,0.7888927523515605,0.3179071057869794,0.5974003199687705,0.8281363190978246,0.7687028893391064,0.8602018978437891,0.7936961081852205,0.8599436771195315,0.8973495151816712,0.721152772700344,0.5840339698248023,0.7157297912329573,1.105806258560459,1.1693602716807223,0.574479653520436,0.02121099603651705,0.7010786051420689,1
1132,2,1,2,-0.0408222930149125,0.3698099567001034,0.7944997730642849,0.6658934903703785,0.2879937272597171,0.09179404555086255,0.23924144975961165,0.4591272691889767,0.3867413839116498,0.2557081914791109,0.23297184667958104,0.19845377103616474,0.24538610994610965,0.2169484614724497,0.07096085374240485,-0.0022398744038397006,0.09734091935097904,0.4603481870195274,0.5962344226259562,0.21158890877591952,0.29189903002575174,2
1132,2,1,3,0.11179151841198375,0.04949506265133855,0.31377121132882335,0.4136571160477027,0.20960131854921632,0.1623831989504766,0.2246150657725433,0.300032048855003,0.31548821507489644,0.2214175049546765,0.2578561127381144,0.3143318263341472,0.25020787584407345,0.1550062317523121,0.07795874675538406,0.22604175354791656,0.3494347608028746,0.35489161497449556,-0.1364681896234429,-0.4449529826812315,0.18632800055206525,3
1132,2,1,4,0.5333819466739536,0.7538159445595135,0.9490448736781449,0.8973974922148173,0.9443269809782158,0.7936307722388614,0.671021313140032,0.6177807720575903,0.4703320023547862,0.5141328794793201,0.5024847293354885,0.5453774768753383,0.4435954484811401,0.41741832677112617,0.8513997104347577,0.8605756787655863,0.43093104591144554,0.46450981475556297,0.7139161109115542,0.48941126814620023,0.6432242293881718,4
1132,2,1,5,-0.03390386975634599,0.26810846178047,0.5925119385856406,1.355098932715898,1.3841332347868847,0.6548140973641131,0.10063298086540269,-0.5968248087626014,-0.7321690909828282,-0.45149126083181057,-0.49193986381708277,-0.31523297495178654,0.1393363818718137,0.25370547468681093,0.40120938232174397,0.6745744941217124,0.7754445183919179,0.823155754195392,1.217837089767227,1.5118876032330504,0.37654442377928105,5
1132,2,2,1,1.0428313942528646,1.3368962422786201,1.3578182224114375,1.4199716332490218,1.5027542043783464,1.3354929542492409,1.1632021445633587,1.2392969276834158,1.3184565929494063,1.416323661263391,1.2799065387601372,0.895145101213777,0.7749013694651306,1.083693172724901,1.3065579043455093,0.9797498425117058,0.37202235986562115,0.17394727147309405,0.3383328188068626,0.4455896267495024,1.0391444991597671,6
1132,2,2,2,0.7417786915664234,0.4716639447740756,0.543554455774224,0.5824313440285187,0.7571942287180351,0.9461610260230606,0.9751944555261227,0.8376279607849618,0.74690931511873,0.9083453912831065,1.0956671116932504,1.3280711863914154,1.1733536384489365,0.8466549604945532,0.6559845193029284,0.41333173522392275,0.2647090235253712,0.6244918698861512,0.912704310741814,0.559075494849578,0.7692452332077588,7
1132,2,2,3,0.10414454077107395,0.20307623377980585,0.7233601671616712,1.0163527939365344,0.8492796622658132,0.5983777649191169,0.6616297771187885,1.2381667796349278,1.9269110092881627,2.1742697781357103,1.793767621840452,1.4908586737033998,1.5614518410305942,1.5685548041940214,1.4275562543199332,1.2383690922606458,0.9457730896525385,0.7523467424690224,0.7056372492658542,0.45000749369074194,1.0714945684719406,8
1132,2,2,4,0.749683050962475,0.7214621051995356,0.8605102929479372,1.275968560780494,1.5714692534653936,1.602059713243413,1.4507918223261576,1.321031478172356,1.3344058515888326,1.1719688077082466,1.1789188258684722,1.6565471535318277,1.7222378043948123,1.2251471999661212,0.8086482075519865,0.8790509660165368,1.4490181795542383,1.6903214926163321,1.4323353359250874,1.2142480593705116,1.2657912080595384,9
1132,2,2,5,0.6868047796674848,0.5572484565827238,0.2990193109094539,0.29361800546688127,0.4706577189500815,0.18575833649320822,-0.01894585934144995,0.11059426301629771,0.5993716198028383,0.9189553139428909,0.8975232598923444,0.9864744097797942,1.0228251000476585,1.1212213386466177,0.841478537671269,0.4397145167346884,0.41904604693082903,0.6426917958091632,0.7537725739717043,0.5660136969246046,0.5896921610949541,10
1132,2,3,1,0.29357790014077495,0.32391126349444777,0.3515117259723972,0.5813844255453202,0.8427337024958131,0.9686699154730263,0.9980019770890475,0.36460467550576736,-0.25868181033085125,-0.4568431630343197,-0.45150062192207585,-0.23604663319307975,-0.46239741155878145,-0.9163712793882837,-1.05753885584026,-0.8947744402348554,-0.8661554734664915,-1.0465353180446635,-1.0808825364488552,-1.0874385600114087,-0.20453852588786653,11
1132,2,3,2,0.00251054543093535,0.1725088096198247,0.2424229669322035,0.2665038126691984,0.38969435424849436,0.4171404121988608,0.42394016337561147,0.4165078268781779,0.23684658310835593,-0.22141572498601875,-0.3682359758510765,-0.04841670440061341,0.12915515533979874,-0.0007561093088578053,-0.10092643727830995,-0.2160173806841827,-0.2853420064544854,-0.2726228817002877,-0.15793869532249816,-0.40579969509734665,0.03098795093588915,12
1132,2,3,3,0.8221561780674362,1.0557839625383663,1.2108461803985588,1.0550722633007983,0.7412495791234051,0.17348378056477598,-0.3982350668879232,-0.4284609162366745,-0.5108281928166549,-0.49809427620347824,-0.25528192377255876,-0.30871572687570575,-0.4337399804106876,-0.21466462588193136,0.07800671047253854,0.024378846910500157,-0.25333644584252946,-0.62040363908234,-0.6482498772857893,-0.2949516994523539,0.014800756531387651,13
1132,2,3,4,-0.005473516701736951,-0.0355118449133944,-0.1252871772945384,-0.16071422926220685,-0.3604907517482126,-0.7212785753442014,-0.6183397165900479,-0.2722879353813812,-0.0178528015515306,0.20764515728868133,0.0351149977894534,-0.020328438374930848,0.0664066552402091,0.07360763477074204,0.3696405644778837,0.8078261689973838,0.7253627684769055,0.4357840286957708,0.1158437041444816,0.012253821498872094,0.025596025710910103,14
1132,2,3,5,0.5753768235877709,0.878395937986828,0.8493507645009177,0.7242146491275927,0.5688144507537475,0.45025237374549254,0.34288807206384814,0.18029727716777144,-0.02650905485997765,-0.022909061793540755,0.4026564989905682,0.4631342533446103,0.3527598559430748,0.4630728426191153,0.3029101806576808,0.12726220454441464,0.18052497893960676,0.06400184043162735,-0.16633418336238795,-0.06197875393858375,0.3324090975225088,15
1132,3,1,1,0.41487326224750987,0.8006967105381204,1.2761518591466978,1.3380055725102904,0.9040921920459666,0.5368073392773519,0.6183790662880554,0.8088242956768849,0.4902794497805228,0.6243024803157644,1.0846775249705543,1.0546813551635432,0.9273908211952915,0.8598490776407363,0.6811940202801898,0.6526512408782082,0.8753201073102446,0.7100858099115388,0.6855557083946804,0.8513089860426335,0.8097563439807394,1
1132,3,1,2,0.5935488689999596,0.9409144696203284,1.111075893994856,1.0691788451954314,0.7832214969109277,0.433270569169504,0.38934230746589005,0.4925093206199276,0.5731465556122495,0.7084501122839331,0.7024610333645394,0.6943260888371271,0.9648803382597098,1.0465890974285106,0.7453977154543749,0.525367057536853,0.3868246607307466,0.37635206403616905,0.6247840646283397,0.8941728389642116,0.7027906699556794,2
1132,3,1,3,-0.15532053508551155,0.22774910442224905,0.7180916025404687,0.7816452416367672,0.5907104495203699,0.26082561818492683,0.0622279241264361,0.16382581161211626,0.5325956787505713,0.6736613454728525,0.5152492000718343,0.6729322297292138,1.0494412890743097,1.3314107259814238,1.280431922361145,1.0110686766469121,1.0348648860631973,1.021233574549398,1.0668019317606938,1.1975500947565703,0.7018498386087972,3
1132,3,1,4,0.8097476557350587,1.2366392065205714,0.9245094064282421,0.718799247003725,0.6591065570138686,0.8050463317278285,0.9789278117894669,0.8984812003184608,0.8376679241654741,0.7663675765035851,0.7472367419844034,0.6736427728414862,0.6212721272212373,0.4725266377901215,0.610017410373518,0.9271095256671178,1.1630579362721307,1.4969966894970146,1.4049877017730308,1.0843766654543683,0.8918258563040357,4
1132,3,1,5,-0.0609246212700809,0.11801537736702569,0.2633257105533485,0.1797256463627445,0.402548599607951,0.5663264612504323,0.27439199572841405,0.24058714307917473,0.22881845644612342,0.3675481786352538,0.5416835045266843,0.4587496663639976,0.5080654973130395,0.8524848506767855,1.1539884251850019,1.1191702713915488,1.0415327941270862,0.9756962660711702,1.0048351599818885,1.151766973279043,0.5694168178338317,5
1132,3,2,1,-0.1263933841671871,0.026492638002014554,0.1687563088925287,0.234621496428975,0.1462687757966469,0.32950424197116185,0.5741573198311185,0.07125284536586046,-0.6074516655201257,-0.464167438156126,-0.04668201765214369,-0.00958884119210175,-0.0559207119936226,-0.1847155468100615,-0.35230501332870023,-0.49023875604300926,-0.6311036736018936,-0.7970587136476763,-0.6861447945655911,-0.5921279294102046,-0.17464224299000686,6
1132,3,2,2,0.3469883642635466,0.547879000956913,0.881088933407718,0.6257865659313645,0.38214981459295005,0.6098017537860511,0.7958370525151922,0.8034467585602982,0.6704435399472035,0.6717621500440407,0.4534142698031639,-0.2862351767553054,-0.10449138899882224,0.23793769472401904,-0.04782341612373875,0.03552743877076894,0.057343976380705056,0.26992074491732637,0.5050986195196231,0.5226288007482319,0.3989252748495624,7
1132,3,2,3,-0.27246574834504306,-0.12377996400066249,-0.04266609998354624,0.21816009218407995,0.4433792799984895,0.7185498610054094,0.8546109842959614,0.8229398129801562,0.5956562512518245,0.0662298158913465,-0.3745749077376641,-0.48629362193276693,-0.8082413464881035,-0.7357279271628548,-0.2159967289004143,-0.3421525703130027,-0.518984489801273,-0.3693103942475974,-0.1878453526688401,0.09310267618118755,-0.03327051888966565,8
1132,3,2,4,0.0354984819859549,-0.3330694089293494,-0.47204970865150253,-0.4659103273642555,-0.18339824684054923,0.02015300922167515,-0.053517079176222004,-0.23503726638717726,-0.224258934820944,-0.05676055224638365,0.01953567653444975,0.03490448180341289,-0.02208781778654475,-0.24201753138672155,-0.4296362138145007,-0.18335468289012896,0.0498602522164869,-0.24610100019852574,-0.6790727962128209,-0.6415676096353929,-0.21539436372895193,9
1132,3,2,5,0.21710862961258237,0.31193295145994926,0.4345435458461153,0.5293067577842975,0.5774838751838112,0.18431567394640233,-0.3570899299980171,-0.7022773038704098,-0.7070013791223045,-0.45893465960291635,-0.21547479542697465,-0.23151024382031465,-0.3946926252996449,-0.4399930853386391,-0.486512504301404,-0.33608128458185643,-0.27637896301406073,-0.5230344619119018,-0.6005976886046096,-0.7424755502674281,-0.21086815206636617,10
1132,3,3,1,0.004621985903975598,0.6059961024647742,0.9459564566412975,0.6269552524706294,0.30112133667610974,0.31289207646840916,0.32417234620676383,0.5780978732120524,0.9134526137192704,0.4886419246052143,0.14100511187465237,0.33307370566317246,0.6977932595685046,0.7971336370116967,0.577790265305709,0.2645977977488012,0.2069698565886538,0.40229416176598676,0.2345507885443383,-0.1089349624622734,0.4324090794988869,11
1132,3,3,2,0.5141459666579077,0.9381080014873897,0.60868362704219,0.2726376789753997,0.3065937771839645,0.5073241456010766,0.46554863876837493,0.2841306559141489,0.48089940155488664,0.5495813363648079,0.48968047757391653,0.5081375330624632,0.6533843413830382,0.6890688342167955,0.746514104873984,0.8422566419901639,0.6031694739781509,0.20865485629039066,0.13658621879657068,0.19588149873450644,0.5000493605225063,12
1132,3,3,3,-0.12101403135983804,0.2773512675865128,0.6278186941916539,0.4855804673677443,0.4395583294283715,0.3011089222775093,0.2353995341929263,0.1540436847850545,0.24512340726053172,0.32474175153918483,0.06295680638023729,0.1008192874337578,0.3842577652908917,0.6177799345257887,0.5616701669527779,0.36750114803064327,0.1517908727167273,0.28971414261119427,0.4742241265840106,0.5330868526827937,0.3256756565239237,13
1132,3,3,4,-0.0536224129223303,0.10538535983528119,0.5595712701825142,0.7676568700582271,0.6972158669292285,0.6658221238585702,0.5038117929460391,0.27321802118536176,0.7235997472250142,1.2661895206763787,1.010652285566244,0.5887911406555862,0.5935134234232708,0.9375771846337202,1.0130854969044651,0.9783616590620666,0.8481676811881864,0.5795556113600755,0.3318569933039376,0.3258133135343758,0.6358111474803105,14
1132,3,3,5,0.49551350927631677,0.3848535937200339,0.20053565933409484,0.060322662621299296,0.009291990761519599,-0.0644204088774859,0.1008133763921476,0.36523883199018276,0.44230548249849033,0.4410160858567793,0.4577601980566584,0.6336356480189337,0.7339912112704767,0.6729691268925218,0.3658636491390723,0.13292572768105101,0.08284067442033755,0.11991371769848685,0.41311663306719126,0.6667596931222406,0.3357623531470174,15
1132,4,1,1,0.6016624385761918,0.8283947384694399,1.0395551214566074,0.9076779581962825,0.7896624376865533,0.6102487738539679,0.5003423518211343,0.8108578386065695,0.9932213842262156,1.1179735384069613,1.2758226367493894,1.37658182517605,1.2066879499883445,0.875490730472497,0.8573456117496432,0.9994921123762093,1.1183768305550252,1.4131035078972003,1.5090688864192,1.3142061114625418,1.0072886392073013,1
1132,4,1,2,-0.08257903037376015,0.0754443190765805,0.10374773000095204,0.19374178077156495,0.0360748934127475,-0.0232004480374652,0.203518443011139,0.14474281804503622,-0.2051303380992647,-0.3315789847944831,-0.23288107568486388,-0.21367100948629214,0.025937262801883798,0.30602104423140036,0.1168015624849324,-0.16629257926789687,-0.42987338935986186,-0.4168827370601125,-0.07741084251768299,0.27176458283447213,-0.0350852999005487,2
1132,4,1,3,0.3455186732931096,0.33367078741201206,0.338375421748519,0.43438429492936814,0.49257382998073174,0.3954218521606194,0.2057895307912037,0.002343199978029342,0.0898075345284875,0.5055364117748393,0.6482633909378754,0.5271726739129665,0.3215637296032474,0.2915976159571476,0.3318613025271625,0.39622315153211846,0.44879185235566355,0.66042253940563,0.7191625854048895,0.39618755458473004,0.3942333966409175,3
1132,4,1,4,-0.5717753664983434,-0.49650795600949027,-0.22833515783334765,0.10171650276682453,0.22339370820434468,0.10558747137165,0.06364064492594665,0.16340964108068445,0.343131481623855,0.37952234891445935,0.15318812762201606,-0.10047580606374966,0.12776608406491846,0.6056419684491445,0.9139707882455387,0.837643533852476,0.4474424364378663,0.19311577422734866,0.1686367243938612,0.42851036481892407,0.1929611657297463,4
1132,4,1,5,0.419854559291154,0.7143206424865133,1.0366140172417635,0.8226066773811922,0.5183990609866731,0.6001748572866963,0.7640265708642469,1.053713510990297,1.3108970699510563,1.3771492072549347,1.4332216763857932,1.4204678712346306,1.5480985106429537,1.7572950858364444,1.8562454874984624,1.5326213371628965,1.03505646947383,1.1248301713714177,1.4995785896467781,1.5107633814921082,1.1667967377239923,5
1132,4,2,1,0.1732113644843872,0.35217374454681943,0.7025639496939675,0.9196056741638374,0.9646107604399758,0.6917814737970698,0.41051673589405485,0.16156051585685188,-0.07381588920839754,-0.1956347367556583,0.04712450328052534,0.5733891876455459,0.9415591583409304,0.8677896356448385,0.44480416250198807,0.35408617772988393,0.3853952580292084,0.40744266850498423,0.4112554557270133,0.21460866392871036,0.43770142321232675,6
1132,4,2,2,-0.13662516694719695,-0.26905341207798744,0.17657152421771266,0.7035975990965488,0.6500105350736021,0.42390785103770134,0.3758810205299842,0.3750766067744691,0.5913030681120266,0.5599053979777728,0.46797612235904273,0.7170758540998975,0.8717981485130946,0.7817954172289053,0.864831283259979,0.8578298916274028,0.9629178818996735,1.1500321863502536,0.9902816198800928,0.8984266424290341,0.6006770035721005,7
1132,4,2,3,0.18036129243683124,0.17782140832808635,0.41820134585457036,0.7345366682394017,0.9961112177505672,0.9094594624892189,0.46754808654239044,0.18640376616577195,0.17768462025266601,0.3915017846770496,0.6232417078228831,0.9262318276237549,1.3692491070185628,1.059511148578899,0.5853309767692805,0.7724560762876386,1.1843743400712532,1.2462984568971276,0.8954058769075244,0.41295818361684267,0.6857343677165161,8
1132,4,2,4,0.31435050084438265,0.7255625209237301,1.3673875444828376,1.377505604013782,1.1277414166777522,0.7594689984678551,0.3546868121992562,0.6118669465780616,1.4260941476398221,1.565188941153018,1.025426872018072,0.8071798202736798,0.9984973019479112,1.4259030937274595,1.3500957887020784,1.1717468082605937,1.3550819656173891,1.1214041264438575,0.5477295529501262,0.3171389357826881,0.9875028849352177,9
1132,4,2,5,0.8659260750396336,0.6806702177059204,0.5659545542027518,0.8774600075386589,1.2693673673154182,1.423824318002372,1.5493679638222566,1.63240049448373,1.5081309140683319,1.4519815924010335,1.2587978765087222,1.1898960289231635,1.3710928442091435,1.574144787724947,1.8746617636694025,1.957755359642023,1.5914541123843762,1.1963205351544968,1.2904536613917936,1.4203137529151433,1.327498711355166,10
1132,4,3,1,-0.06716363473219285,0.15201694618970668,0.24356259333088787,0.191565005785474,0.27789123957143375,0.49911154650994194,0.7236971000223751,0.8138202246467003,0.7707987320111577,0.4831352672441853,0.36008534951741733,0.6317799079965849,0.6530109633324922,0.5850333333700174,0.2955688797901725,0.24449674009922562,0.6934934024270231,1.080538943231569,1.0497730653948791,0.4881114629780675,0.5085163534358559,11
1132,4,3,2,0.3507951890094736,0.27493189817905017,0.2767700098528645,0.3304008326661865,0.2425260383355366,0.2167940240598481,0.3284179756286028,0.4832076317969334,0.624589269308201,0.7339853216888332,0.9624245149118769,1.1719249303481236,0.9260585587798611,0.5141167986710318,0.4732815710582514,0.6561136760415212,0.8120456010580417,1.1345942508807658,1.515294224827458,1.3976204757258741,0.6712946396414168,12
1132,4,3,3,0.011737478956213502,0.1212305754701746,0.08661101382674725,0.027693866214267348,0.3252464583346003,0.65139432553016,0.29009435465155786,-0.1576937167430193,0.04626038694462105,0.46330031890892037,0.6321140243430305,0.5545989996558165,0.05520812480576179,-0.255357158130967,0.22770274800140905,0.4990883621975821,0.3720359488777189,0.20761189611663233,-0.15826876499297074,0.022641653547958357,0.20116254482581075,13
1132,4,3,4,0.22231028468360226,0.22133971053400886,0.0635330939900153,0.19371083133590675,0.6182262419354829,0.9877437722904114,1.1141075464356,1.2975023028169086,1.4429193727347787,1.489158825935747,1.5546456144139469,1.2149149262501824,1.1448576020269239,1.2073478769919395,1.192154040594613,1.362932427006687,1.1865079579071318,0.8350616713653651,0.6928372910099878,0.7771328731190306,0.9409472131689135,14
1132,4,3,5,0.6135014396127942,0.4988622984774285,0.7254195259754681,0.7245753359142774,0.4466025912973016,0.5684523739604981,0.7035014477413778,0.834066797348572,1.0437634956761097,1.301467157373427,1.3614601646365547,1.1214370959426623,0.9897706491895192,0.71641727393524,0.6908021801908146,0.9397147306077209,0.9938506659071404,0.8510135245962167,0.5781767965980011,0.34522698406355534,0.8024041264522339,15
1140,1,1,1,0.12453426528018001,0.47853280013167887,0.8513102571821595,0.7019188499986536,0.24634332395097333,0.036888631295582855,0.08761723253633985,0.25091686952387166,0.5145355138409221,0.520697174982379,0.38671802574490344,0.10044174065647055,0.07007387632909329,0.2830997777141459,0.16731584430474866,0.123572792715247,0.18345573175332908,0.2541780055073042,0.3660063194474424,0.21307619615306492,0.2980616614524244,1
1140,1,1,2,-0.23113162887509958,0.06405139213497214,0.3715538520217971,0.35911701727913176,0.11488046890849775,0.0775680671069548,0.2855525137115848,0.41777494746573485,0.17270816785575213,-0.02874171029589805,-0.02634484109848905,-0.16599238816794595,0.019455605452206814,0.020217673193609065,-0.18346214094541805,0.010253087267211,0.31965069452604317,0.502136404597739,0.24826119647835548,0.0036432335609634,0.1175575806088851,2
1140,1,1,3,0.04667695247091895,0.24548355024339139,0.3787894872892106,0.26594219032123634,0.1871014414231743,0.15976103291898092,0.21725369877226836,0.31839057569180745,0.22129845969192014,0.1605359890046575,0.2120205635105307,0.2324111094108019,-0.01046205779062745,-0.18544549630016463,0.03387695944693995,-0.013291739472109737,-0.41347937423447023,-0.42452192507521985,-0.25972976612995846,-0.29143951661688244,0.05405860672882025,3
1140,1,1,4,-0.3396709723637181,-0.21763870093003945,0.008295312643416649,0.0433679274873569,-0.13095729798384192,-0.3340606513541269,-0.4330320009851921,-0.4892074695571725,-0.47537579735726543,-0.44756770989161243,-0.5473760010849943,-0.6354237560409937,-0.6202235860618177,-0.3526430705648258,0.002778308525741447,-0.172657574222234,-0.6480668185860603,-0.759209891425266,-0.3808559529843729,-0.2708487929589143,-0.3600187247847967,4
1140,1,1,5,0.19586074831684863,0.1608248006169638,0.4071880758984094,0.7190591425168349,0.5731564604690428,0.5390297690545293,0.526413962514961,0.1951792737379022,0.07957016074001419,0.14759410030786854,0.5077771926243363,0.8283391215727759,0.415234480660612,-0.046429868276095645,0.07932393115707045,0.33519442992713827,0.35206966544831386,0.08624868517642259,-0.10912612666509255,0.18971235319942467,0.309111017949914,5
1140,1,2,1,0.5618666986039618,0.26607247921138594,0.25558454708138273,0.27949062665074104,0.4503567987268429,1.0367576131965939,1.138375271402067,0.852998617865817,0.9355354947077736,1.1509916105027478,1.2015808309659068,1.189480655942254,1.1630131402814017,1.0877668046466338,1.0882978058421044,0.7156712552704109,0.463266287928207,0.5438782074307424,0.4954656551571291,0.5039492800622636,0.7690199840738183,6
1140,1,2,2,0.29040181795836323,0.6134201162521498,0.735126104105311,0.53771449178185,0.3021303907705294,0.4448019892869033,0.5523217388936276,0.33859213995263826,0.03385449698213425,0.17739638166520155,0.3055438542393403,0.4845683904461948,0.7068176298314475,0.7066520207834448,0.826886030662794,0.9938394887613089,0.8728965959439052,0.6635714474404695,0.5466146332586512,0.4104704045334236,0.5271810081774844,7
1140,1,2,3,-0.023000625034296052,0.134903302939276,0.5541247358948276,0.7919435895989081,0.45036808615145596,0.0761884427379575,0.08715537511847231,0.32029620792129226,0.48610040966111634,0.40193930943870226,0.15232857681081685,-0.029216443002443207,-0.18335731254784315,-0.1158836650833811,0.21951300395750975,0.3307334093993445,0.2346719947836198,0.20250095586659245,0.22372809002083766,0.22733689692935927,0.22711871707810624,8
1140,1,2,4,0.1054710887401219,0.029220012919723797,0.31914230818145944,0.540570249694923,0.2966719956398468,0.38150854224112624,0.6708572341941688,0.7062016550639955,0.47393840375948726,0.25740246546912915,0.13716466786483783,-0.03129133237911885,-0.0922694426940533,0.08473124961559389,0.27158938048865156,0.2604753132406389,0.2213238609107919,0.2564265520797989,0.11683736884090604,0.09647864883693605,0.25512251113544826,9
1140,1,2,5,0.0683260604115051,0.2320965332065142,0.4495667524741105,0.3080167534018328,0.2722895152619197,0.3201453290540604,0.44256653007663505,0.5127532665793737,0.3094742574790045,0.20314915669850706,-0.04179267309127134,-0.08328932225341325,0.24843829304181786,0.12880531434159892,-0.06674881048920825,0.228668127462199,0.4057476092731849,0.3376228842745393,0.37084499489146383,0.17492092742019705,0.24108007497572853,10
1140,2,1,1,-0.25009296656051394,0.10613258076976739,0.7060654901122111,0.6803708422647301,0.45819111687175496,0.16932687818647738,0.341920705111234,0.3708146771032492,-0.012263704755557249,-0.0062226532667837495,0.10142968957533616,0.3100781091311834,0.48284559268811855,0.3724485271731227,0.4298722232737109,0.1620737104987787,0.2290094733780908,0.7728708132380044,0.6647287131053639,0.3523569478357114,0.32209783828669947,1
1140,2,1,2,0.0987459081408511,0.3793102242704205,0.825330938145191,0.6707647297112337,0.2184481393097943,0.2009309130842778,0.3381479584926727,0.286712166684781,0.36163987582961465,0.6089744802378527,0.6012874953684034,0.5122965274511161,0.6811073663165957,0.7786133215401903,0.822582838467546,0.7870512576327915,0.6398102276336848,0.6488489177098451,0.708647966107453,1.0169959971123175,0.5593123624623316,2
1140,2,1,3,-0.18762306669100426,-0.15264157045726615,-0.23769332300698476,-0.13932781751073206,0.10623145385272931,0.2603311057483224,0.7220018365734554,0.8558861773502703,0.6796055491551889,0.5478596370704176,0.20454001254460108,0.4554212810664635,0.8155742270427186,0.13863938024043146,-0.002630273414226142,0.6190968461559787,0.6968714003468577,0.44844503995292184,0.4148436347146144,0.6088350724241701,0.34271333015794636,3
1140,2,1,4,0.14370887454870623,0.2996563164900746,0.47859080125387155,0.3125991577431424,0.12953498447488926,0.1268714678438378,-0.02434228030099045,-0.0390979097076775,0.1150050566440336,-0.0178034749535574,0.00966831498138214,0.3467154726351356,0.39186792226803435,0.0864520761022162,0.03304485568875651,0.11996520284445106,0.37159547716113867,0.6336995541407109,0.6923520333714464,0.9151780179341699,0.25626309605818853,4
1140,2,1,5,-0.0176662433460186,0.049958821229120945,0.2140739339848681,0.5175286010659259,0.5002095480763871,0.32102654251472,0.21137343973690945,0.42380828319669905,0.5119499345472678,0.48958757311139334,0.4193801639908399,0.23589128999597053,0.12480698085298395,0.09136179214128,0.29662766643761934,0.2294547984054493,0.03678684665263565,0.2799912678615288,0.39141946376699643,0.06892458695145634,0.26982476455870164,5
1140,2,2,1,-0.306082472373323,0.1779514902417769,0.27410051755664294,0.0757744634119549,-0.09837502169722125,0.009971036039642708,0.5139226012111203,0.4603878189340344,0.214116788697093,0.18256276597022836,0.10705750580723415,0.19785339202237684,-0.03887986983856165,-0.388345971448054,0.0189320201897146,0.6362800394066315,0.6143507238855189,0.5586894050352964,0.34141725192099015,-0.06758822293538759,0.1742048131018854,6
1140,2,2,2,-0.21819899463867118,0.28515272682914716,0.6077829697925935,0.5024791645259876,0.30155480908686727,0.3087360922257274,0.17933685616775352,0.08064402221935854,0.5649310494315594,0.9484126113997515,0.6929759682135993,0.4975322856979627,0.6813053987971477,0.874207460749122,0.7397154304946997,0.32553222902608747,0.05075518454973895,0.326218634600005,0.5485241882251742,0.14390613165358335,0.42207521095235967,7
1140,2,2,3,-0.16508512668071076,0.0374874724312553,0.04608321895017385,0.22510807996781174,0.1787509626432443,0.15148866998140134,0.3904207178542305,0.45616792405693574,0.05073771184341805,-0.19963243765521776,0.2652767614450911,0.7582022838939884,0.4895414914873775,0.0732972079476211,0.11266333696532643,-0.06449662256254,0.0068362855524763955,0.07290820360862445,-0.14511766670275383,-0.22115539080765018,0.12597415421100513,8
1140,2,2,4,0.36329748577819476,0.2870806991890588,0.43692205789593097,0.41315377054518937,0.6122787849701445,0.9103760133130827,0.7224173797663238,0.47236729428948987,-0.2901581685913067,-0.8168825358551153,0.2804062722061236,1.0395607711181971,0.8912390422923346,0.7593991643251992,0.8994937038010579,1.0343377975870536,1.0915230844136117,1.0951555038886007,0.7977908432303285,1.176165833246181,0.608796239870484,9
1140,2,2,5,0.7367165577710696,0.7631341503983085,1.1176719565005864,1.0047716089952246,0.8281635216486947,1.2265252863159657,1.3892974394114253,0.9152908458708928,0.510919933665895,0.8737300645393442,1.4643968614414176,1.4804738826898047,1.080323838325227,0.8390891925004613,0.868962417712001,0.786633218482157,0.44483513482697323,0.7129906741863915,1.6124784256784912,1.599662873777033,1.012803394236868,10
1140,2,3,1,0.2672513530436615,0.28191153204013136,0.28414897319892596,0.3021817978353419,0.0890771852008657,-0.12812549759681685,-0.3090626214059054,-0.3389917064566196,-0.3970706842870862,-0.4137488371573031,-0.037163261773090595,0.1518516386479532,0.0174953425008447,-0.34668548488607176,-0.5571895328723909,-0.25105608321675865,-0.00679633165481015,0.1175536589728892,0.49744206006281666,-0.57059723618391,-0.06737868679936665,11
1140,2,3,2,0.16318348983275488,0.3253619544796206,0.8065564343168885,0.7142126023604509,0.829498059012669,0.8982906646132911,0.7693248999759095,0.5635782143139604,0.3709426972674851,0.1359215994585331,-0.26160139685996836,-0.24764608535730534,-0.0622447692550894,0.0735561555956251,-0.06933297134954824,-0.2841782913830918,-0.1479243460286175,-0.1408836768756139,-0.25039022258645277,-0.18883392650448316,0.19986955425135078,12
1140,2,3,3,-0.43506928581053983,-0.31232261832118174,0.15657414758066948,0.3785142352885005,0.5500100703476738,0.8060171343142688,0.6563224973131715,0.1679897108227038,-0.024318125119991898,-0.14945142410353146,-0.2265873420423154,-0.2088548202289398,-0.23830114268102598,-0.20240577090927392,-0.22124086131951184,-0.14195469330165353,0.42982041187934883,0.8166001187013716,0.3479356344930478,-0.35994649129578915,0.08946656928035004,13
1140,2,3,4,0.5513202312090986,0.40793642421856124,0.31555666744028876,0.6008108619582084,0.666897727488471,0.8098779986832054,1.0624142323767296,1.4091332385535398,1.5859563842044868,1.3418429975397403,1.0754161155020499,0.93266174292321,0.8822808842077432,0.8977642412513547,1.1800930095057611,1.1732436816977054,0.6463137193591101,0.39519525542048217,0.4976879678382728,0.6833213928532246,0.8557862387115622,14
1140,2,3,5,0.0811511237673557,0.027973925942162903,0.22669825292031337,0.2505376168588773,0.14052755986741,0.0875972493458066,0.43637598463255556,0.6533424945290288,0.22763444244065215,0.06508197974305074,0.08550410195041674,0.22267422073542759,0.5848492201366241,0.7291830575488709,0.5549571098040722,0.2964805435732613,0.2796840167793657,0.461553838110192,0.43261692740237834,0.518675535055637,0.3181549600571729,15
1140,3,1,1,0.06649214409872001,0.26302727578853347,0.13694058430785902,0.431774014820131,0.6049285024150598,0.1356630712643927,-0.16272916718191704,-0.06801723246857486,-0.002568598153289886,-0.0035339387895741425,0.23391548221185016,0.2697221073645528,0.22396406630357177,0.28135875018733025,0.01889958967059646,-0.2213994573400073,-0.11303068590995129,0.02340721142013255,0.054506140250637464,0.13081500398071333,0.11520674321203825,1
1140,3,1,2,0.3111915843825024,0.12529025978260722,0.31596982459792533,0.36838494787943316,0.4216099894328238,0.45787237354071286,0.33361598127257913,0.08253938337649264,0.3239830966217163,0.47522456712165984,0.563530508515399,0.6130987413285338,0.41180083703086423,0.32491860614088797,0.2351857787508133,0.17252434122255206,0.20088449783907006,0.16770936657447716,0.4125584973931441,0.37779256541204387,0.3347842874108119,2
1140,3,1,3,0.058706479505268805,0.21008677155759176,-0.07284267869419694,-0.39657122366096753,-0.2548273123224166,-0.5350636762987909,-0.5372653313674023,-0.05604957088671465,0.2571547276067636,0.6351376944844442,0.6070495869887552,0.24239164405344737,-0.18086752057302868,-0.33266768316261425,0.01965585271849421,-0.08918318244202494,-0.4052361659687531,-0.4962104951053617,-0.3187562476575971,-0.19992389847364317,-0.0922641114849373,3
1140,3,1,4,0.3036204006258384,0.21778365454020704,0.3905465090952251,0.4590523338512636,0.19385288928748526,0.1596391624377674,0.3060919615120024,0.2008483517038741,0.2548243294737833,0.38664405398164314,0.3843341745934539,0.41693742592902044,0.13277941126161635,0.1531220367202191,0.3264878899339263,0.2102336605666957,0.11438008565384634,0.043340901820742794,0.19130998411951897,0.09388338311593934,0.24698563001120344,4
1140,3,1,5,0.04431792339978425,0.07635967393094595,-0.13036247767293935,0.05021828316550485,0.24308682014022415,0.0499966126074434,-0.06540993288022155,-0.2439737632869627,-0.590326233891379,-0.5838954404609662,-0.32468713034024077,0.043188218046121093,0.2968499805480551,0.2323881947226214,0.2773255023892946,0.07498112101255845,-0.2566532834971693,-0.19306490249398672,0.04785505112552606,0.0931621629631922,-0.042932181023629654,5
1140,3,2,1,0.5314433582751957,0.6757656023421933,0.6857014528872882,0.5842792843009973,0.5971170975855096,0.3733153893889083,0.31572396952908666,0.6599766798667931,0.6715878830398236,0.5475445173052667,0.56888286907238,0.6241295444741154,0.7200679767027138,0.7910882170611124,0.5835853080009877,0.31108432634076794,0.46178761027388043,0.5639846368400376,0.5879942475528116,0.762965584185054,0.5809012777512461,6
1140,3,2,2,0.22409934230727652,0.09654957384710351,-0.0520189430295157,0.05453533718417765,0.3740236043473468,0.6572113437396576,0.43220127270326775,0.27129737634022544,0.35580674462952083,0.2859694551742653,0.0429856234070161,0.12334855620954686,0.1299016669378906,0.12855419080417882,0.16713238663389304,0.28136350693431716,0.20486663872627314,0.21548835508527198,0.43548026258755135,0.249752864006558,0.2339274579287911,7
1140,3,2,3,-0.0188848096661425,0.1426842483483751,0.21099198327841628,0.22570738007903896,0.29096794656074465,0.1543392659932452,0.1205326311801876,0.13183236284058966,-0.10190102040764275,0.24034203850423436,0.4204811436889235,0.3271281135384244,0.5393728451062729,0.5094621389703589,0.3750642371741353,0.19196958411509807,0.31269416805903216,0.5620313280157241,0.5789836701524752,0.7066988697146734,0.29602490626230826,8
1140,3,2,4,-0.07192771127119646,-0.2604865553584777,-0.41747241267751467,-0.19377385856018553,-0.3963643804056752,-0.4160126738791064,-0.08111949882868955,-0.22871753126095185,-0.07504626118847954,0.17318233376571845,0.0789514516607816,0.1239169507179452,-0.0006984090686171021,-0.14042544682920094,-0.2582929040909096,-0.1291664069375617,0.2644264421858713,0.08474816188292356,0.025747674007609606,-0.1874150938148947,-0.10529730649753055,9
1140,3,2,5,0.1331749147850682,-0.0316839047683449,-0.1329633948233818,-0.9527096079163981,-0.7199632560964015,0.5076998340971481,0.5449708791221987,0.20191884937212792,-0.14805163838792204,-0.28182937844016587,-0.34991487391127735,0.021980678558641997,0.3897428332160582,0.31282810387963234,0.5423612774320867,0.7494024455862449,0.7391503819661129,0.7703805364118388,0.30516164885173547,-0.3390267694504221,0.11313147797422896,10
1140,3,3,1,0.17448087791701394,0.48772018692235,0.5019965100803586,0.6886356514425304,1.030444830888103,1.1330875142157537,1.1733597524311443,1.1576083726154844,1.1314687607210852,0.9803959427838698,0.6812479632037289,0.6578280975995715,0.7668392355154532,0.3485012233574105,0.39473759766202365,0.6573024281386004,0.5790988924312024,0.7927129637824887,0.9724215094628772,0.48437727840113326,0.739713279478609,11
1140,3,3,2,-0.024031043899088195,0.1529420876745518,0.1836983235388783,0.22270759566649753,0.20005327339423262,0.3424479422356095,0.32754445644880026,0.15544634252967865,0.1245046114595977,0.3610654816526487,0.6273118496045468,0.7563710035769035,0.511925915475153,0.3150377774784541,0.4192508252451993,0.3854307607918921,0.5933410268562405,1.0161806991474742,0.997844589414579,0.802428889358713,0.4235751203825281,12
1140,3,3,3,-0.3025456076201064,-0.4257130363165481,-0.41470866933776973,-0.3966080610372515,-0.28070643827944564,-0.13912151512871523,-0.02940473666216345,-0.03856104026137505,0.0922436604365171,0.11225831147292695,-0.11993088710466361,-0.26594484931645235,-0.3423383511771888,-0.2706557647869381,-0.1322820817948155,-0.05742429434054,-0.11211376493938045,-0.14540370352741155,-0.10186304326178405,-0.04358843125903215,-0.17072061521210685,13
1140,3,3,4,0.9217476358668615,0.6969676567157592,0.742854477669761,1.003334159288428,1.2344988849250655,1.4443841270088655,1.6053772453506059,1.598193633555347,1.8176399078762628,2.1569988675268705,2.2774021418035106,2.0844831408328117,1.9103521807108435,1.63167788188782,1.3542861773915038,1.3553045166241162,1.2069569833979594,1.3326085725187136,1.5879002866082979,1.71329829344267,1.4838133385501038,14
1140,3,3,5,-0.29264079415341837,-0.21814592934410135,-0.040134853016646196,-0.034950450129284404,-0.0101734171774542,0.08606588354397325,-0.14795501051679286,-0.4578057689452437,-0.20253239109328028,0.20559198337000284,0.33011732246614317,0.20588272695134435,0.1717932616880105,0.04976288523947606,-0.10004350183509865,-0.16449969927306904,-0.07864438421131675,0.26850005992258696,0.27599220245293676,0.024583690739653948,-0.0064618091660788995,15
1140,4,1,1,-0.2992851528529025,-0.2539270424500418,0.2996009806923208,0.2794988139670846,0.0450312269784576,-0.22550954719215255,-0.6236145389935122,-0.6106699567944182,-0.2956941741238236,0.09579730807290546,0.19849833916103832,-0.02063912165003185,-0.040513663701704554,-0.1871427003173999,-0.3366783675380104,-0.28406927363272316,-0.1009416330171049,-0.060926107863442845,-0.2679495088909727,-0.5162919216365378,-0.16027130208914853,1
1140,4,1,2,-0.11707492325526103,-0.27010359877378054,0.00605997375816174,0.27317112255095877,0.2625059910061281,0.28362945083872654,0.6665479393629796,0.5654797530175735,0.34993584289035684,0.39560125110477035,0.5211955411646145,0.5238060954561713,0.49903491263817024,0.4377613785708492,0.4698838418341582,0.9096855881423976,1.111395464075184,0.7369036094058778,0.41645768600059474,0.33890578641670976,0.41903913531026704,2
1140,4,1,3,-0.1972726042701875,-0.11146542888776553,0.05519610578103415,0.08514901661517946,0.02572680533621534,-0.0483820983868754,0.16988725306018995,0.7319173874349051,0.8727949580557343,0.6207170077233237,0.763552665460749,0.8232208733564117,0.6577114787319578,0.6771120456472712,1.1150991572480629,1.3165608097070738,1.2612156081775798,0.9008628100242697,0.608600158225447,0.6893261737667962,0.5508765091403686,3
1140,4,1,4,0.2600607179131055,0.18880745087342427,0.1277321705442252,0.14732524792958224,-0.11269314209349124,0.16580910370224097,0.5862473651208076,0.5127209134970456,0.5083826953490198,0.6097252848229632,0.5755566513030386,0.9820111873401781,1.141856559850485,0.6544481218116047,0.3787440506681652,0.2078130666095283,0.7116349052800657,0.9002083917877428,0.390013610723904,0.25314489295111725,0.4594774622992376,4
1140,4,1,5,0.5882503588591831,0.6529941340658945,0.9907101569763825,1.1309308041413613,1.0468814538966107,1.2325922363954163,1.6173664206686253,1.7403008175308337,1.5706572233209004,1.3977989402035038,1.3490393904063573,0.8671815225086399,0.34702607057489243,0.7183042490966447,0.9439625176392908,1.123114872742997,1.3813434791176233,1.5368601343697912,1.72126070416559,1.6475410604597072,1.1802058273570124,5
1140,4,2,1,0.6018429168237711,0.5719062234596843,0.29897644601194945,0.17323021758628585,0.0709794011151709,0.24276629217640816,0.36728306829285673,0.5955113067101254,0.46297669576923295,0.2161439029144916,0.5210954648665558,0.35180631440647453,0.0176043673632267,-0.02663520287328805,-0.023402544384070047,0.12648781294381284,0.1177211479457623,0.21130603694247885,0.3100803909576448,0.38355494735790163,0.27956176031932384,6
1140,4,2,2,-0.24791344686018946,-0.3438221806259659,-0.1530389268839428,-0.20372949555997835,-0.25147084394171854,0.0190829545163039,0.3049490597432635,0.3369896845301358,0.11328215150361434,0.1381712532886571,0.33807342482212904,0.46173266687216796,0.5965127240810476,0.847195641129328,0.741753703469449,0.41855134401611005,0.3760204157608213,0.37747479051780886,0.46298771880789336,0.4277588390124123,0.23802807390996736,7
1140,4,2,3,0.12398821358312956,0.0391003491341011,-0.0844647222813153,0.09948248418182394,0.3581869999018137,0.2196750901122771,0.03859810227517294,0.2672210801181023,0.3272203893775378,0.1086385827691993,0.39358456307577516,0.6527765033761164,0.373340601314596,0.3949554168652173,0.4912359468370236,0.40695218888827744,0.3936908233044739,0.4373798798585474,0.6741815989617741,0.675351971672077,0.319554803166286,8
1140,4,2,4,0.2404261333302975,0.23132567709977847,0.48894809529701055,0.7140604273097231,0.38592073301525615,0.41608494345014246,0.6534653959684551,0.6651465000294099,0.6911918355893972,0.7027783700433805,0.7011786280518704,0.8840380970600962,0.7136087304007397,0.1519015277526266,0.0884232538905272,0.16203101805980985,-0.004619206950460454,-0.0960963541997894,0.2921850621159013,0.5453353425670271,0.43136671049405995,9
1140,4,2,5,-0.42878740351995315,-0.3613987721995478,-0.2476885314595755,-0.001160821666614749,0.18471728410971244,0.27681174648036555,0.06015541506306929,0.1719438881449987,0.3308109927262576,0.4461099069271042,0.5424771947276622,0.3588018964451915,0.318699788243484,0.2329143724718428,0.2617459678527002,0.18411461384813405,-0.08065232996949015,-0.13997440781143844,-0.09780756109062069,0.06309765525969185,0.10374654472914864,10
1140,4,3,1,-0.017480586971326206,-0.07009340397908131,0.3326128778869831,0.10546755361982704,-0.16760458684164745,0.20266585143869803,0.5760530429483245,0.8417706440661545,1.0666461105613667,1.2901474441131096,1.2953567043636927,0.9617183549525705,0.5919990976899985,0.7506046575965946,0.8445251496341925,0.5777272092808159,0.3962842419698101,0.18815294473779454,0.23902924707913076,0.40722351842323373,0.5206403036285121,11
1140,4,3,2,-0.25243606685045794,-0.36683071827201136,-0.24676952749909792,0.07933649890284844,-0.23795881731071603,-0.43603925626878,0.014328877369222781,0.2422661215861926,0.20085834696496307,-0.16018407264599122,-0.14402654303470538,0.16224293467097617,0.1546383351338478,0.4515966829432968,0.7828376073182495,0.8564167841859103,0.6286446211518439,0.559144783247409,0.6408582125668418,0.37927254883479244,0.1654098676497317,12
1140,4,3,3,-0.023811458294701632,0.0724959539700123,0.6160484698669241,0.9431275401676242,0.9998327552805744,0.9463621253627854,0.8402566573426823,0.9396199789096678,1.1976219149971845,1.3158040675836378,1.457187935739685,1.3414788279378795,0.8412198914035265,0.6043785410273033,0.6110435113594718,0.5319095813401418,0.4825981493456837,0.375455761817716,0.06397718717729242,-0.18397102352361633,0.6986318184405736,13
1140,4,3,4,0.35023295827061407,0.36319483198445685,0.40038616102742913,0.4705335830359153,0.851285210905963,1.3067641979839857,1.3214499584292752,1.0683194190206344,0.8869048447756939,0.7394207772399373,0.9291519315372883,1.1358841802811244,1.4805277044785108,1.784166010622462,1.5923212986714381,1.147961943315542,0.9354786539171122,0.8940609583098169,0.6751538141514062,0.5642491546181447,0.9448723796288374,14
1140,4,3,5,-0.41880023570181385,-0.08019026771412135,0.4909985591961169,0.7307733156835483,0.361270153579225,0.44227921805158643,0.9032843144361229,1.1998922549379376,1.2405679871921547,0.9125588253364892,0.7856694900992389,0.9907174107286387,1.305901686921957,1.374692405852406,1.0548935878250343,0.6492342169219136,0.40757118066193576,0.35095362826116744,0.5505968371159342,1.1420911084154306,0.7197477838900451,15
1141,1,1,1,-0.7571700490819423,-0.21880432451167361,-0.04386490646219045,-0.1848533529769869,-0.15950399017132105,-0.36300281924066324,-0.35071823255690393,-0.046221125147359654,-0.4912081319928024,-0.4876788745946593,-0.4139658495957699,-1.0802577320443993,-1.1353232852680266,-0.9247038549904989,-1.1262052986781927,-1.3492834761867896,-1.3339945173962362,-1.3102634936984505,-1.1187713844552487,-0.4348619701837673,-0.666532833461694,1
1141,1,1,2,-0.05423806254253824,0.3905505521852244,0.84497534983686,0.6496976152355257,0.664149773969021,0.8286339320489913,0.5988310095966269,0.8122882836226524,0.6531386595198017,0.5206337166130431,0.9117000388487589,1.2427477943328706,1.5021849451209524,1.3714638445903402,1.3622562650476235,1.6298952717240038,1.6722400261315609,1.3129496994905598,1.1280054245400226,1.1331268709878102,0.9587615505449856,2
1141,1,1,3,0.7091681476623598,0.8179462240538875,1.190303721418613,0.8989803440220654,0.2901218370264925,0.2970712951476311,0.5212851831222005,0.6720538070422968,0.9160807579397865,1.0749962130994744,0.9943735289005062,0.7356259925351171,0.9321922572326342,1.567012160986475,1.6334396260402788,1.188052023187359,0.8278933691915438,0.8837448996334547,1.6038439326433434,2.0881977780342327,0.9921191549459878,3
1141,1,1,4,0.7384777341113937,0.9788301335826994,0.8381475012925148,0.8663398131149991,0.824060544222267,1.1151099282477193,1.1872737777860052,0.9925834460629077,1.04571970631727,1.2694944144464504,1.6485089062427019,1.5632938189426857,1.5819884917578155,1.732655552018122,1.5016482502732567,1.6855098293965205,1.7325912118242377,1.6122647004440263,1.506818825237649,1.2772662491325677,1.2849291417226905,4
1141,1,1,5,0.06788369113460815,0.2019822156687739,0.07732086076863323,0.5677186168538348,0.7033699246739028,0.7016762114822327,0.9426667982652822,0.8543435606035148,1.020895005833378,1.043475428456505,0.6972934491219275,1.0693030393573073,1.3203791246350085,0.9132926739750599,0.849273689642386,1.0742212194108356,1.4952370911571835,1.5416559265127354,1.1568040117776741,1.1636927505272117,0.8731242644929,5
1141,1,2,1,0.8113883745027981,0.6969973279986457,0.17895566030375845,0.08491505504622765,0.023582580392645047,0.2910770472621998,0.5132648510176574,0.41629320848807533,0.7097247902749881,0.8277037042270627,0.7508916217719435,0.8363299974726195,0.8203305158937622,0.6384791273714743,0.5066962120250282,0.6191762275913849,0.8849569575161322,0.8663431740580506,0.9043650937489881,0.9619942378099015,0.6171732882386672,6
1141,1,2,2,0.477050918672983,1.0821198515419597,1.4669965260517357,1.280803407713034,1.011249832017787,1.0857191662104992,0.9320808643510161,0.5992818663476914,0.8237167144007687,0.9810923612150293,1.1722649767709459,1.0846349342771018,1.1054619457385486,1.6574330848617291,1.6776727545389778,1.2141335515357234,0.9681364997768154,0.979183672980485,1.1610805681055836,1.5126901935249482,1.1136401845316684,7
1141,1,2,3,-0.15290655686443855,0.5717958892799048,0.32290136799465446,-0.2447817272103814,-0.2835333768506098,0.130619299004857,0.39716282339937287,0.5118570535642635,0.5460987590894981,0.3840874901780178,0.6160978306802954,1.0851393233589461,0.5687750611928094,-0.05583540899789245,-0.11798157840171535,0.13630480626262953,0.5833106757222116,0.809627934778558,1.0514787017252887,1.2630174154878944,0.4061617891697082,8
1141,1,2,4,0.7523030901985663,0.7496386928608945,1.3704626829053057,1.6366068582290354,1.2835874689935414,1.0887398707719766,0.834582840828683,0.7989960305598194,0.8237777385041622,0.8140096712591101,0.7841276176616867,0.5810945791234972,0.633568374726097,0.8407217200253811,1.1996557762585625,1.5478398326542342,1.4200683122413236,1.3248637735469835,1.5953692221975937,1.7795094296195488,1.0929761791583,9
1141,1,2,5,0.5381513306936556,0.7965836949602536,0.6599436441741079,0.5076542142414535,0.5802243935163263,0.6766558961043518,0.9463840416992035,0.7425753642403525,0.45813683422416723,0.6621499400488187,1.0850328645271126,1.215626493959265,0.9467371584417344,1.0011005921140852,1.1027410446407082,0.8654763739483919,0.9069012731858725,1.5903667895914908,1.7775569016157686,1.4382783988416867,0.9249138622384401,10
1141,2,1,1,-0.7124135915922909,-0.21425877435146268,0.8585718148793433,1.5587969318049801,1.4067797058159641,1.0253681297679114,0.8315656675544476,0.5343185384700903,0.30074060024001814,0.0065907624750257965,-0.05885223463488695,0.6916648325859927,0.6339220085926942,-0.05772577953822014,-0.2527391358538418,-0.08617058992145375,-0.1870066652099462,-0.24603592290621928,-0.2669337952421605,-0.690917231877601,0.2537632635529191,1
1141,2,1,2,-0.42250151021973115,0.7859209022290162,1.809297232861081,1.4958597629516026,0.9789861248004454,1.0102658552559853,1.1756139197771605,1.3650492063044912,1.4491255915310859,1.3116243852483815,1.2775090455665035,1.2076280320913992,1.201911594560094,1.3938861991420832,1.3970565657219023,1.3193818066589085,1.3402148212770746,1.5001529825734072,1.4231876350622787,1.2701417615379786,1.2145155957465574,2
1141,2,1,3,0.8861482161350801,1.8929598090614514,2.5674700472020096,2.4263792422774215,2.7240608854178787,2.99181578981582,2.2995933433536098,2.175154935530692,2.336261385154681,2.1489272424810704,2.268478560520974,2.7451587437454563,2.599653751508355,1.802994065546621,1.8397472068388045,1.9260575861074596,1.9879935398589021,2.344043806625407,2.2942378261985095,1.8595958234326986,2.2058365903406454,3
1141,2,1,4,-0.045380065596461405,0.7504295838860332,1.4504292276917778,1.5791548449338426,0.865718829588725,0.5935195194150616,0.523667102767065,0.3413954709391186,0.588173886334903,0.6334446563156748,0.22630829564077895,0.15092467705325535,0.7447472274738557,0.6608978924560028,0.39479866510562356,0.8666529690898401,0.7126665465050189,0.6983295878839672,1.029858424519073,0.7435477860396806,0.6754642564021418,4
1141,2,1,5,0.2159150660727749,0.7287986997398352,1.2107687640159939,1.167953607623135,0.74392497115553,0.4782150742926482,0.7993326867747944,1.4233548075586242,1.0331551772227523,0.4768700489936638,0.6812424641823627,0.6228136991673816,0.3293024710329635,0.6419520330189413,0.8076286693550478,0.49730081362584455,0.2046664835616379,-0.17013187945227284,-0.05319068596130816,0.7209532759234579,0.6280413123951905,5
1141,2,2,1,0.0401658281042296,0.1501201267484195,0.4739660721952278,0.4557564561924675,0.41338133740845545,0.2985375853974795,0.12306583444854535,-0.1876887915711567,-0.5158329076417882,-0.09976523702624476,0.4391854217806949,0.19865347288673865,-0.17663121084129974,-0.1704368987436925,0.09508304480628856,-0.13921278754457692,-0.5312295995860896,-0.44129951389297234,-0.20158067119264425,-0.17885753229434298,0.0022690014816869,6
1141,2,2,2,-0.2297828207957039,0.14752372222934004,0.4733609339957291,-0.09626150589788893,-0.5539286561822252,-0.3787992751728239,-0.5460179374205693,-0.8746903099717842,-0.6481484152888423,-0.522668008505205,-0.4181925981863577,-0.008184524523360354,-0.056611721343176796,-0.08899731325331435,0.039762981410179254,-0.0266712561595477,0.057038823739828756,0.0537910009638625,0.07281931857852746,0.3628394092998633,-0.16209090762417344,7
1141,2,2,3,-0.20842746396952921,0.5461743485783944,1.1968153034588263,0.9207113947960304,0.38171849191783314,-0.08042689260132665,0.04179181587025321,0.32430955520935834,0.09488631012915874,-0.2857281255727112,-0.2999708875736492,-0.16744459202361475,-0.3633561652730035,-0.08160277313685727,0.38482002239111157,0.3485119337716912,0.049011212293770895,-0.020078818795506492,0.08208223776069196,0.19456619334476194,0.15291815502878414,8
1141,2,2,4,0.31774664727420404,0.9955018604870168,1.75642318641149,1.3424838600968498,0.957701429726864,1.0017232579690782,0.6879124932131078,0.5074881703688612,0.7391439467917219,0.6811463122379342,0.415926064742428,0.22097897009425013,0.4016323936758477,0.7860490106545207,0.8985889499937334,0.8045309060289803,0.6081660482952943,0.5973642869129862,0.8193058969619984,1.0726404896097175,0.7806227090773443,9
1141,2,2,5,0.4923701681597003,1.24861031395032,2.111819476927819,2.1823360119658597,1.9803653316481054,1.9944546234675427,2.06082524920454,1.7284177984606142,1.4062554859391625,1.041359321128738,0.8765378412346791,0.988477328109257,0.5194421040102198,0.4321875137053822,0.9468378627836522,1.2995909678761204,1.3227790597234952,1.2535061177832971,1.4732495272019852,1.56297390669249,1.346119800498649,10
1141,2,3,1,0.3174737937973543,0.9461733092313714,1.0820707998046717,0.7783215800980402,0.21826550586834984,-0.6064342985734665,-0.4725055213569768,-0.4170588749957196,-0.6991573855488991,-0.6114766595968124,-0.8690593611028832,-1.1132430468669559,-0.5928903562790006,0.0643562735365308,-0.2549093182708858,-0.5697655763535167,-0.33974634968944534,-0.004412212496900006,0.08354950591078975,-0.17817730000179455,-0.1619312746443074,11
1141,2,3,2,0.6825513790674317,0.9533851689810932,1.1082405302424194,1.3459208229013364,1.2648213444928949,1.0654132323437069,0.6647159369947815,0.33118845839537236,0.23672861180088287,-0.010818836550325742,-0.0482879128720569,0.2842335756387402,0.6277077603006256,0.6404793804215841,0.5066415549905892,0.5324045280565584,0.5311632769460812,0.5650449224855147,0.8109851878687206,0.9644611581679055,0.6528490040336927,12
1141,2,3,3,-0.0018823928580923577,0.4640665771598709,0.6785243942310075,0.6287873304534455,0.4000770983004715,0.38582753266543385,0.2602324064815009,-0.1329718039298658,-0.10308217553329174,0.21537929866445046,0.35579410942301404,0.08979713733887705,-0.023660420960063346,0.14143777608482577,0.48970852180059254,0.515812418479245,0.3074315950116813,0.05235810553175481,0.06307824290309759,0.4244846057451134,0.2605600178496533,13
1141,2,3,4,0.31693169102717983,1.0288867529334478,1.00444540237014,0.509698559569485,0.22086089533404393,0.107612496342185,0.35971408614479,0.25907110327185995,0.059270013273848704,-0.5168468699700631,-1.009046457530106,-0.17525417358334477,0.5435411560085858,-0.09574512526851531,-0.3724205894448364,0.07932349483805791,0.35984473481768753,0.4099339363973681,0.3846753737076695,0.21360827674854774,0.1844052378494015,14
1141,2,3,5,-0.27420572849028263,-0.00733924385858345,0.31690442124868656,0.5454779298595431,0.35984292018522446,-0.34551690943980684,-0.527257693292776,-0.45678972171803467,-0.2747944658792336,0.1690932569936577,0.01829324867717419,-0.1576782169495085,-0.0370647971599014,-0.2104941041911001,-0.2684110140988669,0.0866031749137692,0.4330071391369208,0.38503505913427905,0.12472400622148444,0.045243607615747555,-0.003766356554580349,15
1141,3,1,1,-0.5130281551291028,0.39033187213865617,1.2793457064249394,1.22205948466196,0.6010378646783728,0.28954284488784077,0.048820073728789104,-0.0990770073736216,-0.10859476941147635,-0.2048521725318486,-0.3429224859568579,-0.012167382165860025,0.22122073374324455,-0.19919998043796125,-0.26299570346282186,0.16417611942021748,0.41436389724247275,0.3426272885883337,0.0748923299586782,-0.10675196105106796,0.1599414298976443,1
1141,3,1,2,1.2959467354482366,1.7718170360001237,1.6323654835510264,1.290611583840975,1.3947040938774666,1.7306800166704805,1.7567231904515916,1.211687281486403,0.796819508398799,0.7167992076543255,0.7878315282230548,0.857998868030242,0.8525960947516471,1.0603255309979853,1.12770912597628,0.8974004692001444,0.9593089405304398,1.0935113376895833,0.8447251529787286,0.8030130634143384,1.1441287124585937,2
1141,3,1,3,0.7059964974057025,1.294959240931203,1.8127453401483944,1.8389658625261234,1.4151345792219368,1.0458524536098577,1.2082747291612677,1.4277465794925197,1.4311055863324458,1.3983294293459398,0.9497530141522617,0.6738846980642866,1.0453052660833666,1.2411780368465681,1.3068980800883223,1.267499910601983,1.0647783241341973,1.029330222091644,1.0452465128753632,0.9411224215260496,1.2072053392319715,3
1141,3,1,4,-0.22959644154084716,-0.09387626653159231,0.0892172388414424,-0.017013143441420804,-0.1820708863930547,-0.0806454285511442,-0.10063726221779676,-0.13327763736130485,-0.2055076255982269,-0.15561460728253035,0.29414395283929107,0.18272223132665805,-0.08637503652045736,-0.0908404747525742,-0.1440953953042546,-0.277260443656664,-0.37715697533834036,-0.34534881764509057,-0.33744782355362535,-0.402996329426762,-0.13468385860541476,4
1141,3,1,5,0.4981629741266036,0.8414739181246712,0.6126050350463128,0.33529454253554514,0.5768774639828154,0.500079948729038,0.13126253073819294,-0.054690922364604946,-0.17900070771987625,-0.1719876265291257,-0.29045423898664424,-0.20138139814763278,-0.1878378731294002,-0.38655878666403726,-0.39839147840112327,-0.7029100463596257,-0.6117590025185518,-0.24097956025947834,-0.21074768414849182,-0.4622976368216793,-0.030162027438354597,5
1141,3,2,1,-0.13070063732128856,0.44076850718274735,1.0295208288808821,0.9815211707745206,0.832944968323744,0.8785123292909319,0.8388492734663124,0.6735276236378969,0.18957699583223558,0.09002588545145841,0.4116900363011433,0.35325657539382027,0.15228069605651945,0.0983425888647433,0.1285289481273687,-0.04191304496935285,0.38112931546837203,0.8825967744532177,0.48148938955412846,-0.15682202246228386,0.42575631011535586,6
1141,3,2,2,0.31917682273414594,0.9091637774557719,1.2375059280475265,1.3356115880567043,1.6616178815731573,1.3838573814498192,1.1309542323114685,1.3973402881701036,1.481338010745847,1.0344329527097436,0.9058456932025261,0.9057570819217355,1.0826893556708266,1.3435063194510448,1.4314703350051183,1.6608336348714203,1.5443482338102803,1.094535070079948,0.8306117049779399,0.7852225149785643,1.1737909403611848,7
1141,3,2,3,0.26787324318147726,1.2873494556533287,1.7473394124599446,1.5886250178577779,1.5466553426066918,1.1629520085672744,0.5404006361821236,0.6728547966472709,1.1173364130164238,1.4530942492977983,1.4216568307133406,1.3039178113844394,1.1225155739413415,1.164301776456217,1.1165594852966905,0.8287818849243835,0.6095489213866366,0.7128110193281431,0.896152041352511,0.6959649656641779,1.0628345442958995,8
1141,3,2,4,0.30235108311656406,1.3268475354798772,1.4826784266170538,0.9949168860497217,0.42511171538361947,0.24024296420445057,0.5923746858764583,1.157762054069206,1.5561741383266046,1.2757724545056952,0.8842210003114452,0.9723106568090251,1.1873765600094388,1.3134489271994065,1.2295021597537907,1.0586271502549727,0.7395564250306775,0.18915284588388365,0.10404015193299146,0.35912072071907986,0.8695794270766981,9
1141,3,2,5,-0.15655426196749775,0.7435304093424111,1.3754629608407736,1.3739739394113466,1.1566367790099417,0.6721759665502292,0.6606857714576363,0.8114196121663204,0.7326355475338181,0.4990698722430098,0.5427899760156054,0.6423644093713728,0.6125903295935713,0.5529413293914069,0.4500692108841769,0.565441294797568,0.3317416499085075,0.11775822942738355,0.31604972787412966,0.4690288333988518,0.6234905793625282,10
1141,3,3,1,0.07611967486682036,0.7007387855413542,1.010496163412045,0.6700663047877028,0.47463923860464025,0.2787854330258851,0.2210039534871267,0.2926496691441131,0.2444648111833995,0.38439565817485943,0.5788764869980821,0.5139463217828693,0.1967696968650822,0.13712326397582095,0.05640208179295955,0.015555982292745851,0.020496019339779497,-0.13510855072935607,0.1573761810934059,0.5345212592680518,0.32146592174536937,11
1141,3,3,2,0.7281988380270166,0.9923094644314756,1.379672678150436,1.3797938546039812,1.0958747941872324,1.1756277516771108,1.048650375974255,0.9275921748851405,0.8576492097612206,0.4149818735493929,0.37144673539248524,0.5081432901602957,0.7357076099974933,0.9401933296341567,0.9683078020906438,0.7827944362077589,0.7916891452087353,1.1006861448119585,1.136550913344709,0.9344322195889516,0.9135151320842225,12
1141,3,3,3,1.4245550105663822,1.8587435463408317,2.0814299364984086,1.7838708517073016,1.5452008598614624,1.5958354295935147,1.7238287070963925,1.883682542921962,1.7987525874499652,1.5218404655870912,1.0522211431055755,0.9327671328021625,1.0561772241853666,1.0681425422188535,1.0413791071440315,1.1774227751238975,1.4823727766999424,1.5202517724633735,1.4434401134673926,1.4148649390847035,1.4703389731959309,13
1141,3,3,4,-0.155797222027048,0.20708841898218855,0.3771225845445326,0.3771344488961873,0.2625051808694507,0.10553653422946895,0.0068860915470803485,-0.18609756260862895,-0.2211516651421659,-0.1335256351263068,-0.027804680317793998,-0.050120975649747296,-0.19185990537109088,-0.4898162616334407,-0.4294456063088819,-0.18143153955294222,-0.2232460496811265,-0.2884593095840362,-0.03211525743397006,0.574585136811472,-0.03500066372783999,14
1141,3,3,5,0.18372560143245042,0.9569813639386584,1.2626883198479857,0.8471401744794831,0.4766945241323749,0.2492733583855368,0.08081400926355589,-0.2966769331124843,-0.5430241373959566,-0.36340847203135185,-0.37981095848634255,-0.39500759779645944,-0.2686262696131086,-0.014520544330999696,0.03579148643830599,-0.17769426125072646,-0.1727705882012108,0.39270486499700846,0.6790706664150261,0.3322570498020701,0.14428008284569074,15
1141,4,1,1,-0.4042406353607819,0.336156430060883,1.0551316345322024,1.0096046431665657,0.7169989607334293,0.5301076171297475,0.3484045110452264,0.0825210527710326,0.00020210788491654996,-0.25164062746166965,-0.276737690811454,-0.06808769841971625,-0.16362211843600938,-0.1807388020610807,0.17994997147459196,0.37123732318923963,0.24731148574541834,-0.01631583885574424,-0.009598477899379884,0.2671778650771697,0.18869108567522935,1
1141,4,1,2,0.45288382654835985,1.204136110550341,1.5623755915360953,1.3229594481629752,1.0148355973727172,1.142104977394485,1.2992015462839328,1.0959078043267771,0.8889762984968866,0.7032436716655577,0.6554262526106714,0.7776117936447775,0.9855991439788739,0.9129680641721829,0.9830181358584444,0.9588182775128418,0.7518701359725198,0.8711880024787749,0.8694538495329889,0.8574606140273312,0.9655019571063768,2
1141,4,1,3,-0.4762308443520582,0.2257007379335863,0.6622676348067222,0.6340955796975916,0.6378095437836074,0.24095736743847035,-0.2782264473971213,-0.4934551479273349,-0.6135611308787574,-0.13523391193979922,0.011999625895736832,-0.30569205940598865,-0.3913875442914537,-0.44114105032782663,-0.3768785332247102,-0.32682196694870924,-0.34790189655911824,-0.26832582388618215,-0.1433099817223456,-0.2825708638682636,-0.1233953356586977,3
1141,4,1,4,0.0004036214950662864,0.8349115088245427,1.45104885145896,1.2389830872914789,0.7163316758407714,0.6806264506695783,0.9478659111248643,1.0227341767603784,0.9753389313662992,1.0104020255065145,1.149161761871663,1.120750442777203,1.1463486021531724,0.9920683672412363,0.870183513437984,1.1253108304870556,0.9672659304211262,0.8388484061134431,1.0935438804501736,1.1961057089465439,0.9689116842119027,4
1141,4,1,5,-0.10082309616944485,0.8239343795501523,1.3258421266612033,0.943259416927499,0.5589331839090652,0.4792519968968175,0.7503852572753648,1.0044093448591973,0.8593014573744657,0.7620028816105304,0.663642739522397,0.6248726931314232,0.6788491195660168,0.5173230245268272,0.2574603973222527,0.1130344375827328,0.3351778897988273,0.5092400407469987,0.31399419565728376,0.34491853657468974,0.5882505011662149,5
1141,4,2,1,0.48374395689654115,0.8654378672511587,0.6795694786153632,0.662863790003022,0.7041540847519725,0.6711313428113648,0.5750013016210167,0.4558547922894969,0.5987180820271832,0.7061956099919993,0.6073260053486147,0.5274158618495394,0.3073298708028846,0.15834723059922215,0.40447938182743703,0.39624822914678703,0.28477316515690504,0.3725533206178229,0.37126551073319863,0.20380672359378899,0.501810780296766,6
1141,4,2,2,1.0796439471760102,1.3592222022061469,1.6494216611891743,1.6181498518170057,1.6338759338379452,1.783303583250793,1.5790798551700251,1.37479263506071,1.5128635442818172,1.4696228039303527,1.5643614995850479,1.7087167326048271,1.5104548209675626,1.5001786749136146,1.325177556693526,0.8956263926674002,0.8257850357537357,0.9945751869393108,1.1231919515240572,0.9434718304987119,1.3725757850033884,7
1141,4,2,3,-0.8274888553898316,0.26551963413533214,0.9997421408032033,1.1407963970977262,0.8502740865077902,0.8114651050612807,0.595160460840234,0.6111156330541225,1.3363158314167332,1.555280019959918,1.2350468576865818,0.8342263224385678,0.550319159852892,0.8057172428004218,0.7056531820194196,0.23313845615468087,-0.020232131806013853,-0.15771881318896258,0.18250454778030817,0.9107713063121823,0.6308803291768295,8
1141,4,2,4,0.4190041007816031,0.97664123307012,1.4903527527942597,1.7328137451460426,1.7753327096754288,1.3387547248037295,0.8183161101486043,0.8422438886617744,0.8443186947820011,0.7997818871313709,0.578027777844682,0.46745654928523905,0.8824808144691925,1.3833583656615307,1.4503905852792496,1.1228019243524956,0.781942930521766,0.8050031005244533,1.2454881998504097,1.4554601667333538,1.0604985130758653,9
1141,4,2,5,0.34447382755221,0.8762587003898145,1.424493416187476,1.4978626912425694,1.4737541846594242,1.5772735775724591,1.5567905282178924,1.4722155057548973,1.2650604125443632,1.102991863215052,1.2041499843339891,1.4185782258174862,1.0678979234685506,0.4972300870469756,0.8835552769653021,1.5616778526835573,1.8136647338532295,1.4054781741549516,0.8602454582183131,0.9003939795553642,1.210202320171694,10
1144,1,1,1,0.3671297481870635,0.43777801353588464,0.4535438130324869,0.17245434797224923,-0.18189155637333565,-0.15049181126738864,0.060441403584586446,0.05596073893254615,0.11600289101218,0.0648060554472071,0.16792741668943106,0.34011523902865565,0.28600248737539197,0.30273999064673396,0.20783876879619956,-0.055273323079005,-0.0700213830606103,0.1629981562266862,0.2109188164476241,0.18248467482398534,0.1565732243979286,1
1144,1,1,2,-0.07654286976029341,0.22463524297049206,0.3845387769121083,0.017039303415773005,-0.297900842030069,-0.3288066639142678,-0.21048479607548232,-0.03198872247560295,-0.20311013981381204,-0.26613830363424745,-0.3105428298863802,-0.36609041256239233,-0.24953764698735434,-0.05284545208071065,0.27922119368054144,0.21095568442733345,-0.1545662698691046,-0.2487862284126654,-0.14916749954971545,-0.10172305324947756,-0.0965920764447663,2
1144,1,1,3,0.6145094339500285,0.3818258189081799,0.47677495105963735,0.5908309192636083,0.40784572270554026,0.1474789562227194,0.05971435998708255,-0.06428888971715135,0.10180652082510765,0.2741885615271996,0.22981262793392843,0.24865104462092755,0.2933391098528866,0.2500099481304335,0.30482746173908076,0.2249026326375774,0.016308528160138447,0.10020701155221665,0.2690003495383769,0.1916080793731153,0.25596765741353167,3
1144,1,1,4,0.11789382659537315,0.28299304286974913,0.4406059771548557,0.1434671549066953,0.08687368559134545,0.3491132834588573,0.31848542840289207,0.36883421690435286,0.46422221635638655,0.4082341981166251,0.1721259920830002,0.036824896620755054,0.09314709493581375,0.19209276936873787,0.3496212835657802,0.2543376724431586,0.19225217921368037,0.207891800324878,0.34393004540590866,0.3309638202450365,0.25769552922819416,4
1144,1,1,5,-0.07112777506066639,-0.026986941997740196,0.10414998774415246,0.39562915886369054,0.2915462630537443,0.2963729957809807,0.4548751741487977,0.2997979151694412,0.1649766663812927,0.2693191437142712,0.4254858462080658,0.7110722143924642,0.7383386111797571,0.4260267373127906,0.1542386470658504,0.0414201993600823,0.0832875330719353,0.11894586432034535,0.14932697473511694,0.16448849121115944,0.25955918533277655,5
1144,1,2,1,0.018705355817457303,0.5953591191400505,1.1235832117321176,0.15589787038451536,-0.04122928322788505,0.5282087500189317,0.5144716113778826,0.6189574593746855,0.5572625533744264,0.43587155579123094,0.4599122946685764,0.6995214225117768,0.8419892204538856,0.9201440877632385,0.9075106326382096,0.8477693875541008,0.5344522176626073,0.30123634523499854,0.36038455560221794,0.35624513321261586,0.5368126750542821,6
1144,1,2,2,-0.014158431672121247,0.42896491340548565,0.528136971245136,0.739092387107676,0.7991912600971349,0.7972299849765647,1.0847720525677311,1.2145277538470869,0.8286370203838673,0.4858296793126403,0.4930647611879506,0.6267637067885484,0.6897253552489153,0.9198347777729119,0.8316917030212718,0.22753524872264183,0.10095359306312066,0.3560064577785814,0.4046733158168516,0.4547348119397999,0.5998603661305897,7
1144,1,2,3,0.31848447773694794,0.5866013178016183,0.9904512828984844,1.1596469857605678,0.9265898541303954,0.8702325093928447,0.8501771422885764,0.7262787004519808,0.5963760305375784,0.5106803638844297,0.2631156481238343,0.1811792746300426,0.4907785087503531,0.616943484471022,0.5379460185342695,0.4865440478524633,0.4544681697435261,0.3801315798963228,0.33002546350503986,0.34482423472100915,0.5810737547555653,8
1144,1,2,4,0.36359993527605294,0.47148799119260765,0.4517059915910543,0.38527387171931293,0.11461567527854985,0.153332407352732,0.5138423324592044,0.5793853306865697,0.3243183673169522,0.2700062563954516,0.35048175626105926,0.43736000390953333,0.6274921809003342,0.7000421725817865,0.6301477459072693,0.5022260417884121,0.28932993219246533,0.10172005310714295,0.2995630989487631,0.35465621693227484,0.39602936808987643,9
1144,1,2,5,-0.18626060230369368,-0.1112852784836301,0.037627344136547496,0.02874093546027755,-0.14083204077015404,-0.10961385857659149,-0.09148520832291951,-0.07192881327063336,-0.04476587576133375,-0.03745290701373674,0.06812991107544145,0.1248083344313034,0.02894117180812415,-0.009448376034636247,-0.1728728625116781,-0.27587626456624836,-0.09108935411474155,0.12603677910162625,0.1293474853450475,0.048740489364476745,-0.037526949550357645,10
1144,2,1,1,0.24553003844794036,0.34814521488596767,0.48256359932330994,0.3321073651682705,0.43744389607091094,0.5111397358088248,0.4057366002729248,0.3261883625414333,0.2508159513151633,0.37871755919598027,0.5744477632768618,0.7319493586814685,0.8127346882070416,0.5733815171449826,0.43093870305458093,0.4156772462473772,0.4055703259561142,0.4215381868657002,0.3958710728044704,0.4325381061072848,0.4456517645688304,1
1144,2,1,2,0.17798919366477933,0.09077157185997875,0.19562275127375528,0.3733540083430893,0.38512539826455416,0.2366325537142512,0.12963584186408886,0.19021676662801024,0.25371071587103633,0.313432639185178,0.4611349114235475,0.44178737898003584,0.27985217458022693,0.18283922356105942,0.1978306691888889,0.24298046125614675,0.231458379582138,0.08576405556725186,0.05907977764060275,0.0878852400935964,0.2308551856271108,2
1144,2,1,3,-0.1169279858791793,0.1147080938657377,0.4622333743083006,0.5527998558670948,0.1708798172235935,-0.06659451020277089,0.1411238152567046,0.2655496814224437,0.2751322608245128,0.29368112977032157,0.17209510355739172,0.21050826586664928,0.4188976673008358,0.403428699064886,0.17922091788631184,-0.0537020656675428,-0.1297357837662561,-0.020465918743283004,0.00489704024722485,0.14034906138530764,0.17090392597941415,3
1144,2,1,4,-0.1139232940075676,-0.052737983877067005,0.1199821374980487,0.34705687309521493,0.26798807571347644,-0.0223678457900883,-0.04566865877867285,0.0687701930203608,0.30022089714245603,0.40503050798953816,0.2954622929552597,0.0329098037014631,0.04775322183213154,0.20381325455090396,0.21943815197830607,0.34246355509219917,0.18344222250499215,0.035702407439186803,0.11909757611124455,0.1656114900601923,0.1460022439115789,4
1144,2,1,5,0.07400008433574311,0.0050988325087273495,0.3086277014143848,0.6414169452092476,0.3647536023604322,0.14377514716001166,0.1991533298496943,0.14688833027932824,0.057481838449458304,0.21027422454279723,0.20049022665348895,0.17831719637934665,0.43127999329332145,0.576815984717778,0.5410699632894468,0.24245527039084244,0.19867585436095475,0.38022731920013997,0.4433817307406537,0.45974815130702806,0.2901965863221413,5
1144,2,2,1,0.08135781082313265,0.4215753369628356,0.6799491891691871,0.5821376079368765,0.3841950323705702,0.24653889541869844,0.40015669712419066,0.4065592254364131,0.17961276439483181,-0.02942177493794465,-0.0020758678609768474,0.006156175903458606,-0.0527996155500795,0.0170500951569431,-0.05400563198248935,0.07710800085469366,0.005547845902177162,-0.18100448967524604,0.001397809724086152,-0.007122786228914799,0.15814561604712218,6
1144,2,2,2,0.028240122412279495,0.0230592996769399,0.17873715657965986,0.2710343236909852,0.2464579163374243,0.14198874209761292,0.22679576581065605,0.10815874439499056,0.1946737854668018,0.5240042793701216,0.317735735486024,0.1626807776426829,0.18964234417998566,0.24798517216170596,0.3719137022669332,0.3570782287997383,0.2901764540260504,0.33613264796682835,0.5213330236564164,0.5474951955400833,0.26426617087819604,7
1144,2,2,3,-0.1008937939595404,0.08637055993819347,0.46006809436159396,0.41495896344171057,0.19871174440091735,0.17854532776954374,0.23427587787659954,0.2658380981589742,0.4285460920870592,0.58377224916904,0.33519518841788826,0.035558396603479744,-0.040191108263525,0.13518058945081635,0.18886170609419417,0.1531278300052193,0.16588410438684154,0.06976984019029935,0.25841718843665284,0.2681073372947721,0.2160052142930365,8
1144,2,2,4,0.5272595816707752,0.6220458383352054,0.8524060217572369,1.213948058206298,1.2615536653376176,1.0036123404917685,1.050525358939939,1.017684362209451,0.8127136493593368,0.63567436046958,0.4649564626221665,0.3219700059666416,0.27520951415215217,0.1853815333171765,0.18226889595555024,0.3637584612363355,0.3652297399074458,0.5993076914524988,0.8197801285427696,0.6646644948950902,0.6619975082412517,9
1144,2,2,5,0.1050602830463683,0.5774537719510522,1.1555690241664658,1.1739253947770476,0.6822941661766972,0.3368892043111069,0.24735122657305358,0.18227221358980825,0.2677984508244039,0.45546267217348135,0.5700727547202435,0.7748467111275436,0.9502081585754456,0.947219110944156,0.8011378273343943,0.5161792588715192,0.4413168557608512,0.626184437003264,0.6414383853176475,0.40574520205768794,0.5929212554651119,10
1144,2,3,1,0.25148261705694336,0.3392245719157562,0.39605343319371766,0.3277626735842602,0.22868752577844265,0.1678841422557587,0.23098129189347166,0.38063855775361277,0.2008628017611173,-0.024897461781845348,-0.08246193058093525,-0.0348496054319809,0.25192443908114126,0.49015766112327613,0.2535951863084901,0.0867370233734,0.3560365457169668,0.6214955178608612,0.5398604167745261,0.31474865174236966,0.2647962029689675,11
1144,2,3,2,-0.31775332728296,-0.0111128042220828,0.05599580899098555,-0.35542099062187926,-0.6006758853855096,-0.7405712560732636,-0.6751070489275611,-0.3437194782052493,-0.1461541787033163,-0.3102448533940667,-0.3761951971450047,-0.22994238273822634,0.008632738282421101,0.04966784166823014,-0.13108489851454955,-0.12951464173379415,-0.16962871198013496,-0.22526882186814096,-0.20993673633030446,-0.1809384036284535,-0.251948661390643,12
1144,2,3,3,0.46525192408198135,0.5079443575197877,0.8055835202285769,1.1004845331470845,0.9857465065085105,0.623846642105558,0.3518654365132342,0.1633986423679415,0.1574461385566046,0.16165616821043943,0.09911993098921695,0.20347091891319308,0.14720028346332117,0.0360154069394334,0.20311144401684567,0.2765195788866026,0.2162107513698139,0.3274701997134659,0.2044008559298143,0.18195088384430289,0.36093470616528645,13
1144,2,3,4,0.050911829658935065,-0.10851811605934528,-0.20688344522933172,0.7382207156637243,0.7808378096278992,0.4110500200956484,0.5413500211399105,0.5835049950534907,0.6092714868536435,0.6926091509965719,0.9737993424626166,0.9918808697144712,0.766416191467294,0.7925227018531602,0.7184308974991667,0.6125123651305204,0.528565534136093,0.4277357369630501,0.6990647461754443,1.2039478218628794,0.5903615337532921,14
1144,2,3,5,0.21678312641430236,0.25429967755234245,0.4228194531435301,0.5446498484089365,0.5940513160940941,0.4818845851036335,0.4559791480530577,0.5036960543628333,0.5946741191881806,0.81640359541451,0.8280618433797806,0.5302543391326004,0.43154137690184713,0.5993492102579006,0.567657186792947,0.5285022438056473,0.7298026188982545,0.6565560427885053,0.6983280960659155,1.0498797198533822,0.5752586800806101,15
1144,3,1,1,0.23918909344757605,0.2638145928575871,0.4918265453138064,0.602861973332006,0.2817266651882999,0.39740720327991663,0.390010941117685,0.3090686670812966,0.5331567042588119,0.619536781695327,0.6841949203883685,0.5963096280764598,0.379323006082271,0.46287473558870973,0.6152926228496751,0.387666452949028,0.30685677440754644,0.34217904677275246,0.4857813339455582,0.3892764670711731,0.4389177077851927,1
1144,3,1,2,0.020803699252569446,0.09724883158186415,0.1470865229504929,0.34159997076137694,0.2430629940249121,0.1558286566450409,0.2129175927553732,0.14537508914586855,0.37523945516939883,0.7615647061588566,0.7111613155587264,0.4207705488802781,0.41677777474796385,0.4226649966312771,0.25411610840773846,0.30683663707516023,0.3462923159800295,0.3740875399880177,0.3429351202734031,0.431600373141664,0.32639851245650064,2
1144,3,1,3,-0.012499484395902101,0.01168205685536055,0.41170362374539227,0.526718302024491,0.22587806494100596,0.25011712763145794,0.31298925472847045,0.0447331816547597,0.01567338086663226,0.2537801037261628,0.25174371014475116,0.15012735916942335,0.1566006186848481,0.16791744640949008,0.19630579126990266,0.334000438447973,0.34554718418081676,0.3353018229791554,0.3137471408304164,0.11879375039708735,0.22054304371458475,3
1144,3,1,4,0.2707268058637424,-0.0066219097629377,0.2922560515794067,0.6076138075928286,0.3953373720272151,0.029676740909897602,-0.05985675636321025,-0.015287372773180149,0.0954030482664943,0.14984408790520348,0.2163995096340077,0.28571920382817767,0.16619902404266684,0.30571060144925216,0.3749518508423011,0.21015602504890268,0.22402151446094026,0.4388665780852822,0.4869601142486103,0.3776000690161394,0.242283818295087,4
1144,3,1,5,-0.24228935031138737,-0.26262089677017725,0.06301223696717695,0.3321708040339667,0.29276600576890927,0.23664720931003147,0.26988878867994537,0.3224456312733879,0.37993344888230984,0.4206415659007151,0.6378731634854641,0.5635564560901236,0.3456853457613797,0.42298543436959,0.40324996154679893,0.31502315036404815,0.29326940260625756,0.21963002462351727,0.2559886891851849,0.44166684728957467,0.28557619595284084,5
1144,3,2,1,0.45321579485189833,0.6023612111598344,0.6667530253251963,0.529594613051533,0.4405096438370135,0.2606163495956625,0.32451483995526664,0.4091483815689384,0.5193790407245503,0.4611645378423387,0.2908099678640485,0.3527661846855318,0.2997280688682754,0.19331918607990245,0.2040378965589813,0.24082861187498178,0.18712980863489692,0.3043159583643868,0.4378559623558239,0.508171497262313,0.38431102902306863,6
1144,3,2,2,0.041814607097136254,0.2298272069395737,0.37539962543066263,0.15492767202740845,0.22419694094861328,0.4220303797183067,0.24002373642403455,0.12885003483223745,-0.0123760190107573,-0.004613576604527547,0.06724957363401045,0.07655540131543775,0.28865641554017163,0.26224321638074477,0.0881537574715343,0.1182564397665326,0.0725613406104372,0.0847524097975272,0.3466848324084589,0.4358946219361933,0.18205443083318673,7
1144,3,2,3,0.37624182332149714,0.4068753419589394,0.5201243611980769,0.3791692981281795,0.017526777057217946,-0.0888515014540324,-0.2208467986726728,-0.26425110580552646,-0.1359986711073946,-0.12162827307095614,-0.0845504670631291,-0.1155578158860343,-0.1993824517651207,-0.06966285829991845,-0.004704129036111546,-0.06215007776881405,-0.0642529746424579,-0.0013343590490596038,0.22510949055719778,0.12007779898059989,0.030597670379024,8
1144,3,2,4,0.5127530363094545,0.5673058065891687,0.2367389312323093,0.0398287006774703,0.1983975292179466,0.4089443770223311,0.4240976055597331,0.20063346129250398,-0.011924704726310503,0.1762302873287124,0.35622093645563857,0.2509594759761393,0.1471874485371206,0.10155525736028705,0.12227057421716411,0.26223495422918514,0.35833690482569314,0.09325323049001055,0.16989373490535875,0.44018279850538367,0.252755017300265,9
1144,3,2,5,-0.47106116369497253,-0.27889101572218494,-0.1278893043951449,-0.10140155337635835,-0.37340474221420095,-0.47908617139503873,-0.32690140068126644,-0.4633229255812145,-0.46038495073898555,-0.3810901731999198,-0.4059881550974386,-0.04053531502473469,0.23369666386734195,0.2031356200942993,0.05553279363829125,0.0422127857737276,0.13777739404246214,0.04756035484579745,-0.0772346801966299,-0.16175146741788632,-0.17145137032370275,10
1144,3,3,1,0.4628153636119102,0.33123972298436694,0.30723522478556337,0.44346986894563595,0.46267542850520094,0.6653214770959353,0.7362670154688202,0.5744205539959089,0.6063544360731749,0.5780433641083191,0.28664244052731125,0.253552444118878,0.35181824572145437,0.20770552265247105,0.10658495952300215,0.2898741729902399,0.5428503174173286,0.5595197841136162,0.7460646635706267,0.6295557285187453,0.4571005367364255,11
1144,3,3,2,0.04697070327342431,0.17790297821219986,0.1625782484385876,0.3955301178225468,0.5370736600417549,0.3584836949993296,0.37821650887530633,0.3595830346365868,0.1522592082732085,-0.03889008552057399,-0.06571858128887885,-0.09504599857212549,-0.12809925937607766,-0.061563083366721394,0.017863776946277547,-0.003012405689923947,-0.09224203096839045,-0.0405056680790101,0.05002382109339565,0.09513382522215294,0.11032712324865344,12
1144,3,3,3,0.21728053875942344,0.32235264415388537,0.4655141593055408,0.3621633887893015,0.21335184588123715,-0.02365071825354284,0.025360194728229243,0.08816165921389796,-0.1428087831599755,-0.27477841513513956,-0.2959892573464552,-0.2618701092172828,-0.2325696350479859,-0.09610060372653145,0.12205341880056823,0.2177846344349842,0.34130670401060137,0.4316656379795225,0.2066263838228269,-0.0509235580892167,0.08174650649519441,13
1144,3,3,4,0.17589945723082617,0.38518792882544445,0.42199803296680105,0.32464488657778157,0.25285452863842506,0.268870942636597,0.25591475104440164,0.14658644475757296,0.18469849567276309,0.3265528651123998,0.4984020435934873,0.7007963961250708,0.8000514858866666,0.8069185532592353,0.6823562898977104,0.6777974342762683,0.7786882981678119,1.0701840068095425,1.2091842298647788,0.6146367807972658,0.5291111926070426,14
1144,3,3,5,-0.04519888450288764,-0.07006421182554134,-0.12868674657826995,0.022554684768180754,0.034166812854931,-0.13874926623576495,-0.06656673203692814,0.13835607737965,0.3437712534554174,0.26809109852560714,0.08568837998559975,0.18176461523390391,0.3128979273628013,0.30924072570535255,0.29099036501455666,0.44183203000389737,0.4097418158608831,0.3534562429094738,0.40927004227721414,0.19128097062417485,0.16719186003911254,15
1144,4,1,1,0.10611832133552425,0.4224696895539779,0.5953499327606926,0.6250747403612316,0.5905537636845339,0.3823048025359679,0.3024181181956658,0.29299103774436974,0.3958631503717055,0.27402944893030384,0.21518927873131613,0.4253834680579757,0.4514488917797699,0.28206809469820987,0.3335087065132933,0.4988673046591611,0.469191088945496,0.4017097368563349,0.43064469642125525,0.4235394976175847,0.3959361884877185,1
1144,4,1,2,0.4669930677867039,0.6615602409288761,0.5592960707422111,0.5366781923126913,0.5697475010966904,0.5198173340987331,0.6359138066078938,0.7209496007340053,0.48886219578221435,0.2317146276697693,0.25646052904472494,0.39489473445306644,0.4106352844526348,0.3848974144196027,0.2630755621637839,0.3353871223569234,0.4065245709822335,0.24833147598734573,0.31879776399080006,0.4076455009595744,0.4409091298285239,2
1144,4,1,3,0.3003597249372548,0.0564315989762563,-0.07873552422002979,0.0383837335162591,0.001337474305831747,-0.10194246826127124,-0.022528625254087595,0.0043017047690565025,-0.0644049152901197,0.0855573504239446,0.12985642554455135,-0.03953712019766375,-0.1587507813392833,0.031442038115473345,0.19754952612123713,0.3457253523260828,0.5458996051408636,0.5686272205536184,0.40203166004347823,0.12651303851250495,0.11840585093619785,3
1144,4,1,4,0.18992315878058846,0.26754786517672097,0.11865338927746824,0.006923347503761099,-0.12192372180927094,-0.1390944505217411,0.10533880116907755,0.1705136336839351,0.16700233218735738,0.3666177029557528,0.48026453785374434,0.6182669384298562,0.42910781791325503,0.15908216076502674,0.193121479974797,0.09410147786829155,0.1479640285799933,0.1837970325741768,0.0840275180256866,0.1642194063004464,0.18427272283444618,4
1144,4,1,5,-0.28870752817617473,-0.22810388867667739,0.04269961392068211,0.42679575039370204,0.28316078888487844,0.21095328448759565,0.12271915550330928,0.0959374046710873,0.28092639037793665,0.3446898690249391,0.18904026140077218,-0.132669382624058,-0.08342450068833035,0.2383755659222552,0.008118122519623155,-0.1857109002710656,-0.13993739969006644,-0.3245487527979758,-0.05966769221873719,0.17699668056878373,0.04888214212662395,5
1144,4,2,1,0.038723881228695946,0.0453521423729565,0.4077070988708379,0.6502615658605225,0.5080638481981643,0.5200803801445182,0.5019561243176134,0.43926178017116013,0.3978933877794719,0.1852944910634782,-0.09477227302801641,-0.08780034231674254,-0.0016535653754950475,0.12321634541547434,0.28402047097600613,0.22181957308431036,0.0022724802081074136,0.07509450774740456,0.41687131710083547,0.5860342476334988,0.2609848730726401,6
1144,4,2,2,0.46313099537805863,0.553562538193124,0.35271309611653,0.3634977840798354,0.2902043698790604,0.3695917007243196,0.5013823297072173,0.41699142262008393,0.2976458458339434,0.030491917737856693,0.022400810427968154,0.0849267646758096,-0.05496642184487455,0.01400081453575494,0.37507340673043765,0.4979072014282246,0.10804147496954619,-0.22187376167130535,-0.01650010088186235,0.10259166725097466,0.22754069279453515,7
1144,4,2,3,0.4389982092396463,0.43378546309870336,-0.05818794465559329,-0.18723599815570335,0.030786638442346196,0.20296102709271235,0.2833046401750542,0.15054130648951045,0.15692801071806792,0.31701343971521767,0.5249472350011561,0.6284621679682165,0.3390079913002393,0.05998390005945025,-0.0534314221808883,-0.022935450372668954,0.14495420428148148,0.19856226458396448,0.0630514751755394,0.25448244989885804,0.19529898039376545,8
1144,4,2,4,-0.4176907743523317,-0.21321505275563074,0.01810123325765005,0.09417112744334015,0.09089937135723371,0.19642441116324166,0.2727882271189558,0.4319983215035869,0.6541409448286346,0.46289124078334404,0.2298581400601989,0.2567896048138742,0.4200984015488143,0.5635521021958005,0.5751332096955073,0.6734726276212095,0.855295545398714,0.7439809205060027,0.5653516649855385,0.4383840365801438,0.34562126518769143,9
1144,4,2,5,0.5040720840736158,0.5222242808330702,0.5613491451601846,0.6724574624169783,0.650496981334165,0.4962758035726596,0.7538235224260748,0.9059543540655988,0.6757718919090497,0.5873119523939088,0.6746686988712516,0.7027287294480734,0.7072827442029777,0.8435700712543599,0.6293563619965967,0.32488711707148615,0.47818195971045946,0.6865341923554021,0.5259521992733491,0.2911688962942275,0.6097034224331743,10
1144,4,3,1,0.4527440052417291,0.3694079075824528,0.37535974516235704,0.1941689090973249,0.15222713432367496,0.2796300693661591,0.35523494465178596,0.3454226660378476,0.30699027189027883,0.3481300625569018,0.26085474868914765,0.006032961235151291,-0.1260331395307264,0.0497902946631874,0.1885249915639607,0.23906783459105263,0.12053272302160883,0.0645539104229812,0.22935841500082105,0.2702229983027945,0.22411107269352457,11
1144,4,3,2,0.730958424339565,0.544541567008026,0.42298287652374017,0.23950976526198026,0.1139801102019044,0.30981400918869845,0.5027298958220481,0.2993978418098459,0.11035120514151689,-0.006965910190579447,0.12961048352954155,0.5728426046192368,0.6981962490577938,0.4471383456419278,0.46208590304496144,0.49550935353218895,0.3187419976619878,0.18489803363240537,0.1399743736780258,0.3903123590406711,0.3553304744272743,12
1144,4,3,3,-0.4558636631518982,-0.589214834718998,-0.5611405579124281,-0.4108018781127707,-0.47270985947342725,-0.4427638473968505,-0.14794225176751874,-0.031990386903304406,-0.1918615645068786,-0.29667423868549686,-0.3867593625296585,-0.47784041953156653,-0.29716999491363644,0.17138907155439892,0.40964589842336163,0.04705257734383045,-0.2984364418130019,-0.2875258485083085,-0.1926425661872072,0.11793467271085026,-0.23976577480402544,13
1144,4,3,4,0.7816719087919342,0.22690202276761468,-0.2593217619278214,-0.4745414604725316,-0.5198576685814255,-0.26265130075201754,-0.1002281321257686,0.047753541505098154,-0.009592639639314157,-0.20517620490544786,-0.0954257202305881,0.3623690070046853,0.54653447555943,0.22970480081067196,-0.011127233062252606,0.20625265186339814,0.5448372034928413,0.5682418122820196,0.5435279452792682,0.28915007340482823,0.1204511660532311,14
1144,4,3,5,0.17680163537703375,0.12808927165016293,0.1370838136933967,-0.0463054937390803,-0.18167432005818904,-0.3815344082608749,-0.18889146858888686,0.11587322021949804,0.15633172525937564,0.24023306568499495,0.2428762251352182,-0.025001257569052707,0.08618777110461545,0.31921608925847744,0.3016266483635305,0.2112833730927227,-0.006165257215698897,-0.08326544878067091,0.1024452922370328,0.03157977004992771,0.0668395123456766,15
1145,1,1,1,-0.4210063658058609,-0.5116764879834372,-0.9697778863446983,-0.8490144513890657,-0.5253840517857106,-0.29880295826575154,-0.1042943755171143,0.038498175331232745,0.15624137811878594,0.3096981950750419,-0.07090265998165243,-0.914388536179974,-0.8358435185154092,-0.33532844563000785,-0.14156659122663534,-0.03003594546595975,0.0313776809260997,-0.009898652476671502,-0.28928539300200107,-0.12723589078878497,-0.29493133904537866,1
1145,1,1,2,-0.1884563389331128,-0.32261482727884616,-0.511519317458722,-0.5892873177511904,-0.20808342824713305,0.43476138849272733,0.4743308827387922,0.5753919300760073,0.9061883776134214,0.8646348675935142,1.0743904331160574,1.4294286261085158,1.5678227943372,1.6394174757075906,1.625327007294804,1.3774810082270816,1.0927906115842827,0.9449103795662552,1.00143603514528,0.9870392247429329,0.7087694906337729,2
1145,1,1,3,-0.37472125720842736,-0.3553978148602322,-0.5281517813920826,-0.44314099953607045,-0.08313758436928775,0.2992003068390682,0.09005240174358606,0.2005322154440919,0.6612497789005729,0.780211441343725,0.5499219215295172,0.5317679637905589,1.031365531384581,1.6872089169911626,1.7809630107546535,1.5796996988516838,1.5232457081551154,1.2171637230739858,1.0390164654707668,1.3794768545946274,0.6283263250750798,3
1145,1,1,4,-1.3917800867423713,-0.9088203552673106,-0.6190387402184804,-0.7965974113921361,-0.2146340747430644,0.15165664767321899,0.1623945886870347,0.5752947134771281,1.0993070808936751,1.1740583643033302,0.8590656996784245,1.057674973649282,1.3709206583618965,1.609773867258135,1.9534480882294414,1.591869887897822,1.0183432944389867,0.9250823067661242,1.0098156585538085,1.3841726906675444,0.6006003926086246,4
1145,1,1,5,-0.7509048322207563,-0.5036983569411502,-0.9087380682755295,-1.4052987906541556,-0.9380726817407443,-0.1083361116512151,0.22830743776443635,0.39823716892755606,0.7286324522726864,0.8359707646611887,0.9891735454701298,1.4508656913242994,1.806085382466566,1.8557013240268987,1.65865652478161,1.6288251284109714,1.7431100187965476,1.1889212919136714,0.5747390396514661,0.8559231507708321,0.5664050039877655,5
1145,2,1,1,0.021067398889119848,0.3936663351366822,0.38398123604855816,0.36639734342508345,0.4978894846071918,0.5754735677746994,0.7233884075202325,0.5554502927752256,0.2511861545637422,0.4095924786600176,0.43669746745514243,0.259868642617024,0.5779530514276003,0.8820868182182154,1.0295692018105254,1.23223375447477,1.0438177134206124,0.6718580205694091,0.6196927103811116,0.45976711353958855,0.5695818596657276,1
1145,2,1,2,0.0012079219189885526,0.14049271918232015,0.1653536594855117,0.1656056616335973,0.20076283759549518,0.38409870982079114,0.7923567303350798,1.303409930206169,1.8041833855976317,1.8242527606867702,1.7521279189676378,1.5630079999176316,1.356438364408052,1.6585363017859898,1.813813040943304,1.6594676598050164,1.6327758292248866,1.587103113344132,1.505085515833278,1.1367240668943324,1.1223402063793309,2
1145,2,1,3,-0.17972921831557964,0.3855344820498154,0.43896328491872005,0.1194926027483269,0.1430033662838502,0.3091689207944771,0.4389629066677164,0.543172794564571,1.1674310681579034,1.8281637920921492,2.050817331019893,1.936849438611821,1.5877634079236715,1.2719155877930963,1.15190243829842,1.0560490525512947,0.7575637634245591,0.5045698686138476,0.6055630922275608,0.6424951136596075,0.8379826547042861,3
1145,2,1,4,0.26552229116017506,0.3819142396809278,0.17671006277748155,-0.046048784827949406,0.1590681961009524,0.32833572638852526,0.5789451789377069,0.9486127317151261,1.2086128282860975,1.3204013627504851,1.7631329932644393,2.2343934372577703,2.046151101873964,2.1682079267116925,2.1198979585218574,1.5333126115660958,1.390043877067388,1.2657190915367045,0.7506567158947639,0.5715575345378504,1.0582573540601028,4
1145,2,1,5,-0.08023067487042396,-0.02456248597236515,-0.4711890218253048,-0.5748272775006287,-0.1558053243944483,-0.0756285345411015,0.37410483853899706,0.8275012151011784,1.1093008216342897,1.0437595920721785,0.873973021459443,0.8425359871812085,0.620869151852937,0.5855876789671824,0.6300236766054083,0.7800573013941676,1.0572742674138673,1.0518345152867492,0.977028825247481,0.6792551628532022,0.5035431368252009,5
1145,2,2,1,-0.3385040290587721,0.3668710608892267,0.3547030023387796,0.29360040492633577,0.412572652528735,0.743926619409268,0.643724275273,0.5795280065902562,0.980184939363808,1.317207237743783,1.560107236743284,1.4940145693463462,1.3970150819045526,1.285298250519602,1.0807244582060136,1.2224461044720414,1.441481492709904,1.6216101072202256,1.8760432823617135,1.8385806743143553,1.008556771390123,6
1145,2,2,2,-0.032206374047949904,0.19232041835883365,0.06835298925753416,0.06669518220284305,0.553856940815794,0.7695879685480682,0.7002400629825376,1.0381163858641573,1.3569900506777666,1.5695101568760286,1.673569451112747,1.5662934955197565,1.8935968358350208,2.3560540493580335,2.3619407303427717,2.079427732809486,1.9178087880708614,2.0461367259843666,2.357280143506325,2.309794582600871,1.3422683158337927,7
1145,2,2,3,-1.2046935694988012,-1.246825406374255,-1.352697669622996,-1.5762109941505273,-1.4334553424987946,-0.7768336579316434,-0.05254242176875165,0.3524506710056411,0.5384415332269998,0.3846833108854086,0.4363684854809428,0.6480537331406542,0.6137028239389165,0.7451655585266892,0.9401136810882915,0.8221220565916763,0.6355599518994338,0.3280208511487753,0.09488988813635175,-0.006266042795407649,-0.055497627978569705,8
1145,2,2,4,-0.5537717608866463,-0.41408114146358305,-0.0541981827452767,0.11943643058391445,0.4482589242751939,0.48106054102042756,0.47393854349434084,0.6606320483038489,0.9384343265525803,1.1369816869254328,1.088874134923522,0.9342059002471077,1.0518708436483473,0.9915181571841087,0.8750631212973915,1.1264626580113952,1.3491482167696587,1.4072613388489077,1.4756696239693077,1.4371940994474455,0.7486979755203713,9
1145,2,2,5,-0.33429044307869327,-0.38181026539588175,-0.5287124176435098,-0.7094047973544264,-0.8133495379092175,-0.5024732152801213,0.14380136204462152,0.5862092936958374,0.7287389943236111,0.6216219827948151,0.6060088006197899,1.0670154556046763,1.1305939660702387,0.7743152540480064,0.6766259865002402,1.122263394917841,1.2014081697942172,1.102989910932219,1.3972209861492053,1.207647429044425,0.45482101549389464,10
1145,2,3,1,-0.27896471141584445,-0.1604884803408172,-0.6244041834075712,-0.7983876488657407,-0.20427847356570944,0.16146214096896405,-0.28467131957684527,-0.49719412901701354,-0.1430060200443226,-0.024730866241210896,-0.19263290986874534,-0.29659577541758614,-0.10765322597487109,-0.266807462596476,-0.44715302383714406,-0.578314606703282,-0.3162922633351786,-0.026199105702060244,-0.326439085546503,-0.43922527763807895,-0.29259882140630183,11
1145,2,3,2,-0.5032529763151589,-0.057093184663479374,0.118390007853708,-0.03965508233129446,-0.1715756954531905,-0.5329184008462358,-0.15956732963322354,-0.11602755098649944,-0.6104965104814637,-0.3375544282915305,-0.027603327790002352,-0.26175440826019614,-0.14955526608849867,0.24992993830777316,0.529129611015762,0.7848555406382348,0.6449372892476677,0.301826852654,0.022456480726699146,0.007884343940593647,-0.015382204837816701,12
1145,2,3,3,0.549531600978316,0.3577250470386983,0.13913217007368292,0.15262112991491456,-0.05029090282167075,0.18850498422289658,0.31745230504788374,0.3245920328178965,0.670674912629748,0.731906166861552,0.5953737297773326,0.6518591675780903,0.9780005552131179,1.4854192263068011,1.3144212233109187,0.8596436698584101,0.50205903696112,0.3174201778670246,0.5985394463681576,0.8444926711252125,0.5764539175565051,13
1145,2,3,4,-0.6724078267601662,-0.32843465835528174,-0.7857999707306391,-0.8409799996236796,-0.40271404883685974,-0.006225575772657227,0.3254315175940503,0.6521735514875087,0.8537017635000649,0.6517141857847463,0.33663616133670166,0.2767943627233529,0.409053117836546,0.16281352302739355,0.07517759963834567,0.1392760161812202,0.15369299336179287,0.43912019905646843,0.40877603554755193,0.3628626669032622,0.1105330806949861,14
1145,2,3,5,-1.2820843383110077,-0.7391868729852943,-1.1419967364177397,-1.317751267888926,-0.764464510217341,-0.5484197675398859,-0.6067498382082774,-0.7091023102028765,-0.19217916359184423,0.48828140889086463,0.6970574421175243,0.6834395845789123,0.6913282444565765,0.9205961997852987,0.9208088904242226,0.70059388848403,0.5961553182520184,0.6928532268100139,0.7276001424391809,0.7061567953661627,0.02614681681208056,15
1145,3,1,1,0.5539357593999348,0.6629466459066831,0.5641387306085306,0.7700951776904161,1.090376449399171,0.9000697817175736,0.8425186008641005,0.6850952226298527,0.6845433949858925,0.7992875849603347,0.8819630330617905,0.8829023659520079,0.2804857906716794,0.09935779739802345,0.14152214419694914,0.17960456861463134,0.5917252223685034,0.7751747215753402,0.5064666030404553,0.4545151465874594,0.6173362370814666,1
1145,3,1,2,-0.28846035733534203,-0.12146264352162145,-0.11387361157522075,0.030432942132537846,0.13806293995141705,-0.0211303695744961,-0.1353244051045521,0.2231653184674473,0.7541906835179639,0.9867450796687343,0.7744066585815215,0.881731694117214,1.1213862058041266,1.068635985876255,0.8359733152038067,0.43601328021586705,0.28857814135509874,0.5091566233648204,0.8812739247948809,0.8020304894655828,0.45257659477030204,2
1145,3,1,3,-1.1453139994797445,-0.5311341096881209,0.12409400960344655,0.19115034734836006,0.10408101249179569,-0.08772961260845505,-0.09582911678809651,0.3328897217652571,0.8003609693453151,0.8451094756846018,0.7741326533668909,0.9474978146951765,1.0876820010153412,0.8860691199460005,0.8507499511686392,0.7663974520119519,0.5842126744288455,0.6944745291913087,0.6825965791503954,0.7615525427370191,0.42865220076929644,3
1145,3,1,4,-0.09022349899736855,0.10159336175166325,0.48602316097106635,0.4761520585121156,0.5346086177071573,0.9923907346262402,1.234882324269559,1.32613708799982,1.2655089700232407,1.197872684477705,1.2736498525380624,1.2659628972961512,1.5394842347135043,1.6878836192853146,1.3381602532049042,1.094889372962652,0.8858161203783037,0.8461898896296578,0.9548580170351377,0.9888367637615845,0.9700338261073236,4
1145,3,1,5,-0.3850225796136101,-0.2966560468136109,-0.1929859788449711,-0.15893476160532216,-0.10081633419712095,0.1512788744465444,0.5624314982008702,0.7246041204222338,0.7532660388793457,1.0093082351088152,1.1498670773037722,1.2082875023042434,0.98766458486311,0.605191765822785,0.5440022329683358,0.3604944129403255,0.13926435396511744,0.5459997595435837,0.8535782643408895,0.7692151002234178,0.4615019060129377,5
1145,3,2,1,0.05289772965778325,0.5222866690375723,0.5188478414166817,0.49402769372278654,0.8243734380322403,0.8823604544471766,0.8827145946926954,1.3520389917061566,1.6900419314888855,2.024683206430381,2.09066921814884,1.8135334440966808,1.3946803013328122,1.3092141622477602,1.328044546247499,1.2409982832206599,1.4010797067906182,1.4484548418057315,1.6779881126737992,1.6142015633163658,1.2281568365256563,6
1145,3,2,2,0.3578791094427585,0.4274283863756223,0.5296576118495027,0.5107251853593404,0.4921693836151702,0.5004263352805286,0.42946708182850496,0.27229783878760905,0.5961950894721931,0.7787324135796663,0.6941884151863507,0.8468328750190011,0.9608146107552419,0.5881016900705505,0.09963038009161394,0.48739129499255385,0.6419469444933752,0.5664559496216808,1.0949378251421715,1.3537350615871127,0.6114506741275275,7
1145,3,2,3,-0.031380072021088,0.1128965373448415,0.1695520568203803,0.40188206837261176,0.43279096136797823,0.2889815098848005,0.4545046341075711,0.09375037499127414,0.010514238817233706,0.6518452820381156,1.1892002337195704,1.5504621559002296,1.2223436527212075,0.6903664371737943,0.496966568528016,0.6847235033055029,1.2156570234724229,1.3240117004031955,1.17497860853155,0.800747520527694,0.6467397498003451,8
1145,3,2,4,0.02635529633457595,0.8297500526751085,0.2645645464479035,-0.6429827896225622,-0.48168953333492254,0.17561770626470685,0.2949046616464026,0.0882750291355548,0.3594684365145523,0.643869898180806,0.41759170203865914,0.4987688433755197,0.7638170310052419,1.0085013747179197,1.213428408022724,1.123456019463656,0.798024349918194,0.6201063794198709,0.5739246643052437,0.4687300815448219,0.45222410790269874,9
1145,3,2,5,-0.7510935005566137,0.03597833967770164,0.6305636692631906,0.8061663458716302,1.151216014005264,1.1999972506983638,1.3604887112965482,1.0249944454905622,0.7985586533692368,1.2066193555887232,1.1993277592902323,0.6757021261701311,0.6721828059275424,1.023529524260716,1.237142700890555,0.9699626983704267,0.4411773369831439,0.7131229666694294,0.5939915960409183,0.023349833753606802,0.7506489316530656,10
1145,3,3,1,0.9142885109102872,0.8073634221830162,0.3316151637239517,0.0945625818496923,0.31100835677347466,0.2755097221759804,0.5142776706852186,0.652109361831368,0.46205504085722426,0.3736244833506076,-0.003482777979954152,-0.10567852361567995,-0.1716731525090258,-0.1585416049060172,0.29899630668350435,0.7568197320324038,0.8310782238970558,0.604280107629145,0.3418656889269402,0.4989107392759893,0.38144945268875907,11
1145,3,3,2,1.2031741414974153,1.2155447320076291,0.617760329562236,0.40966448235229813,0.6957041990045985,0.6521343391112686,0.7148060365422103,0.8629872115690176,0.9681770400688947,1.0048342725692212,0.6649608742299704,0.5722034399703224,0.2729518852280493,-0.0243507156157911,0.24269033953917662,0.5626246972420765,0.6015257324390164,0.5736316858000899,0.5051943038074767,0.4646918092918153,0.6390455418108496,12
1145,3,3,3,-0.10766738268114155,0.15279229093186444,0.5801534741571039,0.5766080966295604,0.6887801710359984,0.8713859160877775,0.8758568145692256,0.930257864769267,1.1413085725286316,1.4307938182626492,0.9467647531940963,0.33009818207456276,0.20633502056694655,-0.13115383039120054,-0.13360100129677122,0.43746519998872035,0.5519532598197888,0.5546397803909855,0.7949748780327985,0.41836009082810377,0.5558052984749484,13
1145,3,3,4,0.0707395861319345,0.24349835343826937,0.7985339693522476,0.6950914236545372,0.205455057725378,0.030158191993376902,0.16718297778954871,0.4961044095514815,0.3465137666350656,0.28821838753471274,0.5604173144689627,0.5202785126148806,0.30927359118425224,0.42424193003723876,0.5410914160535374,0.36763693378172146,0.38526576381542893,0.4810297801778013,0.7167734887185206,0.6460650610477046,0.41467849578533,14
1145,3,3,5,-0.4934904716866298,-0.5825879670009954,-0.43184382470447885,-0.103875259824336,-0.28681456580813397,-0.09559250729101795,0.1981924357785642,0.3363057264607604,0.12525057207795046,-0.16886743043531643,0.054697288590008455,0.0834219125594422,0.20899565965646968,0.6647775042737734,0.9448913077003535,0.9243975284781412,1.121135617862452,1.3888438891913117,0.5480748806676177,-0.1983518831991093,0.21187802066734135,15
1145,4,1,1,-0.11032287746179234,0.6757565686739897,0.7506387649780085,0.46184144575922714,0.23686850571400675,0.045247857405813253,0.038610004040994794,0.0008922263928880445,0.2557890104582308,0.5818256127851376,0.7703300948013545,0.489528557567157,-0.16246533306990568,-0.25975794057856727,-0.06711076634986785,-0.0005584491694596017,0.13753804055144758,0.039576275136816254,-0.0656290126081938,0.1444757205098097,0.1981537152768547,1
1145,4,1,2,-0.04604060766722969,-0.047417041773283,-0.043179103187865595,-0.29528391663891584,-0.19349423073816613,0.2663192699174509,0.24363073975835042,0.3872335195879433,0.8441825704125774,0.9959641655875114,0.8263180091631699,0.8674780711175212,0.7918791334366304,0.7007505890718666,0.7293706322958378,1.19957460530351,1.4680221549158832,1.4974851924907648,1.3343497333354533,1.062792150740321,0.6294967818564665,2
1145,4,1,3,0.6374508094584179,0.8864991507744149,0.8060569747829931,0.9290800262968952,1.0458423522545628,0.7291662313714697,0.4123498875346312,0.5643534532312313,0.7961341841058669,1.0962194851781548,1.2440197758917162,1.008328755249446,0.4004722083411241,-0.1765299279028012,-0.3417399804652491,-0.30592788863079645,0.10695642616861692,0.6381486683422475,0.8972392191939693,0.9066668912010293,0.6140393351188971,3
1145,4,1,4,0.23803497788686334,0.3096028536019058,0.255068118337646,-0.05821519204583053,0.0168827852985787,0.2993694206426071,0.15173262970976686,0.17946194901004325,0.5996250185653433,0.5217469648531671,-0.2212799004742917,-0.5753856045956532,-0.42532649357194097,-0.32725306181682023,0.07593066320217501,0.13701560206799918,-0.23634561100985566,-0.4472062954482099,-0.7887779578498367,-0.934524759568419,-0.061492194660238045,4
1145,4,1,5,0.580353927739415,0.6377633823598294,0.3720585078132911,0.6086782046691236,1.0240418817244232,0.7564705552399782,0.3505992520359045,0.18699166441486495,-0.05569832796817155,0.0764795651204825,0.5049051073339591,0.7146361887183805,0.6300605339192589,0.8346266444924092,1.2852110748015697,1.5122960778280992,1.875475470122292,2.1010027383447962,2.1020302322419573,1.839810523340848,0.8968896602146357,5
1145,4,2,1,0.3060686879073585,0.6240783635574351,0.8061742503857947,0.7401955780097542,0.7182007732768632,0.5956545790893815,0.46240501179402715,0.1672825639378162,0.0492622334310593,0.0660600754269251,0.2518646034765701,0.22802861474728853,-0.1975510214746713,-0.2724412464644117,-0.1378246453878066,-0.17001191425021428,0.0299718437652398,0.23750117270810245,0.25416560937446464,0.07674023875048079,0.24179126860307282,6
1145,4,2,2,1.071081117955796,0.7723663601610136,0.6754230445428628,0.7282988680898769,0.546177859054666,0.7431909643742297,1.2249576298147264,1.102610094987363,1.1925957748027338,1.7674381839980935,1.8770088361342965,1.7033488392658136,1.7968734341977068,1.6931333590927333,1.6994636724939238,1.6552471006887264,1.4956718517309602,1.4209028120115823,1.404935081499834,1.5276133555652565,1.3049169120231099,7
1145,4,2,3,0.21943489854783474,0.3775548966152474,0.6495571118438115,0.8750103640069729,1.1104742865901622,1.486754126166713,1.4897830606319142,0.73429001727219,0.25979335413865745,0.23874905555745915,0.4367703888971279,0.614239467733184,0.5895968554059079,0.8275331153894719,1.365346933704466,1.660514011735776,1.9235581901165921,1.7026408335710432,1.090078713450462,0.8027751916563572,0.9227227436515676,8
1145,4,2,4,0.5962369336549083,0.8399084176789281,0.6253580252239825,0.14908027981199373,-0.29179949032351077,-0.4608223931772924,-0.4103339189204718,-0.436023928853042,-0.46936739587402926,-0.6268632953726919,-0.15024896161430545,0.595738182109283,0.5109244447267224,0.3907594122388362,0.06259465264464428,-0.048994925103614334,-0.10577776875762457,-0.5306977063384255,-0.6522491736091882,-0.7913971601330424,-0.060198788499397006,9
1145,4,2,5,-0.2154192293953076,-0.0160734030636307,-0.18671320232329916,-0.08009559019469295,0.07055624044386394,-0.24838521680603046,-0.26357774680825474,-0.12450723221036475,0.22365686663737916,0.6236609924827434,0.6982409031877577,0.8007039762193806,0.5639527506758123,0.3775801059848061,0.6158508331413188,0.5987113800474566,0.9723619383072348,0.7447705978216208,0.2297276968495085,0.173456559184379,0.277922961009084,10
1145,4,3,1,-0.25776990209172196,0.3707422844591931,0.40872123069684935,-0.12137271433451709,-0.7554867843787604,-0.9039210351971143,-0.48972548118016257,-0.24679402854147708,-0.2503437789906841,0.07265617031343925,0.36338484474943805,0.051139690233132654,-0.04347659240940639,0.08175650749359366,0.06586962391581894,0.24678391881538664,-0.048663159139204215,-0.33286307716106406,-0.0799638575639577,0.12630895123195102,-0.08715085945396335,11
1145,4,3,2,-0.05627633310755309,0.3835810468222086,0.3186923749965599,-0.0111960046593206,0.432555950981378,0.6220461971948603,0.2327364540006035,0.1211794081947124,0.0915986139903897,0.49111036139354414,0.4167672346269256,0.3489279355625271,0.5413024521270581,0.5886948248481716,0.7264914444734325,0.37976976575343874,0.08671509097112111,0.0800330513243383,0.08066019148141546,-0.01890916649770155,0.29282404472390544,12
1145,4,3,3,0.44161330541360044,0.6945406209242189,1.2444481591949803,1.2537676167069005,0.9645186592995776,0.6271909094460706,0.5502707378562441,0.6161775512838592,0.347869225909771,0.1734970981978209,0.1178348523705068,0.26978669525781457,0.5889516555830379,0.5436123529223063,0.5486770649185149,0.8449737672266375,1.188544508566462,1.0219138831980514,0.45137157581208925,0.12704436737165212,0.6308302303730059,13
1145,4,3,4,-0.03882274014268615,0.110644996995438,0.26309540366135625,0.33562865483077553,0.743907571013888,0.9522335558806705,0.840915000817021,0.9819355181364048,1.1981557560702587,1.3387552746792535,1.127744662179175,0.8312486734936926,0.6613083686252939,1.0575923562767109,1.515666763491141,1.4618735983064477,1.279976959824709,1.254725741410331,1.3221341204187456,1.1715348212014685,0.9205127528585048,14
1145,4,3,5,-0.04608432456160535,-0.0024697120020447,-0.03120161924315585,-0.11522119563676919,-0.12580888291529485,-0.1382493363975416,0.19002917590404672,0.4996806149836267,0.1085553268340283,-0.3544726145828285,-0.43471593915008677,-0.03881257532078594,0.34115435489979284,0.3341527006273603,0.321207196425052,0.22632510411936096,0.4761272803119505,0.9462506460095487,0.6969151238507713,0.5063893724797769,0.16798753483176004,15
1149,2,1,1,-0.3975065176648889,-0.4253173790411736,-0.15909308087606236,0.0294380393667276,-0.1314241756428818,-0.49730249495471035,-0.5112436024888446,-0.35380713593799007,-0.16424446947762236,-0.013409908230797301,-0.12399276564051516,0.021178071457102404,-0.07429772832670514,-0.3520610548356703,-0.1342797528920069,0.1109101734283354,0.0921942306650749,-0.0175481108137116,-0.066538242967497,0.07162420053825541,-0.1548360852167791,1
1149,2,1,2,-0.5351673940649857,0.24232627002922275,1.0163175366263204,0.9122447079332232,0.24893497134126683,-0.3133894231491234,-0.18965160226512065,0.17165740142587485,0.21226839216048748,0.14210531974946516,-0.0761974265598227,-0.009223409405126407,0.29689759890122436,0.3657221786537932,0.1397915186336001,0.18380655210001945,0.34397535865695517,0.2569933616742359,-0.13629076825469177,-0.18406904289856973,0.15445260506441244,2
1149,2,1,3,0.0385325503955455,-0.0011056928708534,0.31225330681158164,0.49917378812401614,0.2641144438365511,0.01543932998066165,-0.1473756936320901,-0.2293087112479929,-0.09088746258245226,0.19242415107620886,0.09981248908271795,-0.2015356992330133,-0.2624313598952738,-0.17581720353956054,-0.30033526663957016,-0.33513360500916456,0.09239380479208724,0.49281091707364366,0.20913909509604367,-0.20659651494179385,0.01327833333386455,3
1149,2,1,4,-0.01254101593135315,-0.2943199267092703,0.0360071813028129,0.3529979702103853,0.5543930199482165,0.49301432799709427,0.39005978380645145,0.6276298415855327,0.7014016975975212,0.5444058988649882,0.2847843395121004,0.09396689651962606,0.26042308129597935,0.3522930331283727,0.19838222704578673,0.26530121364629133,0.2326518977972257,-0.08027654656089885,-0.2503291089656016,-0.6679627177748213,0.20411415471582195,4
1149,2,1,5,0.40878834479395654,0.8601458995527294,0.7964749766058344,0.672336736508903,0.6565535492120431,0.5904952056849357,0.7037710756207731,1.081271549600156,1.241408677848634,0.7220059940167529,0.014148865456315149,-0.1493287293763427,0.13482067787529906,0.6325291581468498,0.8537478169737394,0.6906937897937673,0.5407618544164885,0.5385697033085316,0.6348984188697051,0.6367627836423049,0.6130428174275688,5
1149,2,2,1,0.008851294662887657,0.32622051281365055,0.21901867401672168,-0.3909035177725967,-0.7314753189584864,-1.132200080593332,-0.9419135245568797,-0.3441942246879467,-0.37566698280861704,-0.760984744734949,-0.681022984444771,-0.6440702695713398,-0.5447340440310945,-0.503325009965052,-0.48344612908221796,-0.14256754472155406,-0.055261669176939296,-0.4138666874008302,-0.4911494063053824,-0.1797131860270453,-0.4131202421672887,6
1149,2,2,2,0.21400789974119594,0.3579800053143188,0.07212144742928431,0.1038909353343681,-0.1226457593330029,-0.17022895915879085,0.01702600691706735,-0.1937041684518425,-0.6127343041532235,-0.4887704194702671,-0.09508449905990304,0.07252473553352624,-0.10930140856866115,-0.5284312629869996,-0.40465594852720255,-0.1658910509591779,-0.30107851610077524,-0.4312706349660953,-0.2098017448764787,0.18869448683128678,-0.14036765797556866,7
1149,2,2,3,-0.08257181410532285,0.08439968418114575,0.5314031095712879,0.6179005324072414,0.19088681914229821,-0.15334071398686316,-0.12180959909717146,0.1528436348203147,0.3242932316230473,0.1019681301683131,-0.10233128891870714,-0.14593237101033465,-0.05903978220964195,0.0610743295788161,-0.15292056265280995,-0.19237554596147446,0.0300903536824362,0.24849814930839895,0.09740352355615634,-0.30873314912476485,0.05608533354861825,8
1149,2,2,4,-0.1184645128635079,-0.0435431090980346,0.3532790056907215,0.6791951663210657,0.4232041914961258,-0.029280082021139096,-0.3259161125229246,-0.2490389409154408,0.0398703766361061,-0.16931798720355026,-0.6797576305097013,-0.6968392268600856,-0.26391171620530784,0.22508156524512457,0.447509903806825,0.3878316341834705,0.30007274014120944,0.1017164982633707,0.1724708661338324,0.45795019934176473,0.0506056414529962,9
1149,2,2,5,-0.099791429258342,-0.5024698501292225,-0.4445663292418425,-0.10850602769931711,0.29880357822164916,0.49214258291718305,0.2968852015777806,0.052776533911326695,0.2366151830908971,0.3357672887679076,0.2561275531913948,0.15966428728467935,0.02976033967661825,-0.08432682190977546,0.1620440432402767,0.37683986533877023,0.0934302061167825,-0.358135440061483,-0.6201565869662535,-0.7439633004494219,-0.0085529561190196,10
1149,2,3,1,-0.7006936744591604,-0.7572350190290869,-0.3061274872459676,-0.11728515678131235,-0.008276814528346554,-0.00799133928030965,-0.22287307793114186,-0.34933027238182757,-0.21750522817119608,0.02834143548355865,-0.10749369980074136,-0.46561383130178646,-0.627237760044407,-0.4726110452459338,-0.40010939000293755,-0.34283614856561573,-0.3313800253565393,-0.06319954898051089,0.3882175011934561,0.7831377530321804,-0.21490514146988132,11
1149,2,3,2,0.47506429549397255,0.7385609608206403,0.6937763502802762,0.1106770194438004,0.2408648438055782,0.6174569212928342,0.9873879187298711,0.9860245056988894,-0.0805855842936819,-1.2410941453938331,-2.7447661642262062,-2.8662898414063287,-2.0845709313018337,-2.962299967839641,-2.801417827559235,-1.7653612690719453,-2.7831190468619917,-3.375973400287278,-2.51965059075217,-2.5269237871553907,-1.1451119870291837,12
1149,2,3,3,0.4537013919827403,0.9374997707046273,1.2315073465684794,1.3058986022602406,1.471933274614634,1.1439092707478407,1.0508495569453602,1.082756507229033,1.3637325635400854,1.685553832246487,1.7933662972269218,2.088648984481437,2.2018557529680693,1.7985579998236345,1.360681516025318,1.1792480635412628,1.2585361402178896,1.4212504548048615,1.6719441201785747,1.640079550796243,1.407075549845187,13
1149,2,3,4,0.2562810688369508,0.4463206372780494,1.3395220894366293,1.1116225208586825,0.7743037831982846,0.7659562027981752,0.42966111963374465,-0.02286923165051355,-1.3681283641788609,-2.684932500475795,-3.2847034498050967,-2.9363866636808496,-2.603136353932624,-2.6125610435103415,-3.3511265086586777,-3.715753763864951,-2.4800960810584827,-2.215473465570928,-3.1254530076496856,-3.1716426957263293,-1.4224297853861312,14
1149,2,3,5,0.9348844569846952,1.3624171478179394,1.3065326392445287,1.484559142540116,1.918478327397775,1.5632577774790475,0.30673306419912494,-0.9828493765054762,-2.1088293383387953,-1.9657273260214176,-0.959203192260085,-0.8268769753934746,-0.8668344106730896,-1.3955463808818882,-2.0152118829348673,-1.4295916286439634,-0.9372624067774786,-1.3295799923800873,-1.9133375952980476,-3.06107891011081,-0.5457533430278128,15
1149,3,1,1,-0.4652526820279468,-0.26624075373294276,0.2118838656331135,0.5469848110366757,0.5724886961100388,0.38501536697301203,0.27904053111420685,0.3232377473555149,0.13811139025993224,0.1675417587246104,0.17076228656307635,0.25162181423853963,0.2191264442070055,-0.021498934160199053,0.2732168981664097,0.5459409737602674,0.47627500804704237,0.28227727170754024,-0.14774444445681903,-0.0792303213815756,0.1931778864068751,1
1149,3,1,2,-0.1739235376899604,0.17299713020171875,0.6093698377498795,0.942273442287909,0.9875258333877922,0.7646457054059081,0.46190910495680504,0.5400356021733403,0.969925271719656,1.2338776578141695,1.1474726243722049,0.7936614123376264,0.6792351318462388,0.9295334996825549,0.9792214990157326,0.6484750784822279,0.4628346295081087,0.3141251120997988,0.5563782996315176,0.9595721398041155,0.6989572737393672,2
1149,3,1,3,-0.24326055745472924,-0.2569771568911423,0.7696341778908866,0.6490236088316825,0.13949120754293481,0.26108570369507966,-0.12880473309529408,-0.6788057511724864,-1.1881715578797145,-1.3279641822321127,-1.1682362967199174,-1.1452396982265411,-0.8923713576895589,-0.4462055941929777,-0.2566391321459943,-0.0981250712850323,0.0952891049610044,0.31854013143823656,0.43211454465919863,0.3828997289068654,-0.23913614405298056,3
1149,3,1,4,-0.5601399574311547,-0.6980911939322225,-0.4830434546272676,-0.1306384336735164,0.17667253737584815,0.5162873255807576,0.5416689565197519,0.5188017430107432,0.6260098288481295,0.5522476839255366,0.2748719482516858,0.14342152436723934,0.06787244704667585,-0.03851131147053135,0.1643551315154896,0.3591861899225277,0.20538120725468806,0.12554068088411974,0.13341971988055246,0.30547453671366886,0.14003935549813604,4
1149,3,1,5,-0.23425364733416681,0.26268051793535196,0.3824813694506858,0.5452214857793489,0.6488148001140488,0.8417968337850834,1.0867919766106109,1.1421467873914892,1.1209741504812576,0.8101776988947378,0.44885703962756357,0.5541397031395092,0.8411931181092402,1.0165044458428032,1.0548459763255473,0.8324046726229424,0.7181836243861465,0.6263480201227309,0.3026294631783623,0.9216257730340358,0.6961781904748665,5
1149,3,2,1,-0.0015421877254628985,0.3204057146867093,0.2253596714534782,-0.37544039624930114,-0.7240007293093661,-1.1353263370492637,-0.9421378401658348,-0.3472806824021847,-0.3821974242142337,-0.7890311495282067,-0.7083234012893895,-0.6523046374300447,-0.5583224234573575,-0.5167606792622501,-0.4883466824251884,-0.14851642322532174,-0.075362685344348,-0.44058325981245244,-0.5029912019977234,-0.19001450621539376,-0.4216358630481567,6
1149,3,2,2,0.22596813623374562,0.36600258389822937,0.0814311983536484,0.11497996178639976,-0.12668938696963905,-0.1582924092621431,0.0380759669212632,-0.18001701894005995,-0.5990621290679158,-0.48215224336115897,-0.09101351154653106,0.059524467033943804,-0.12218326896652426,-0.5203081700223045,-0.41096788492045633,-0.19056528315612556,-0.3214385200919476,-0.44506012297285646,-0.20484354576878794,0.20644768805107933,-0.13800817463840706,7
1149,3,2,3,-0.09273489162362064,0.08925207306936735,0.5471401097858457,0.6340031950544669,0.2060530185607249,-0.16102359715538725,-0.13461058436015869,0.16112111352330105,0.33847109923226537,0.10701081109993865,-0.09973644900714286,-0.14087796217652043,-0.06435588794932935,0.06103262836635885,-0.14437494214147265,-0.19505496214668183,0.025585181389091653,0.25339175589590746,0.11140395137913012,-0.3059094709068003,0.05978930949446415,8
1149,3,2,4,-0.12207199978746344,-0.03684579925706749,0.35096482899012404,0.6600005029941591,0.39707412341087606,-0.052585725577330406,-0.3375059663153584,-0.2426586020112358,0.04372078901779345,-0.1763441112025385,-0.7000693895727528,-0.719874618400445,-0.2728506379620043,0.21945121310790008,0.44208552739955437,0.3915795286453657,0.2951282065712991,0.08556020713249014,0.15007291451232474,0.4453071060577528,0.041006904887672155,9
1149,3,2,5,-0.10757689277538504,-0.5157109233309624,-0.4530252260899158,-0.1059298847755467,0.28869601450785976,0.4737649161706204,0.29198000603541685,0.05853058958096555,0.23017627538256644,0.3141861136611489,0.23036771160293829,0.14936558654975116,0.0291786708739689,-0.0817691489328335,0.15009816783868224,0.3477713886687162,0.07555716828144485,-0.37953127644192974,-0.6466376081637621,-0.7605033778365442,-0.02055058645964005,10
1149,3,3,1,-0.4833454910619164,-0.11980093732480501,0.5555683842108642,1.0347694088543211,1.0951897510653288,0.9012993336916449,0.6924447440637891,0.6211729268157724,0.8933230284372966,1.2974680067730517,0.9993370139592976,0.27019232622690154,0.1774536325490066,0.5930900229861307,0.7190209012354372,0.5926533275105215,0.5303539791563725,0.45768159047984147,0.7323017933447008,0.8183935622630094,0.6189283652618285,11
1149,3,3,2,-0.077777186435949,0.17647878039158127,0.2554408528959829,-0.28569592237369723,-0.48250487345098625,-0.28290104526535403,0.22391830583593433,0.45967982449794365,0.344678341367196,0.2608553040433147,0.1180293788780268,0.4093502193407164,0.8682252191060043,0.9732562203100482,1.0639442887118422,1.0631031070442667,0.8450684788398628,0.6388409233297017,0.9076237340419611,1.3034664171973636,0.439154018415288,12
1149,3,3,3,-0.6083830289827308,-0.2897035709889616,0.41438019086438865,0.7821405992376019,1.0021627252913492,0.8749381663720806,0.5891404087266445,0.6841383305910628,0.6455562065178174,0.8017476390673707,1.0136992282525086,0.8692143199215632,0.5719647848968836,0.7599388140513329,1.2247144870641757,1.0684404845173847,0.13472682613610265,-0.061555450535062756,0.7411513180961542,1.0285185003105592,0.6123465489704114,13
1149,3,3,4,-0.152270354303419,0.116366345797236,0.5145202385900828,0.5815955093535239,0.34423168178624186,0.2333052690401187,0.02062297457313565,-0.047007476900367245,-0.039700764660555395,0.1320588645436331,0.28346586945375557,0.4241795702160783,0.4759208479782405,0.24410377916027645,-0.17064792497622105,-0.4525115245498043,-0.31251655951186125,-0.0569279161180825,-0.25729734635762985,-0.2608958541889846,0.0810297614462699,14
1149,3,3,5,0.4889893847937228,0.25806536154178683,0.3829317315445366,0.8830965823510959,1.115673798629033,1.017225931903502,0.8381477205636965,0.6772919374172062,0.5736709573023513,0.7535160392670305,0.9259531114511966,0.6210831080863626,0.17856902375141157,0.35141212631036844,0.6874747064973423,0.8440192472973338,0.747973973776964,0.1613879357708924,-0.21875915676655516,0.15592778031253313,0.5721825650900907,15
1149,4,1,1,0.03763338278727875,-0.3577586864290658,-0.956612315001335,-1.1324519387395129,-0.9476008544002186,-0.5414075901579565,-0.5414338489117884,-0.8159181183854365,-0.7607479755644495,-0.2937182482416045,0.2276357814462051,0.3371610480808076,0.1837213729895417,0.1813649142291034,0.21346718660135422,0.3715103427565687,0.3147166634855005,0.1079157030327719,0.017368784761609496,-0.31406882549169923,-0.23346116105761625,1
1149,4,1,2,-0.4139866795435365,-0.46470832890671876,-0.24410918859331765,0.11188446700480101,0.3894510566188098,0.5466505483618551,0.08681750617606587,-0.3044469907553703,0.1607434378751214,0.6834320860427304,0.8102433278050862,0.48202005667379033,0.1150013180561644,-0.11252667969420026,-0.04150468033492334,-0.030491620609328945,-0.08429179929499121,-0.013345690594111052,-0.19365234604990778,-0.37532536185646137,0.0553927219190778,2
1149,4,1,3,-0.2088796138618254,0.0016390382764935874,0.4159836632932816,0.5886025356477043,0.7875818131191448,0.863301375696103,0.7586787561979507,0.6861022253704673,0.6593461437119876,0.7012049765975001,0.48982481410098044,0.647570800159379,0.8311360743463319,0.8599798860217217,1.0299926786181128,0.8810135240423316,0.766503457302228,0.6177569599183645,0.4655820403879392,0.39015084437015873,0.6116535996658178,3
1149,4,1,4,0.25933002649249376,0.30733454370908514,0.545275760990678,0.8695763960598091,0.9697106601205931,0.9640472506713702,0.6880557680287857,0.6558746316154509,0.8872205009247631,0.8835059774929548,1.0535878772339116,1.1710715560713374,1.2165565160295895,1.0143344349161083,0.9177842127847865,0.9825574797213636,0.41769125801384666,-0.47204221691169607,0.08854263792718142,1.4233796320760694,0.7421697451984242,4
1149,4,1,5,-0.313882459985321,-0.31077432498482516,-0.159482279819897,-0.2729084348216433,-0.23970542994842337,0.4105251233214237,0.9037006295976046,0.8966871578479878,0.6664853494257013,0.4466714716759179,0.4241355934949978,0.30262760577430536,0.4017774627092516,0.6246850619768755,0.6635517661488746,0.3875579587349243,0.4307723500550027,1.0248745748545613,1.400570325060823,1.2351931768135678,0.44615313389658545,5
1149,4,2,1,-1.1061276186426539,-0.9617197589719182,-0.4811680676523963,-0.25891598851383457,-0.5737871491801125,-0.6521817064433567,-0.1587041858742388,0.19570397307718912,0.365444518699569,0.6086391987872184,0.5913744884861853,0.6530145786050208,0.6165858812523062,0.24454737711988836,0.3237660313681242,0.2724642833953951,-0.004331484377128006,-0.27448576216548715,-0.6344477394374498,-0.4806432096193955,-0.08574861700435375,6
1149,4,2,2,-0.013005335722570954,0.5622915101579464,0.9547142401733532,1.0585904367866978,0.8336942199083981,0.5438551617366898,0.45654152171479745,0.19889560102457995,0.2908676614350598,0.7769809890297608,0.9774598964028175,1.1146499187623014,0.992042474938492,0.873789981734316,1.0922693933857155,1.2802852110694438,1.2590181901407296,0.9669169459785835,0.6234493791797989,0.5167676836538461,0.7680037540745379,7
1149,4,2,3,-0.3822946273736742,-0.441157880000901,-1.0593446225905052,-0.2932420504534494,1.2820990313733855,1.2641978277482033,1.2614482026951706,1.1895002470403648,1.2953786614147136,1.300664003252118,1.1084786336740613,0.7827481088963697,0.6856267543140578,1.0706227335300085,1.3700377900452239,1.3717986880490805,0.533342219263009,0.16695198931554636,0.40849807242286373,0.7009957780780404,0.6808174780346845,8
1149,4,2,4,0.735755704459406,0.5692779476044165,0.7835938436413619,1.3659170311598428,1.7017374873588333,1.6594058748719749,1.4399613955262165,1.148349871972505,0.8493321735531653,0.5893190358862463,0.7581983169853483,0.6168288194547995,0.30107286068563127,-0.04367580447727845,-0.18982199656881776,-0.06109909493114485,0.26316932780215835,0.5372327676584023,0.6856368975462205,0.8965222317199542,0.7303357345954621,9
1149,4,2,5,0.2826127674501867,0.3062126673965125,1.4431953994678364,1.5717742385493962,1.334611091362006,1.0559341887783495,0.9571614319092758,1.2750661975118467,1.3079391279583148,0.7957432279546385,0.6166001358795028,0.9337032587678243,1.2738956166648057,1.3433593526860035,1.0932064812126496,0.5761399389125555,0.39270886463686794,0.5806974278416502,0.34066137283721293,0.0523346378918564,0.8766778712834646,10
1154,2,1,1,0.3720526114535982,0.6312808788915472,0.5436773980241966,0.49265121302488035,0.36062678689298033,0.1785970362620365,0.2517749047529712,-0.07298483323183261,-0.31042454452042145,0.005024899580031356,-0.006832207237793958,0.226611386402966,0.29419030173629457,-0.13860405921718646,0.0013181766448277024,0.1704453164282633,0.28671001870219803,0.21213406894726763,0.13575050588614865,0.10210340138378085,0.18680516304033767,1
1154,2,1,2,0.13730921767399806,0.33740860996668715,0.2342870717435378,-0.1062145355894597,0.0583795890519728,0.20464515759342755,0.1278073153525763,0.059388497534112,-0.2662276586527425,-0.1872774854408813,0.1163284324877124,0.11874175245831625,-0.021401176518365844,-0.05868788216903425,-0.09889986581316494,-0.06321339360925834,-0.2540253993251867,-0.26806840553578215,-0.22066465038070715,-0.3305752475232944,-0.02404800283477685,2
1154,2,1,3,0.2890343790103826,0.8437151880800122,0.6153221707731014,0.7082739375592231,1.0043825994925148,0.8447480107562129,0.7674128249103199,0.7920152643407166,0.5870808353627155,0.41869063535000095,0.5931665660993155,0.5618327524919529,0.6530765419622828,0.3697138302641534,0.021679337751024,0.2598704509494766,0.2548322628944084,-0.168563997425893,-0.29148214627409386,0.276462674170799,0.47006320592593126,3
1154,2,1,4,0.4437740443762277,0.5781883510523953,0.7457641070586216,0.4030174185389919,0.26643355467372626,0.7013543066655443,0.7864720973249493,0.32031362598760454,0.26366860159580624,0.4000829501912397,0.1806854700375022,-0.16937594124458072,-0.25751196204993776,-0.29315266941160767,-0.24684476542014278,-0.39474743456172107,-0.4399354406108732,-0.22801883211604923,0.18372944183655476,0.46845174704798637,0.1856174335486118,4
1154,2,1,5,0.25591256554463127,1.2142552478573325,1.1271558536576542,0.5238208721592039,0.5044332866468566,0.8511194679459484,0.7048205883835004,0.2131162916170585,0.5199861591174119,0.8502909447011923,1.1403374506942803,1.0875231426272947,0.4891300795572029,0.37048172369346616,0.3472658783078755,0.10123985082060001,0.3875913936018244,0.3384482813678213,0.20266025381290645,0.28447431229344233,0.5757031822203752,5
1154,2,2,1,-0.5990240875530098,-0.010784615679114012,0.18344272512517268,0.2235870448787198,0.568667533823651,0.31977167777092014,-0.28781679063490584,-0.388849648479042,-0.2837809955963037,-0.2743869445565622,-0.20629298896035506,0.2422751052571307,0.47850765567995546,0.26534306307557687,0.0501116525997493,-0.1375708864612196,-0.2736384517820045,-0.19218289203520553,-0.07124997196198225,-0.027748751344472397,-0.021081028341665052,6
1154,2,2,2,0.3413146552706721,0.2442199546597107,0.20380155053239316,0.28824962100840423,0.5788146028785406,0.8715480743756958,1.0262161296600145,0.7669084952412853,0.3843091907770682,0.044855549056088746,0.00551687880353545,0.1518724772813386,0.23672409548310264,0.11843821728816985,0.0315069032529236,0.3977816990593347,0.5753455760624164,0.49463632340468494,0.7278088436503879,0.5393838093751127,0.40146263235604407,7
1154,2,2,3,0.33603339481673905,0.4883891835276624,0.44281996951365715,0.6001606459365093,0.9494861102691086,1.0793760581508147,0.5969983826088067,0.3140360629003372,0.2737742556594209,0.3280527903645249,0.6878923489514926,0.23430764183450759,0.048768480659338365,0.5040167243966356,0.566249482785088,0.2213342483873273,0.31770633986747904,0.5930226791203096,0.8470562350219635,0.6330460349695836,0.5031263534870654,8
1154,2,2,4,0.7798221461771798,0.7992204350972458,0.5725081435197572,0.3755763448462339,0.8588453394070681,1.236281686763358,1.087181202395282,0.7557577117051278,0.8105080912283888,0.7500548619416383,0.9287860483576899,1.260637278696155,0.9163848193895101,0.6005299517769206,0.5319032243928422,0.25553877870553693,0.21695308101355484,0.6287205513118376,0.8725801712965439,0.333314122268241,0.7285551995145059,9
1154,2,2,5,0.242715211154617,0.1268663468772992,-0.28766537792540575,-0.5730285854224362,-0.7767180729380324,-0.8138641631710182,-0.7459694839432975,-0.3791953410701674,0.009375606220852498,0.044155259185736456,0.15401796281811841,-0.11039301483200945,-0.5156679944912854,-0.31945442096290455,0.07594848345466655,-0.08387660646030265,-0.24581872919971914,-0.3711665343677637,-0.6875577625496309,-0.587895751918676,-0.29225964847706787,10
1154,2,3,1,1.0115143421769992,1.2258737061533007,1.4751492766443648,1.929951054884596,1.5880839213148907,1.131338269017383,1.236722748275234,0.9067666906385675,0.4986760089705976,0.5498017284074345,0.6374960565494641,0.7494649807068052,0.9638886758647462,0.9224993618603728,0.5309594007286897,0.5475575147347548,0.8604628836554868,0.9523817382102223,0.7360824940422328,0.8591695267940677,0.9656920189815106,11
1154,2,3,2,0.2382619826171895,0.6505878925734921,1.1791724817789264,1.5599858932303339,1.510984399102411,1.3217210171312304,1.2857472700983263,0.8979843591595026,0.5488702663763554,0.5388397736360022,0.6769201836222682,0.8068986138594303,0.6831140527725066,0.6537982669733887,0.8761702423786021,0.9803736011202637,1.0166587803308786,1.0912226799240248,0.71610019345142,0.713044277458555,0.8973228113797553,12
1154,2,3,3,0.4147885308225552,0.8553459485288708,0.7877365742167342,0.2623340263018845,0.413394616412993,0.47228950504668843,0.48298210880955794,0.4669961269861858,0.575785807901195,0.6250872073879357,0.3786726516628022,0.1446853029672765,-0.028967621298820502,0.31313997817346867,0.45066989489169945,0.09790109477839985,0.003330375915391655,-0.3272374694012968,-0.004075552891753986,-0.10927323160926822,0.3137792937801249,13
1154,2,3,4,1.0944949308657648,0.5332821196209969,0.3251088606006617,0.5577680109357481,1.0418576134398112,0.9592768906156123,0.6506051049419123,0.7817709628997661,0.8560923089820416,0.6019272339631873,0.38477944521417573,0.8839218401501996,1.1196403142787177,0.7960555413607168,0.5726373993224216,0.301619725726533,0.1208252469278642,0.051740548652618,-0.014319001427467205,0.19884889038732045,0.59089669937293,14
1154,2,3,5,0.5473515935284289,0.8850316279160116,0.841587551392786,0.9466335705171052,1.004180489246191,0.7372598467298597,0.6540809006450703,0.7360788896554263,0.46509530678116706,0.3331089181272468,0.504997134197188,0.7570877691363899,0.8675828019448133,0.6920721272268961,0.1797625140225566,-0.2932153258183488,-0.4609765545393075,-0.38134119323927385,-0.11729428244158124,0.04761010056824045,0.44733468927984316,15
1154,3,1,1,0.10044029898649914,0.555201762516973,0.5141025187467007,0.6252597888293381,1.028684730785809,0.7688743070364427,0.6995339469898231,0.8912700564834377,0.6089358802106174,0.44809509852773066,0.15395853595132583,-0.006319461859861236,0.42049680362458625,0.66148939189015,0.5816187571002648,0.1553625806211966,-0.24759843370938622,-0.1869690742426346,0.0010115369070540503,-0.21533886045412695,0.377905508247097,1
1154,3,1,2,0.3198617212988724,0.6457567060006525,0.47693285330332347,0.3945582055771333,0.5710994619434389,0.5591796596424357,0.1820469036856267,0.1075913811257085,0.47941358303786746,0.6355899018680714,0.5885384767687086,0.6764548649159827,0.24431322781944015,-0.028797567962654702,0.128891100973188,0.42057274733107797,0.4170683273895523,0.7394593542214001,0.9844506501373335,0.4666275886101541,0.45048045738436565,2
1154,3,1,3,0.1791306289204784,-0.07246928057924759,0.27354295477247065,0.7089633088591758,0.8430255095854515,0.7937179437461235,0.29101142193189133,-0.0715251265853863,-0.06641412724192265,0.09069885526763641,0.4363561659291967,0.6770246564513316,0.43765870841907595,0.227142387319742,-0.08539266231536699,-0.09642975744146642,0.19421066527102326,0.35802432575826126,0.32978152922389997,0.33691986890361186,0.2892488988097991,3
1154,3,1,4,0.08675314476796611,0.06266553928405755,0.1330538494503114,0.10647648592238829,-0.11758393245138773,-0.22370939639566328,-0.020049107816751,0.30134645607840066,0.3425067475307891,0.033306648426514,-0.047655666333814746,0.036920180538076844,0.3377141989028056,0.5140585392287818,0.790517796662328,0.957380293859596,0.6905410700912791,0.6469860364487616,0.48881660026197105,0.3166691814036091,0.2718357332930009,4
1154,3,1,5,0.07630874318798919,0.6403423158545098,0.7868237231391416,0.2826311422850674,0.0703432095645612,0.4059545249218678,0.5503245823070656,0.11689630837323384,0.09759502472726955,0.3241304231941477,0.351457903351379,0.22949894335860477,0.0398837472586977,0.22920224965005676,0.2903663634096879,0.4360505022777594,0.4329232686125427,0.1152857583471944,0.418231929220391,0.673997703531269,0.32841241832862184,5
1154,3,2,1,-0.1092181453715346,-0.0220588944540393,-0.053659244709158345,0.005792106269325206,0.3126046661118313,0.1499677058472667,0.09019668283653816,0.217967204241957,0.03181159656026715,-0.10997991598528864,0.092167742328282,0.29083681075248585,0.36753968350393784,0.3872452374404515,0.0111418493932256,-0.022580687508842803,0.11743128598687669,0.19576397106708054,0.33116265973834647,0.11641401004595495,0.1200273162047481,6
1154,3,2,2,-0.2809497231000443,0.2688237814199448,0.7311166160422228,0.38240020732478897,0.398987635007907,0.40554151049685017,0.5875950144014785,0.559155223781338,0.3184167071254259,0.1099153254310746,0.2633979846472829,0.36165030525375774,0.00011209087638359982,0.037162590096847956,0.1065699113293993,0.1935290694942608,0.2631483830152376,0.021680525144469505,0.2314970466552758,0.43254468289622583,0.26961474436700633,7
1154,3,2,3,0.34470079805243653,0.45816850114564145,0.5530328364138041,0.3579482457003782,0.007111808633925,0.24230733637070764,0.30617035079184,-0.05041403622572935,0.0914181942250175,0.20904786890076515,-0.012647304464572205,0.1223964917965425,0.2788865829090253,0.2762004860416307,0.2694781947374143,0.1809224270188861,0.17651127468532768,0.32033471384812906,0.45966485902861826,0.5883078341694727,0.25897737318896297,8
1154,3,2,4,0.6423512448579738,0.7837854635277377,0.8116908503892557,0.7489356899419057,0.2627996371597404,0.3033545469561285,0.44828227748429805,0.38439381075425166,-0.096256253670154,-0.24366396522642467,0.3348607958340896,0.2367805216810773,0.0473326713617751,0.15021690098563503,-0.24604880743821464,-0.2597399244764722,0.053133476562248996,0.21269798423762354,0.1250106654779071,0.19421854315251671,0.244706806477645,9
1154,3,2,5,0.27199483993986945,0.38377187187065986,0.19735055786351596,0.1435575619420501,0.5908293278243321,0.9386713608189846,0.6325843849818449,0.6512583788124846,0.9089314052211024,0.9346701442131768,0.9606784179204328,0.8418650746034606,0.5743500057191924,0.5404203623075324,0.5181774282460527,0.42880466459117095,0.3205289144438651,0.6325233711703323,0.9381655152612769,0.856345023697256,0.6132739305724295,10
1154,3,3,1,0.03094096669798016,0.7081238626801527,0.8470163962648545,0.8174433916313195,0.8891533471813982,0.637178162749128,0.5082914723015702,0.38315051045684606,0.35922949663033843,0.09733322101697203,-0.06912000033129881,0.0018630103495181904,0.0009075676523385978,0.19691863719376573,0.2916315131675241,0.257000335584459,0.2709175095117284,0.2616932385477359,0.47145610897225154,0.6079879956453247,0.37845583719519527,11
1154,3,3,2,0.0237795309333957,0.4244931592624549,0.7708353158153697,0.764900193452708,0.7109853709347713,0.5421214538265142,0.4218899409644561,0.5587143261155844,0.5365112650422847,0.41046441770093256,0.5658457418190433,0.5031990571767496,0.3705411758248114,0.5613295827920781,0.9051906886436903,0.6668910153354597,0.3254637709416268,0.4808200015409593,0.27566464260199813,0.5262824834347726,0.5172961567079831,12
1154,3,3,3,0.3556304162050053,0.5759169479319768,0.6329866360745362,0.5028863304965516,0.4859293545632334,0.5933020462942047,0.6992520764366204,0.5839458490903345,0.34014696638461056,0.26457638376680126,0.30603209685980526,0.3104348373383258,0.038032593990773106,0.04947371585776699,-0.09496934512798275,0.14322443205406155,0.5724597260218628,0.2696512250425199,-0.03206776276867525,-0.20956046916907656,0.3193642028671627,13
1154,3,3,4,0.06078293023310685,0.24607644000346046,0.4957134861253932,0.32093199381548543,0.16407342252315776,-0.06921863249133395,-0.20179351264489476,0.14335750802621505,0.5155128781160525,0.4137723492096918,0.21547017163078294,0.17817764436906167,0.3531824997357491,0.2468228424151675,-0.1446537478649551,0.17716046714330308,0.2471093984849273,-0.09389306829164115,-0.07553824682607975,-0.05822667655517705,0.15674100735787366,14
1154,3,3,5,0.1471827568995601,0.11605984554859185,-0.08549411597299264,-0.04386761929975104,0.1497246559795667,0.137573607360681,0.23002577771131685,0.3874077897164422,0.42389068652831347,0.18294627144760234,0.271024388479718,0.49636765640528485,0.672421601259128,0.835548172326565,0.49838826143531656,0.05714773180894306,-0.1263328798676129,-0.043871441210075295,0.16567024306162365,0.0792137528138783,0.22755135712160507,15
1154,4,1,1,0.010491998497322491,0.6361002942939206,0.9191749408141453,0.6576100672278982,0.3733184369664525,0.3690079613838743,0.46581963847495345,0.2836024414755638,0.3114423051598399,0.3262499843203154,-0.0850147281829732,-0.08533054738854855,-0.05744809198290795,0.20216216139469764,0.5545606124544203,0.6884781125703858,0.6318670402146263,0.6072538834188776,0.7544975021276379,0.6662797997702634,0.4115061906505383,1
1154,4,1,2,-0.052646872075636994,0.39813287897255945,1.0280840538356284,0.9265066974205672,0.8069158470412783,0.9207811080667485,0.7521852442043993,0.7830646684570464,1.2032184549390776,0.9705647762236388,0.7289610847351131,0.6655764201062255,0.6323062112335145,0.8975158478327651,0.7429495547520503,0.21520507401355937,0.15851652544964676,0.4550705518215711,0.5683786571686713,0.6391330088723757,0.6720209896535401,2
1154,4,1,3,0.5593664525957174,0.5826200920316916,0.8187878815513594,0.6211762661849799,0.5417642800888569,0.5466409201291131,0.681294294988708,0.9479245596815149,0.5220341863518387,0.22674175105325733,0.4759092622962787,0.799268926225311,0.9559837601885943,0.7816513656337444,0.5538730739033138,0.47362563544816705,0.4240565122495975,0.4899093214179371,0.3880383445785902,0.3617493820258747,0.5876208134312222,3
1154,4,1,4,0.3573993261564089,0.6511845434384713,0.7976591905127705,0.5604745059843668,0.31892882104346926,0.30230907450938493,0.65008409544669,0.6733157998079073,0.4944582037969254,0.7605839841419089,0.682116707383129,0.08028733366541776,0.03526016545377969,0.2684642136214368,0.42057281349391923,0.8389675228672855,0.38381651420700763,0.19427387427809886,0.03566574653173227,-0.5545928606365977,0.3975614787851756,4
1154,4,1,5,-0.0060275861778826476,0.23420774088976068,0.7132502331077087,0.7406997853801813,0.5164974621875928,0.7095979559497978,0.5967668763981513,0.3747535836197945,0.6250251014314652,1.0235692195557404,0.7434081901574429,0.2590794292532773,0.2382884474332297,0.4904114187406101,0.6457083045127918,0.6398832582016489,0.6659593090752104,0.9279821897681895,0.9681834604450859,0.523484783844868,0.5815364581887332,5
1154,4,2,1,-0.29760991498612316,-0.38536062146715333,-0.35881462254732577,-0.2048780540930222,-0.1056260263196381,-0.08183204391897225,-0.19041390063279673,-0.06281419304771035,0.2721690279726229,0.4780718176302814,0.38398496531684073,0.2132118512622975,0.39857941072046177,0.6866942297412346,0.5885584554060405,0.5252793474042432,0.6883421761150675,0.7669304983702033,0.7565317313460265,0.5951016674817384,0.2333052900877158,6
1154,4,2,2,-0.1836755764512431,0.08412576689780768,0.1857459608429334,0.29774746685738673,0.6625060624879057,0.5236055539598803,0.4275037707718778,0.4291773545899164,0.5457933905564556,0.5929211833646562,0.6359100688317033,0.6418602145451673,0.5349297222664244,0.6017556048547164,0.8076894421405993,0.5907402681064414,0.7670770314322656,1.11624839589205,1.1185564594784358,1.2231768423976028,0.5801697491911492,7
1154,4,2,3,1.011160424586458,1.2883009228836912,1.07914472286761,0.8294169279693697,0.7250528629829096,0.8097874819165114,0.7458788900272051,0.579792859431966,0.5325846494171421,0.4113285862225444,0.6134140414733633,0.7680344257882429,0.6746688038481841,0.5574022836143192,0.7205109084941934,0.8139723834764376,0.7500710853763946,1.0435841539365431,1.1364730223959238,0.609630452744454,0.7850104944726732,8
1154,4,2,4,0.46252128440351875,0.29892063882906705,0.7435740230869854,1.237409121857537,1.0076927111076568,0.8699173765394321,1.1064003361766588,1.3499616682085778,1.2021631200804554,1.1767449978896851,1.2457614063575986,0.7600711199244936,0.6352258711644845,0.6364151572124318,0.32345578134246394,0.6561733115467806,0.7920176558572509,0.33869820160632513,0.43261649559941157,0.6088953089194058,0.7942317793855111,9
1154,4,2,5,-0.045687413432765646,0.2232173576545679,0.7816241723334874,0.9343299092681507,0.5625072669878227,0.3992544919314473,0.2928887423495987,0.365146453756733,0.3983314585683516,0.2602793553164796,0.28144760849137357,0.3450438594205814,0.21448872323330226,0.16748288615575074,0.5945350154006205,0.7195302363030491,0.5203669017746557,0.6367074766160647,0.7503282659011364,0.47480541717952923,0.4438314092604969,10
1154,4,3,1,-0.3619410125407649,0.05467483035379005,-0.1145838432813297,-0.3120771617403743,-0.12494860264972368,0.1576070484226346,0.199333629123331,0.07987362950791099,0.4300245788341563,0.7416941199071271,0.5419175697491527,0.1863634884286287,0.11888679118379314,0.3471460198793703,0.16850903736969214,-0.1012230007980907,0.1695784890020653,0.31857089926692606,0.005480759281241351,0.04482590430459442,0.1274856586802065,11
1154,4,3,2,0.05559794054739975,0.25790376826453565,0.3091109386667218,0.7914851433685057,0.9532623880890506,0.6169835726315763,0.4998263872561746,0.47116588491967465,0.8162742235320964,0.7744863970368556,0.45315943037329076,0.35304215455382615,0.5486225099729998,0.6138070723212401,0.7095512162221886,0.9317837918742373,0.5532997334385927,0.4754620861474165,0.5243166184726166,0.32657498362459875,0.55178581206568,12
1154,4,3,3,-0.029579376734290504,0.37712613546141305,0.4878467699161676,0.43162349086937846,0.6923424501450776,0.7539879560678583,0.8910527243216553,1.0942574708916601,0.5858756423487541,0.5231292919683376,0.7334285763781239,0.3261073235550481,0.0673361061711914,0.06565288461725674,0.2762435388243171,0.23473717923661336,0.3246878852255233,0.6982694825828091,0.7165507722723817,0.6256941164785973,0.49381852102989365,13
1154,4,3,4,0.4856520047951303,0.5761535466041237,0.4340879983389304,0.32231198632408464,0.2842846238770478,0.42370297131810397,0.5481767299368764,0.7772749237984425,0.6741446002078897,0.073106662160382,-0.35035706011935375,-0.2120574336545564,-0.13927239741703423,0.21593485629157994,0.5033711839842605,0.3217058430746706,0.190092613909346,0.11160292679578776,0.37901548049262124,0.31792534868061684,0.2968428704699475,14
1154,4,3,5,0.16274769259066113,0.6484001950876346,0.5575983810668427,0.24160527003258064,0.24401593520632195,0.41008832981170384,0.4022446740863662,0.4162206308593043,0.8021733055092113,0.44557790572205186,0.3972869430647557,0.838939019693958,0.7052212429292585,0.2551417349080957,0.25897777324103327,0.493420373044523,0.2421615497783346,0.07751805703632769,0.15930244196064197,0.365978200432154,0.406230982803088,15
1155,2,1,1,0.23599227638169565,0.7545280666380351,1.2181265585784222,0.8211294275624617,0.4554742935447811,0.6076328955341773,0.6732551658866486,0.3945953082181213,0.39088035135474947,0.5499003437346771,0.7065846607705258,0.7697461835461916,0.7250651364042295,0.6495412934228635,0.5462700713670232,0.7845859341055668,0.8243667120344865,0.47431283558003823,0.335973458463779,0.2175267569052533,0.6067743865016864,1
1155,2,1,2,0.13961563791029627,0.3541781002339881,0.7752630951431834,0.9612592082764023,0.7502740050238859,0.7304223516518275,0.6999651924110877,0.3908169836758881,0.1545156826434505,0.5371107888811348,0.8205477204230857,0.5163274203333963,0.4351920305376521,0.5031555724567902,0.522373539432941,0.5647122447087095,0.6602783697421264,0.7302327258393599,0.4981737047076743,0.21165411290003627,0.5478034243466459,2
1155,2,1,3,-0.053199419461200555,0.2690438748687045,0.7067745271177712,0.9283387784326986,0.8614552871226189,0.6557835751842294,0.3860015850616037,0.33683576837124973,0.3936398152801174,0.26244172933390664,0.09119837638466345,-0.4021187724409792,-0.6597414476521154,-0.3882567654521536,-0.36505337838764607,-0.3594392100337406,-0.47291742473512466,-0.5623086733474906,-0.0994747527840791,0.35799497564814287,0.09434992242555884,3
1155,2,1,4,-0.5160926184957124,0.09116922136778904,0.6197440808676032,0.6077265673996115,0.36717169879166955,0.1439029968621517,-0.16650168152013384,0.005675078555123211,0.25665398704059034,0.24292475463772167,0.13966429776628345,0.2017117722945621,0.013052971283460849,-0.12703568918327213,-0.24726340163979116,-0.30745485095192043,-0.21491870039235117,-0.1107842223483666,-0.3402064076291186,-0.36002403572673036,0.01495579094895845,4
1155,2,1,5,-0.28346932461470586,0.29026721694505503,0.8906818548003559,0.5492605722275884,0.08616274331986659,0.3431581850783776,0.4014885816249838,0.35362482523616035,0.289189443345838,-0.1367109892849518,0.29131255529739714,0.484203547732043,0.07956419598862835,0.18859541203785332,0.09477832441598605,-0.02041702355690385,0.1202036602413407,0.08683869870243305,0.13761413546398504,-0.007335043991870793,0.21195057855047295,5
1155,2,2,1,0.19759317710255359,0.5495290355007179,0.9054234414460454,0.9421484895474079,0.7892515641243185,0.6918271353305805,0.5803138075696715,0.5700169657409513,1.0442185047923451,1.173928591953206,0.7623092601508725,0.5755837577820443,0.37403375852608606,0.37879334778562573,0.7008800553330211,0.7781891439555806,0.5755952125917938,0.35132601202391034,0.6093457323957419,0.8446038227340354,0.6697455408193255,6
1155,2,2,2,0.4454781930868804,0.6140171885107292,0.8262611738357516,1.0927678332322284,0.7075683091492417,0.4226068056254221,0.6062291495672567,0.7118646579988653,0.5911564446891429,0.41200576909621756,0.43369957643726625,0.5662934304282287,0.5681340840860072,0.46778680164386155,0.5638304186333473,0.5674061993010682,0.7608423762112988,1.0435992689324594,0.9072636373901749,0.70637818514045,0.6507594751497949,7
1155,2,2,3,-0.0357810483673964,0.4391010161919406,0.8299720995527111,0.5144638343467732,0.17743172573650157,0.014709246326475495,-0.01882368002687706,0.22328956953858303,0.412147838398921,0.14473409546313437,-0.11440534895729786,-0.0489405262295326,0.049422648394960654,0.17981872765441947,-0.07553065040970346,-0.1995898995035658,0.02580124633419905,0.219870173428936,0.2972524198719255,0.32443856678474225,0.16796910272649251,8
1155,2,2,4,0.24800240827573916,0.586702521827154,0.8978544797349919,0.9440541822945945,0.8922043713380066,1.057479399212539,1.0897678305806044,0.9605001536438901,0.852698036745523,0.9650549316733654,1.0939608060719979,1.224385647183373,1.3287971670316872,1.3083763715126988,1.0768991438546691,0.8925121548842165,0.7767308761673823,0.905617536865118,1.208318295132038,1.0116942837473346,0.9660805298888463,9
1155,2,2,5,-0.39863906252276093,0.265135192815567,0.6113435295219791,0.5657431947724938,0.32638523075207043,0.3625317534472676,0.1972950983068622,-0.1374244558535021,-0.06657081137828486,-0.0831417207224639,-0.0660499030108983,-0.11402463871907945,0.08400167095803754,0.37196989431284166,0.36938203331089065,0.19150209906948887,0.14825729539573726,0.4089646772688067,0.4619179717868548,0.445234227547025,0.19719066385294653,10
1155,2,3,1,-0.27960488619976714,0.22945398224332963,0.8686041718475545,0.7640638275001634,0.3072682050104304,0.21469941779895746,0.40311953254048494,0.5467320261894112,0.46703943097152,0.269072891672536,0.36867376328752277,0.7278691081991864,0.6568189067747318,0.6540919002670531,0.4406799250474649,0.35974590085185776,0.574010438408106,0.5707439967885096,0.8107262822063335,0.7683790279113809,0.48610939246583834,11
1155,2,3,2,0.33925747159381303,1.1463394424376687,1.159753137364857,0.962746751127676,0.7252048729063879,0.6919940015874699,0.8373945704984702,0.6977951461980051,0.6199163535721738,0.686280483594024,0.5609112110341099,0.4153740407024815,0.39360598794161544,0.3151076698520606,0.3003633869553619,0.40771305897148996,0.11421904995595558,-0.021598944603725717,0.1336140471112409,0.5467842442661166,0.5516387991533626,12
1155,2,3,3,0.45236036205759356,0.6469670073114813,1.017639895927174,1.236567021400589,1.2099322597017457,1.1163258618096694,0.8797497074269645,0.9452187600986839,1.2303444525565719,1.1278076037898095,0.7983400946937051,0.7059011623336741,1.1471934611310182,1.1426453607991718,1.0683644599656845,0.9506484643865846,0.7788548995051312,0.9039512987401497,0.8445869257461611,0.8403735672063376,0.9521886313293951,13
1155,2,3,4,-0.22460384096732489,0.6578265498113771,1.270119159467495,1.3894760035722982,1.1193889449112007,0.691439628987136,0.4016887183948695,0.6090264446210081,0.8212243611527882,0.5103429419146498,-0.014270743802316965,-0.12568122521552955,-0.06845562906267424,0.15793277736260708,0.5998958297454177,0.9024194979252442,0.671514025712558,0.05644715694257305,-0.1055754863144178,-0.0661704942137016,0.46269923104726296,14
1155,2,3,5,-0.1356992806302115,0.4133994824244674,1.0072127035154066,0.7934630129151752,0.4356473588256829,0.0955146621123476,0.09201880786917155,0.45809295236730824,0.5964578361005289,0.3492157763583327,0.3706552152883469,0.4414465289719437,0.5455218099212582,0.9019726174219894,0.9926206752954483,0.5289425215969268,0.35248571216537444,0.36727088920004336,0.5267603799384543,0.5588467243869046,0.484592319302245,15
1155,3,1,1,0.36164768988476026,0.9703673394787687,0.9723366156854503,0.7242180006761083,0.7441972012087856,0.7311503573636889,0.5687783208219661,0.5626946990162287,0.4759678311507145,0.34131101634516936,0.2142598124143961,0.24809803146972054,0.1318720628076637,0.12683379700708075,0.5115570419715951,0.7708071398236471,0.8329254024478578,0.8015365841174691,0.8354251257799056,0.9003222656414052,0.5913153167556191,1
1155,3,1,2,-0.47336328932871496,-0.22082165409534904,0.4152457996647721,0.8233667789723713,0.5925814436789021,0.2251803467818391,0.3641910248536902,0.7022327358320609,0.5756146578578579,0.4629458487935266,0.6415770881542604,0.5987343293165468,0.4455950454426093,0.26387951157514355,0.38576441226825964,0.5148568180554278,0.39930065340870835,0.28621455107771465,0.39064471877513984,0.4926953595801532,0.394321809033246,2
1155,3,1,3,0.20832218987960935,0.7124985907896915,0.9401885306193862,0.7872672046191826,0.6272670901826677,0.5632366965125197,0.6170773801865539,0.631380366709384,0.5474642006913164,0.4295193099081617,0.39773755198983984,0.6069236383769427,0.5934110153395281,0.6157943744109743,0.8825956896421401,0.5942350646207102,0.38410637867011443,0.17255045476761885,0.2510524970420223,0.44010940564660717,0.5501368815302488,3
1155,3,1,4,-0.3346797485839206,0.17865273763133566,0.9752154364148626,1.1702566033636108,0.8858118576546636,1.0403740300368578,1.2439568858796162,0.9647436498217996,0.7257892439270682,0.6784617159184865,0.6112114612184264,0.6887678159992581,0.7572122981567677,0.42839568968195035,0.10879584405721446,0.20924837446717054,0.2776543537862622,0.16586754294451544,0.1592270788078711,0.29143387885149613,0.5613198375017656,4
1155,3,1,5,-0.04280049879601455,0.3205558111267249,0.7021967407074774,0.8390031997714333,0.6712488798571097,0.6579449040388918,0.6886089673171495,0.5441259015812514,0.4290157276239277,0.46851958235633107,0.4325346143415105,0.5157621025793342,0.577892682290587,0.47268694575171205,0.4335139909445045,0.33351111991195587,0.38315660645476496,0.060122265953374304,-0.11631523205276435,-0.0987523934089751,0.4136265959175143,5
1155,3,2,1,0.1092409425532289,0.5186095787660355,1.0934787353259368,1.080332323446072,0.9555573540099176,0.8542537742155514,0.7986560584862707,0.7555815430523157,0.48548056209941964,0.3920516126922686,0.546863880571733,0.4144606193874318,0.4729039181634137,0.6413468318432578,0.7486243816207768,0.7849393190159686,0.4398323416472722,0.2736260808638521,0.48404970052325325,0.6343231118637722,0.6242106335073874,6
1155,3,2,2,0.5146182917273485,0.5967667120150197,0.7125124069924491,0.8839175788367678,0.7112705088698097,0.6688743278444207,0.7448388058827287,0.6220338250268282,0.44347760821331483,0.4168769105564861,0.5131934629535496,0.5631649343329237,0.3709268565445728,0.08669636905853415,0.08091743703956739,0.3978035540692754,0.6415915167329578,0.6316027206669617,0.5778909852410719,0.6146410109451907,0.539680791177489,7
1155,3,2,3,0.46594562041292914,0.8307869988064123,1.0410088649661617,1.0333556041476526,0.9335947726246842,0.756722796851857,0.90909418826188,0.9172968746469332,0.8737240689705117,0.7008518454101926,0.5229560707237524,0.6549821696443876,0.7925095033774738,0.7008323632236995,0.6744134018244834,0.8683199116598521,1.0694045381130524,1.01796959985211,1.065803006110757,1.019576078304429,0.8424574138966605,8
1155,3,2,4,0.28381332921647245,0.63624670572643,1.0066420468641442,1.1511900127968886,1.279560950727974,1.2331937016610641,0.8941203605004363,0.8346263056244017,1.058298977144436,1.1177858131860126,1.2764881758100528,1.3981036973798737,1.3531269997009947,1.1829919341131223,0.8787810241016734,0.6109823480518263,0.6719365431502895,0.9224087967102026,0.8679346513684423,0.5960021842871488,0.9627117279060943,9
1155,3,2,5,0.0391553977269685,0.5353540967523163,1.089283257696552,1.2175106435000456,1.2426676289732288,1.1622997267905162,1.2222515378523908,1.4412710605455437,1.3566718304501,1.204802639885028,1.1067981214127882,0.9143891123560646,0.899625291469623,0.8565518901652855,1.0088456453006012,1.0355701354613382,0.8262497777897805,0.6625834655678822,0.9446459877764672,1.1389994638880563,0.9952763355680287,10
1155,3,3,1,0.09588254262910145,0.1252872693277325,0.4693795152076427,0.8061846539242856,0.8743942967986582,0.9734654533697256,1.2020975872282462,1.4106823764041452,1.2002303626380393,0.9835929545261952,0.9200183010085341,0.7941672760148685,0.9342842337284532,0.98597756878021,1.074128274564142,0.9273042949626515,0.7487572525942853,0.7387320564547377,0.8078038446640938,1.0054627037361015,0.8538916409280924,11
1155,3,3,2,-0.28696081764232617,-0.0882962468085321,0.32660571438951336,0.6826534246657021,0.6341637437507708,0.3934043340476836,0.40186131974422784,0.28060980079794845,0.06780808297771175,-0.026092711314678448,0.17077925812302186,0.16969925165465197,-0.038058846331350156,-0.09634610427267411,-0.23495460602900564,-0.40884565735563405,-0.16030825151398848,0.3846032710590932,0.5132016996164253,0.22707740028619106,0.14563020299223756,12
1155,3,3,3,-0.1968011079698269,0.09961797327341446,0.45468115577408796,0.5384309921428136,0.5416106234529375,0.08540617973862939,-0.13651579891828838,0.0031350408103562044,-0.0503432647770076,-0.044809474655010256,0.020064687427653053,-0.03612921432152105,0.03280583238629385,0.2752127896018717,0.2214190523641436,0.25860598844763555,0.4352171175719324,0.34876894683485293,0.09769944076302355,-0.17079019795822636,0.13886433809948825,13
1155,3,3,4,0.597517438201079,0.7605565740489638,1.0775102719742788,1.1763741776998868,0.8948341147759787,0.8670960942514228,0.9756685959011773,0.8772551152571513,0.9307162842341266,0.95780030181054,1.0479547663430846,0.9682660569906633,0.6850645638054492,0.6730655144196616,0.671037738385188,0.6394550938382493,0.5973755382798772,0.5306708847547557,0.5428874818888985,0.4166097575069486,0.7943858182183692,14
1155,3,3,5,0.8684639833138192,1.1685186102822722,1.3294864702008828,1.393670714453029,1.3472966959019748,1.2735675269848672,1.2104430836497153,1.2065143355956442,0.9585420599529408,0.7757708319366131,0.9162445560976976,1.1622144604290008,1.3973376797200214,1.4254324620471337,1.3040325750609592,1.2392487249984703,1.070750283993857,1.0347117921647513,1.0102496217405026,0.9126962719756798,1.1502596370249916,15
1155,4,1,1,-0.1222925454355896,0.470593787128533,1.0107664138346728,0.9537807177257773,0.6732555957732901,0.6141790760105656,0.5528225368085231,0.5350087425818955,0.6962854696397209,0.5781018970866998,0.4940557456586534,0.5686575868146313,0.5865901722223503,0.738708721173122,0.7060062648726393,0.7794489709286065,0.8352187021943205,0.8548783833648491,1.0165717732130726,0.8617111479947647,0.6702174579795549,1
1155,4,1,2,-0.0973716712619282,0.6560945761516372,1.256336896094293,1.2220359044963784,1.161862710133814,1.1864188787057879,1.0285092352277774,0.8851677050040914,0.779782004407517,0.7528136850382008,0.6530772183157718,0.6178166206871983,0.5521646258815636,0.6620779722078539,0.7925998921827788,0.5497308786458718,0.3639419495894579,0.40167884583289465,0.3875340408915669,0.4072615601100587,0.7109766764171292,2
1155,4,1,3,0.10540225551347651,0.7198402025398873,0.9727956830819182,1.2384426171906928,1.3091668730595791,1.1972831416335583,1.057719630806125,0.9287058000689842,1.0244953316974375,0.9645462537380979,0.9046553747350421,0.8365743685291684,0.5779828136201647,0.9883323578217796,1.0667748428918429,0.6102657333574151,0.6038154151607138,0.4940148792014787,0.6872266505691114,0.7455575394055634,0.8516798882311017,3
1155,4,1,4,-0.00223947803416865,0.11385886853794935,0.5432999666819153,0.6511422376544151,0.5053897629835404,0.26803570747130834,0.253887397762673,0.48363662613788116,0.37272523036524097,0.26856455060157636,0.4493593499948586,0.4751554190235663,0.23807197490906762,0.06668258722605795,-0.07730811523207315,-0.06861907167181851,-0.06852664547009546,-0.27190226690492214,-0.2912270977582767,-0.25450027220185245,0.18277433660384218,4
1155,4,1,5,0.31039581452918985,0.6447132692213404,1.171638201297489,1.0781376554734,0.7800227467242538,0.807738579680614,0.9461815705272962,1.0540200329968292,0.9875322763842377,0.9346704223751465,0.7536704328521393,0.6199964114904718,0.32885834435456107,0.14668606575298712,0.04417291109046065,-0.019744340022723364,0.3563611321693747,0.4711977131722822,0.4011936966591497,0.12071468677771341,0.5969078811753107,5
1155,4,2,1,0.11355978458660075,0.42175346762952437,0.34479295180004266,0.25251407126981296,0.40706005874832996,0.5462499005496697,0.7424680963807051,0.33721246415425504,0.03743271077270725,0.25749266206913196,0.25379205133135235,0.14045126587134954,-0.08003496022199351,0.12402809602662779,0.4349732244297516,0.0736493185537085,-0.1999439339480969,-0.14829516710903004,0.002006343283851797,-0.04546053874525774,0.20078509337165215,6
1155,4,2,2,-0.11041404017127056,0.1670674433713327,0.9852841673273691,0.9999841597440609,0.5091787875750338,0.5256828127495741,0.7361036458302896,0.8459163005613709,0.7370623325038828,0.8293584340260322,1.0371244129748636,1.2278785115553723,1.2170903883993702,0.701467684149879,0.5880372196489823,0.8961280414622441,1.0347878704303135,0.8462053605083943,0.9234708930640149,0.9275821165212744,0.7812498271116193,7
1155,4,2,3,0.35014147856805106,0.39286914743342805,0.680620697461017,0.995212205667547,0.9871135903672962,1.052705586705198,1.121186465675653,0.9468633999504467,0.7632634829710734,0.5561570014462097,0.58697068593388,0.731609954024554,0.7959326725590726,0.8382255519696339,0.8259704115871667,0.7710349932141219,0.4609460208181124,0.5019259602728717,0.4959811792379417,0.503975516465794,0.7179353001164535,8
1155,4,2,4,-0.20426888834725854,0.4403119064190522,1.0785060032159508,1.0544244395833058,0.8992912190132859,1.0312277012516886,1.0811018152719598,1.0629670027730258,0.8209582121369929,0.48610699830859116,0.34219435628949885,0.6008841975851613,0.748941137121276,0.6377808848185154,0.79173304245637,0.9925943919557164,0.9885002180435367,0.7879242403814144,0.43352898763049924,0.3843620188105149,0.7229534942359549,9
1155,4,2,5,0.6081578300575183,0.7487988547507902,1.2963019081961769,1.670016698228073,1.6652052309127596,1.5033801046538513,1.2249620539317227,1.0367304631297143,1.1236418451848802,1.1118166945606265,1.0070075635738782,0.9751417227605312,0.827618426904111,0.9050772435595856,1.0135978974488418,0.9120545873740897,0.6417323375060118,0.5218606900126598,0.7340195792035347,0.8818240821423855,1.0204472907045872,10
1155,4,3,1,0.14791747775217706,0.9645586010854895,1.3867861536951476,1.2567421441187197,1.0559622842381124,0.9337876173420845,0.6510310012224092,0.36999954307406546,0.5063291487611682,0.6404837583910759,0.6182142339950681,0.3963133562291495,0.27253042279612183,0.23038085802943076,0.17681533915798264,0.2661906737035306,0.40460590813720143,0.4662977897387086,0.08393387177380815,-0.10685678834700499,0.5361011697447224,11
1155,4,3,2,0.7712668925296605,1.048561097459912,0.6638212874954648,0.8598135045261256,1.158647603344475,0.750393092221813,0.5077450886148414,0.5089911746051399,0.7076522047843966,0.7447991684448616,0.5505471962509775,0.5633340621374491,0.5189161330553052,0.5132837464717566,0.5779258620172236,0.2650960381626674,0.07378998818768615,0.0973158831072492,0.13756716863657076,-0.025334396246289553,0.5497066397903643,12
1155,4,3,3,0.44639265004815937,0.9452156066188473,0.9896848046606278,0.8729430884024687,1.0978399803608212,0.9663315659932142,0.5948924507780013,0.6485951950895843,0.8758934414026351,0.820562700348863,0.6385177019418575,0.7003821392270534,0.7055748410932575,0.6963408726599045,0.6129501993259165,0.5474544961361776,0.565613400967528,0.39446138403869724,0.4394661059509967,0.7825330612570207,0.7170822843150815,13
1155,4,3,4,0.3450904800822432,0.7800155633701125,1.047917862528166,1.2405626641016463,1.3081151991086275,1.3770387823611996,1.4931742098234064,1.5305113853141512,1.4321124265450287,1.1908207771996997,1.0661817410924264,0.9301642909823633,0.9692698049750098,1.1309949196687925,1.074841257938023,1.2336027415996336,1.3406283274038255,1.2558204291076116,0.9563725022841252,1.0570661155498509,1.1380150740517974,14
1155,4,3,5,0.17769301811199179,0.38632618166752,0.5464145121546788,0.8501292519510084,1.1131711242269064,1.1964817269514518,1.0561552346180951,0.6688263856380942,0.67089621112304,0.7744242914373152,0.7615754452652919,0.46222913029673607,0.605874039086314,0.7969873716676752,0.7348571244920792,0.8832024161908137,0.752139383321943,0.38938388532226403,0.20517862194321218,0.2800762849715198,0.6656010820218974,15
1158,2,1,1,-1.1380728729860001,-0.005779019435723259,0.13451293917558993,-0.2703109486089704,-0.24085741553438106,-0.1781704556145333,-0.6883568932815121,-0.6888631661323701,-0.2900458005150522,-0.5514516223235165,-0.5898205386901382,-0.6880231906730854,-1.085632540495728,-0.736908202022264,-0.631748400188073,-0.5641899072743276,-0.3862686828151336,-0.8252579718448443,-1.1498503363986194,-1.45925610379394,-0.6017175564726311,1
1158,2,1,2,0.7926277584945616,1.2057705663165255,1.5104977640830668,1.2472927744689613,0.9081372243624332,1.2816646813968102,1.4271000223106896,1.384205308420209,1.2709868795767196,1.1393943473446317,1.0346704938421274,0.9793959772197784,1.2233006438701253,1.1514195302344068,0.7126850081068636,0.2501084121944291,0.48107594566629186,0.8116792449160755,0.5705189416588115,0.40400988781355174,0.9893270706148536,2
1158,2,1,3,0.25236436781102906,0.6568233205342436,1.065875781613396,0.7122646498136278,0.3629562522209887,0.6537183531142485,0.4337361503847371,-0.16780125667319323,-0.062392206223743,0.3807847274269967,0.6238910615235649,0.4424063804440784,0.31720669403780677,0.37211777019294995,0.3024223227280478,0.24521265062246794,0.3088391216929904,0.3622598262753528,0.35580860707951134,0.3459712899841074,0.39822329323016054,3
1158,2,1,4,0.1860493882766046,0.7136988645022255,0.5070704585964224,0.01665868825871865,0.004899354856221352,-0.046937465220452106,-0.09237480176068105,0.24112615860410247,0.21031045334765375,-0.29793743650500826,-0.4464399357777596,-0.3813679562194044,-0.5680647817181648,-0.46370314747498154,-0.3217376383201748,-0.4928282003333898,-0.4344989149363062,-0.20665309464667406,-0.0232347612241409,-0.52905587042255,-0.1212510319058869,4
1158,2,1,5,-0.6603979523858104,-0.27281551861801,0.0050252006602786,-0.42709665043987194,-0.8226915337710015,-0.5911271732106333,-0.7082747180113759,-0.8317155903959805,-0.5719314778963958,-0.46841733495846105,-0.36455670012558095,-0.5918239957886622,-0.5211868318009663,-0.5653901075540517,-0.667606778154265,-0.7706588600624481,-0.9127066732518475,-0.8672904865666664,-0.900995304606494,-0.689475476402297,-0.610056698167027,5
1158,2,2,1,0.279231580613567,0.45344865631983433,0.8685430180904563,0.9760104353697224,0.8065063812483406,0.5092007773955456,0.36497169092757686,0.2625975129109598,-0.0623721307569376,-0.3705564847579645,-0.2627017825055936,0.1141889554008085,-0.0857978135020803,-0.362451862658084,-0.21043325863788975,0.128500682998384,0.0909699822602497,-0.38468882046331104,-0.3899803121998726,-0.13966521092423362,0.1292760998564739,6
1158,2,2,2,1.1250822152970303,1.2153625256373983,1.6429742543236325,1.7388678246264109,1.4823005083543135,1.5674343584373847,1.3270944299262768,1.1140812963854412,1.0698433451324183,0.8505288256230019,1.1609287040478613,1.437800781905484,0.9925844286719966,0.9360191285430344,1.155416301847222,1.0082999765684564,0.684452814723856,0.6004271491090302,0.867086429248445,0.8127536417154404,1.1394669470062069,7
1158,2,2,3,0.8392747646914539,1.47185756206543,1.5586445871697316,1.368323922719371,1.097516274226676,0.8549772916445564,0.815375312823011,0.9306267473557683,0.945315221180679,0.9096213546552225,0.924215999637029,0.9983181690896921,0.6927638007024917,0.45878643405735275,0.715842284178827,1.121479451981435,1.217699066197765,0.8189416657600921,0.7056521372309172,0.8355262642398297,0.9640379155803664,8
1158,2,2,4,0.6707927882736324,0.8698101542936996,0.9054735733720614,1.02820885769433,1.1481237271385716,1.0758622432386886,1.0115308691537335,1.0529592607296892,1.2806273859423907,1.4531116674125197,1.3371616137766682,1.2332614875042358,1.055069303105198,1.0485611324838398,0.8179091856397542,0.6599775034889723,0.7861866265475397,0.8486010663270745,0.8571913847648245,0.8904248877747715,1.0015422359331099,9
1158,2,2,5,0.1658126414290852,0.7398524151244137,0.9340949839655412,0.7545119127969389,0.2858987908986612,0.3949804872025196,0.46900672925554143,0.16436527630980236,0.045900005989729806,-0.06808662140738206,-0.0389165750067416,0.09703201384878296,0.35226031404963876,0.31621623890259587,0.26738172962219675,0.5643451427163664,0.7592185351880741,0.40851755497104747,0.28161876372301053,0.2439778182430967,0.35689940789114594,10
1158,2,3,1,0.5079017854107422,0.6039509689475291,0.4796508845324839,0.14640190302803285,-0.21941626564287045,-0.31943171137158344,-0.07812094557833499,-0.1664367988618315,-0.36901410184637984,-0.23108553230297102,-0.3483180098314789,-0.475043940150271,-0.39965390155040736,-0.3460559538272875,-0.2842220038996905,-0.3346129450677673,-0.29274355666835017,0.0930962707409857,0.2574654317812948,0.1739738209593244,-0.0800857300599415,11
1158,2,3,2,-0.3592174008536138,-0.0043565134306976505,0.23848938344198212,0.21820907640341924,0.19951654986163395,0.09143106067455625,0.06987845897283726,0.01151148676574755,-0.12299442729894475,-0.16772513122875649,-0.15402218700778508,-0.17244096763559535,-0.0647687747373758,-0.045842255145644654,-0.001211483417846243,0.29518922535709363,0.4477421843250995,0.32654462985383736,0.23137087404687567,0.1151491101884859,0.0576226449567654,12
1158,2,3,3,0.8712165699362128,1.3947975800793486,1.7550036531218522,1.881797588582292,1.5423464663852746,1.33903042990488,1.3151238733850916,1.1332089733615607,1.0339388054078305,1.13128014947804,1.4552472754101355,1.5748381079467382,1.5210444627590978,1.3415705920439067,1.171964014640441,1.4461861957047235,1.6498707270912876,1.446858460013953,1.359397479976354,1.457642714983104,1.3911182060106064,13
1158,2,3,4,-0.15837064027492434,0.46940436312357353,0.762323473388334,0.42947384583064563,0.34619785175018164,0.2488579734391222,0.19341179636477646,0.0668456010376632,-0.008612499011263652,0.05530663619578315,0.0286096757859854,0.05278814816225771,0.01404570462013955,-0.1191686497362343,-0.13234973064046646,0.030852616693872695,0.2650869185003777,0.1424443220976034,0.0470980889901649,0.22084164651537588,0.1477543571416484,14
1158,2,3,5,-0.0027554947802683957,0.23473444573599594,0.5852537817219595,1.0135746675707038,0.8462443760029923,0.5563704749170028,0.48868862702600585,0.4122948408073387,0.518384620923674,0.384702672013149,0.47240688999827507,0.7016902657774464,0.5664799398241529,0.6024113754833496,0.7598838037902476,0.8824922045173762,0.9850731882895243,0.9501396509259439,0.9937694849074068,0.7745303302955635,0.636318507287392,15
1158,3,1,1,-0.0619834505183499,0.4019739648848326,0.7101039634076717,0.35089910044013045,0.1593543645260345,0.20918522352031432,0.1274465892626947,0.1558802276714216,0.11490440989629505,0.015128589827046448,-0.014315813635179898,0.049844301471280446,-0.0603337763733236,-0.26902153022736275,-0.02991787293959325,0.16892086409874954,-0.2468988197210219,-0.5510668900286788,-0.16225391139841705,0.3023786655739575,0.06851140998692505,1
1158,3,1,2,0.1024881014518352,0.9468482591596407,1.1944406282263977,0.9440811532867686,1.0794207258178947,0.8751848001181575,0.5518988848285578,0.6857013628945666,0.633990099722491,0.5594851859195069,0.7334620750531352,0.7106601446905947,0.6174329228403861,0.6880629159811763,0.5675043000006746,0.6202296284915338,0.7738625555012203,0.8855831848835571,1.088312578632106,0.9022704881487719,0.7580459997824487,2
1158,3,1,3,-0.6245402570751367,0.08793638215552779,0.5053925876278395,0.0715646268780874,-0.05777572105779145,-0.13468798527123438,-0.2388125629266411,-0.3714141769666447,-0.4247248621490839,-0.31382633785053754,-0.23813765873744325,-0.18025595236266004,-0.2386283889553244,-0.4237309642199619,-0.6005784109759635,-0.5745788907662781,-0.35533168946189264,-0.10809294486352398,-0.19574459995280985,-0.28804101989059416,-0.23520044134110335,3
1158,3,1,4,-0.11992787476363553,0.5762330558018671,0.7054350983794345,0.26524908632349564,0.4100692418164475,0.3263860409557557,0.2138984229319125,0.1417271455265784,0.05374207694260705,0.11409489502414785,0.1561077846849254,0.17752838264608234,0.31915740342471866,0.6158949175724292,0.6622607655491433,0.6800114947805593,0.8237897654514792,0.9115012682956102,0.5403010518824187,0.11739478114761845,0.3845427402186798,4
1158,3,1,5,0.047067567045382744,0.42691439714240226,0.928169992189014,0.7234448399580722,0.5285198310094397,0.435402114027132,0.5272322263109268,0.49890478443594155,0.28066551029484976,0.27515311144657456,0.002083681251276351,-0.1433904229093035,0.015859574215425002,0.1767533691576832,0.31323260843391443,0.3377177699863469,0.07148786577171225,0.1323101130554876,0.2324698083783438,0.1206486007029445,0.29653236709517833,5
1158,3,2,1,-0.5076894173657719,0.3185827620304882,0.6244695692313806,0.26774308403965763,-0.1161523714765567,-0.3785861504241764,-0.4605285085223164,-0.3717843735323382,-0.3142236187311195,-0.536287206040542,-0.47533727836388584,-0.3817061078899462,-0.5104998263271048,-0.24002127409994978,-0.0788269353577487,-0.4798668921802762,-0.9502519895823511,-1.0012189067978938,-0.558411554262345,0.08495434164526605,-0.3032821327003765,6
1158,3,2,2,-0.36646847171367775,0.04377974355794531,0.5066150833949793,0.5770903998521939,0.6608170826971842,0.6088853555539685,0.2242690633784771,-0.10072414516352775,-0.06376268267281665,0.25135818464134213,0.3341057256014248,0.12539030594823183,0.22621836665138226,0.12515367909606637,-0.2143375342332371,-0.1891437711588343,-0.012224563421829551,0.2586874591848998,0.5192837084794069,0.7131437224775139,0.2114068356075546,7
1158,3,2,3,-0.2759420016917999,0.3568446719072157,0.7357334121556718,0.48045707218607775,0.408806242668857,0.3740439447712529,0.07493899636219184,-0.12765403533827213,0.10296869848722866,0.14874632831400225,-0.21783398249758035,-0.33329766892320617,-0.2019190104968253,-0.15549926255239985,-0.05534981271152755,0.059453305268871846,0.0721044920051184,0.19548011667133033,0.3644112167763284,0.6059619940058298,0.13062273586841824,8
1158,3,2,4,-0.4240860111886683,-0.02414194272660769,0.41075164780955653,0.4059149764562785,0.4653982480468237,0.49715409612570627,0.5278245635626492,0.008111044483549296,-0.3523743867068375,-0.266089218830752,-0.2898985975796572,-0.24730307111611746,-0.1665909467631289,-0.18735550796160166,-0.16788858115872704,0.013332932165362299,0.1606393218454758,0.24410913142027107,0.17246097737535376,0.018354004765538598,0.0399161340012233,9
1158,3,2,5,-0.6671439969891442,-0.24715110457100575,0.2591032557775392,0.32705169545794877,0.10706722365346966,-0.22383520576754834,-0.331600404791146,-0.3412133300777064,-0.37561527289996277,-0.453300209615773,-0.43311815048239194,-0.2338181313064424,-0.3143866336284724,-0.552809387304382,-0.3376878583696854,-0.1117898480453583,-0.009518472016512146,0.062113057880474054,0.0458959128178954,0.0037117069804481996,-0.19140225766488775,10
1158,3,3,1,-0.889756087402948,-0.5816344468615385,-0.3286334886064509,-0.4570750769678506,-0.5114527134092268,-0.3993176265522046,-0.5389527501374158,-0.6737801268439555,-0.6750731621579695,-0.7828053809513181,-0.7727614739204212,-0.8002149053590681,-0.990966679454402,-1.0607508857112757,-1.0477412090569536,-1.311321070201609,-1.4929002050068347,-1.3366147813462126,-1.231444623570705,-0.6160837310093723,-0.8249640212263867,11
1158,3,3,2,0.3435720308249407,0.2629279332758763,0.8396829208256753,1.19255918736551,1.181110145058316,0.9802187324326371,0.4751796424802783,0.48075920432591684,0.6655560848813066,0.3548386858287923,0.1298358977026238,0.2368027681956547,0.48992343184471865,0.5973144771450523,1.2444495607208241,1.7857239919849708,1.760724125489513,1.6876013806388688,1.2695771209938633,0.618344586372504,0.8298350954193923,12
1158,3,3,3,-1.3136712514098896,-1.2334809457183085,-0.7536744458399605,-0.6452833468736643,-0.5745263776127839,-0.49464024503291315,-0.7052664685101614,-0.5959003885304825,-0.5524070881664273,-0.980568940715085,-1.0912112218177517,-1.0900629401510562,-1.0353523735119805,-0.7975059465010819,-0.43504314575581765,-0.38475132892475433,-0.2808106722586775,-0.1236571084053272,-0.19595044439939113,-0.39612414475561597,-0.6839944412445564,13
1158,3,3,4,-1.127280949493546,-0.8851261974563467,-0.5406356954211232,-0.32583313246763757,-0.38233402524258464,-0.4529904494085966,-0.3867280837152699,-0.44406424004648665,-0.9031257019067279,-1.0745117791944883,-0.6977189557656467,-0.5405925694988325,-0.5963218998215714,-0.5692748731762751,-0.6109479429802619,-0.6139883214409173,-0.44585794030743325,-0.43637338297719086,-0.4671866824882486,-0.8313543407175523,-0.6166123581763368,14
1158,3,3,5,-0.41417234661239205,-0.5993910839982404,-0.11074365325944979,0.06021405754805125,0.19797715467199717,0.08949009132916645,-0.1606599609971603,-0.29304281632300405,-0.41163898779309804,-0.6167224636587617,-0.5633519129957423,-0.34948433714101806,-0.23676604568936704,-0.04657769329008715,-0.2218518614835739,-0.42979661839434324,-0.3400676362208612,-0.26164654817930294,-0.17877820006769596,-0.3639055871541241,-0.26254582248545033,15
1158,4,1,1,-0.0856170068061981,0.45689930505810633,0.6464237302714011,0.5316357119887047,0.5102006872416526,0.4275919676334472,0.2542743662420579,0.1268362583317928,0.656081437663087,0.8747184544519666,0.7359902286043387,0.6690095115629306,0.7236899655648298,0.8886018300640321,0.7085396684989663,0.37947348301266615,0.25075018148308964,0.797384612111716,1.2689736310950093,0.8232878616424243,0.582237294285801,1
1158,4,1,2,0.3021967359715104,0.5252738723089516,0.7018486628082964,0.6433330009853435,0.2894582839571833,0.262304443243092,0.38990991569590194,0.5436931056054367,0.43956061154934545,0.32442203635310557,0.33231963133490283,0.3470363863196795,0.8077425068175936,0.6957679912506631,0.222431542890436,0.6561674164262867,0.794637648499429,0.2999331497575142,0.32770555277972047,0.09078255607198446,0.44982625253131886,2
1158,4,1,3,-0.6483779796179975,-0.012500069555510085,0.6330129537282083,0.5413284522067868,0.24054755177620551,0.18799596137360405,0.009483242746637706,0.02756929782201885,0.21277542111269226,0.8115047872634991,0.877223815828885,0.4014747696368032,0.7312600909408171,0.567266598672459,0.36294061406554823,0.8173268824810469,0.5825259253634343,0.3800074591155536,0.8017753026670884,0.5275756534969827,0.402635836556238,3
1158,4,1,4,-0.4806245579469871,0.46321084499287757,1.1778914556730964,0.3061301117521649,-0.5172067163012923,-0.07811139933576644,0.32035959237192735,0.39238214683795786,0.21104040274513472,0.023387092576619098,0.347855962689749,0.5109331296573927,0.6441738726629715,0.7864969334663365,0.40848476294272806,-0.08090094587726815,-0.1010189245045523,0.25183340936226284,0.771566537607537,0.5501545647524116,0.295401913806265,4
1158,4,1,5,-0.3248515059562536,-0.15621289883775746,0.054857593434392844,-0.025650940185873,0.4172890994046653,0.8186843664980428,0.6223045034300169,0.15280644929430878,0.007605900325585099,0.45923893101607066,0.43130756000236237,0.24081681174951625,0.4506879044158383,0.10024789731233547,0.015557933629985005,0.2699312576672091,0.4045094986038664,0.5270772322898045,0.2882484111647588,-0.0270704615458488,0.2363692771856513,5
1158,4,2,1,-0.1956044640600298,0.512818142157365,0.9181654077549186,0.7713778355693859,0.7168403419332793,0.4775907322346571,0.18211976471334246,0.2731770777740011,0.42998044707410704,0.586935431706234,0.6191775348723225,0.46861666816137826,0.6273940597196495,0.5548837653985328,0.5328266155778171,0.5923774777531957,0.5946962062737176,0.5406348319368377,0.2141961765691726,-0.13516225939831164,0.46415208968607846,6
1158,4,2,2,0.36684095478998224,0.8070333088410683,1.000880475864324,0.670238561831591,0.4854670062744697,0.33338071116907275,0.1851847434857355,0.30746705481501935,0.47442466347823475,0.2385443939387234,0.10291732019621949,0.19599107489130496,0.32076456941533565,0.3931498252627696,0.5330197574741873,0.4503837551278915,0.40202369909648583,0.33073919812771874,0.009873720733170197,0.09592054780501914,0.3852122671309161,7
1158,4,2,3,0.08545503161201615,0.7441027785804067,0.9518871926916701,0.8917381509279924,0.6991339849320586,0.7579964797935087,0.9479217557280264,1.0514928121952438,0.5930229873904653,0.22982837265723485,0.7315703325917267,0.6914484203024894,0.5045275384367879,0.4956269196852694,0.16977588093413454,0.560558275487636,1.1159629992719147,1.0111952817349932,0.906758195166792,0.529070814732649,0.6834537102426507,8
1158,4,2,4,-0.2478457054898912,0.0291232925440423,-0.0609391522403431,0.16678976540334722,0.3488106799495931,0.16279934912386204,0.1084448291615501,0.1855614899270685,0.2889207167495933,-0.11422701594420304,-0.49599610049458187,-0.27954515850760775,0.18014065806832721,0.37875646754793074,0.3935203691655734,0.3699494773685731,0.2280890445785785,-0.23920864191294566,-0.4497570080135898,-0.3025524591716437,0.03254174489066165,9
1158,4,2,5,0.005680673669486047,0.6092199852975981,0.7746143634253448,0.6881448184469721,0.39437333486365755,0.28581955090506284,0.313342711881892,0.0684804458507175,0.1338546939730402,0.46916628225357637,0.3768576893612489,0.1885810252807672,0.4228459798273232,0.42745035539492526,0.32722124196706637,0.4337016271865876,0.5641469613950623,0.6094533505001418,0.703396562560956,0.5152580343108794,0.4155804844176152,10
1158,4,3,1,-0.717736126026315,-0.40462299018661235,-0.09145236303853886,-0.11287808501261991,-0.040371968391561985,-0.044827482484402055,0.1345467659088381,0.2488849232770555,-0.04570416879167735,-0.24966499502546724,-0.37980830233501817,-0.5195672925233745,-0.49566955243851263,-0.5238170964453941,-0.7584182680928613,-0.6169589644776408,-0.38713451578958835,-0.24581945526136423,-0.13968645187945797,-0.1654743385992094,-0.2778090363806861,11
1158,4,3,2,0.200815577658748,0.27308464492538664,0.8716639728804221,1.0458007428204468,1.0756417880820863,1.10603608401316,1.118252587693207,1.0255845440476616,1.0882983286300627,1.1844131084897966,0.8318787591311354,0.6837673929135016,0.7470061398724819,0.6518686790437382,0.5919762608488743,1.0494149920200666,1.3427739405530073,1.2729904876462637,1.144193758837445,0.7598300763612279,0.903264593323436,12
1158,4,3,3,-0.17400712775452845,0.1975051564070837,0.9645093413028807,1.3046803478560989,1.2466201706653242,1.082265993468126,0.8351536029827907,0.7274189299207631,0.7371257758008649,1.0730091287835095,1.181663770962402,0.8996202184480695,0.7973496174080805,0.7394802621498495,0.4211891854775702,-0.035803465491513795,-0.15257070504457707,0.06764970500530695,0.0022182633428504545,-0.31303733918453924,0.5801020416253206,13
1158,4,3,4,-0.11557269562470684,0.4574888107045133,1.008729123050532,0.8650947839228901,0.6834504988140124,0.6222773010435417,0.48819368382367667,-0.001174653917121793,-0.2416346185788679,0.1265276558354757,0.31019083090882305,0.563385754153824,0.24415160092337335,0.025366801738195804,0.35872817908288135,0.2711165222502797,0.10856852453303514,-0.0023765457952855985,0.5041875808536336,0.4051153307174301,0.33409072342200674,14
1158,4,3,5,0.2596655905413189,0.5482228135911735,0.48330984699670554,0.14236536856671694,0.19730203438384786,0.020867096506515956,-0.1444070202644946,0.2900969084190488,0.28467443011725235,-0.050069081721781955,0.5094730679122755,0.47185746981183074,-0.1418691871050232,-0.19742414352964793,0.14624030615641442,0.5521630367812762,0.5992320287795534,0.46878857467272433,0.12268065686240348,-0.14790351065385515,0.22076331434121266,15
1167,2,1,1,0.026758213512209597,-0.055198602673366154,0.2978187485181036,0.6071974771316737,0.5732565263599139,0.24712518943906608,0.1749150527289702,0.23497500387619674,0.2157157158891932,0.2067337797640501,0.24222845561296155,0.3857444711827057,0.35892311838146085,0.0977554935609185,0.0881953598392646,0.6967432390677654,0.88116163915204,0.30970577988497777,-0.007827611742701402,0.24299099133945784,0.2912459020412431,1
1167,2,1,2,0.21945227887163435,0.107765763033321,0.4711262681530807,0.3209241406235882,0.25528623208096013,0.35428973070201636,0.706097566296949,0.6829347321335724,0.5726628860678775,0.43374202167990694,0.2412332673168561,0.46974787710559196,0.5587892132384056,0.3165682237627546,0.2596020901652467,0.29370605548056283,0.4634501858265617,0.4167297830683993,0.1807032608210529,0.5445524084181381,0.3934681992423238,2
1167,2,1,3,0.07810586255274415,0.4082903712540047,0.5017773318943982,0.7957381881346255,0.6220460409874554,0.2781106002490787,0.6543932746943353,1.1793661619953681,0.7993140325389997,-0.0932154423371922,0.30302724354877464,0.5004484595514199,0.0908279663416494,0.15110709693453295,0.011612563597971012,-0.028567026505261307,0.5308863716497876,0.5590043018785678,0.1103728605518613,0.025971119934694798,0.37393086897239075,3
1167,2,1,4,0.13213538131918423,0.4734760696369702,0.6950289998943138,0.7969089835761485,0.4763626815130854,0.46161779247662466,0.6329224634985443,0.9137969358590594,0.9942462449036903,1.0303864388410116,0.9961460287748246,0.6462264852556311,0.3280905226201706,0.38087032478947735,0.6766506448677341,0.9892386429273627,1.2229872023227535,1.2320307194235505,0.8111553097993073,0.20490540939463026,0.7047591640847036,4
1167,2,1,5,0.3662973343657625,0.43835333321973907,0.3416302102504366,0.34562141664168977,0.6910110037230729,1.2840822762662463,1.2406459896692328,0.8400883187551682,1.0535575789292233,1.212517094267978,1.1124020491825954,0.7225466527184855,0.29992536075676723,0.6114032221026481,1.1493254826353885,1.1438982654937047,1.053770310899715,0.8483928258614272,0.05100076459460867,-0.1412379945658884,0.7332615747884,5
1167,2,2,1,-0.41869869542484395,-0.20356132055495124,0.628957086370255,0.8384217106559981,0.6662055541900924,0.5004550625272817,0.6140961298930925,0.9039974382607228,0.8727583048767513,0.6915225652902507,0.20603113614185703,0.1635505312585816,0.5640139290237666,0.4527920040719787,0.1414795863227545,-0.0019662426087478004,0.21466648139846564,0.5492957211341511,0.645046361402144,0.6323512748356773,0.433070730953264,6
1167,2,2,2,0.5969474021901551,1.011446385318126,1.014752736344513,0.7641117302345399,0.6387115806878301,1.0964464956113251,1.2930042424854058,0.849813987464056,0.33144106487299935,0.17876260358632542,0.6528739950715123,0.7818741172372508,0.4685527544292166,0.42096612843659387,0.5523270575295944,0.9607898934700342,1.2311268130890478,1.0604391690101584,0.8958383059556714,0.7733452931713923,0.7786785878097875,7
1167,2,2,3,-0.013389238803444559,-0.3307320798615845,0.15481022684305518,0.7422795034360935,0.6227245266708837,0.24770317341640968,0.10297197150567511,0.4474539348887892,0.7453157378706896,0.9598754044300049,0.9742514026116751,0.47901808779926025,0.42003383262592964,0.451409212954689,0.0024849779259237537,-0.08661426116388116,0.3129846558825786,0.6042844810894961,0.5821893922529914,0.08926416544316251,0.3754159553909198,8
1167,2,2,4,0.35755781758650024,-0.225475400522255,-0.36863679212507156,0.37964311305689535,0.601155715625396,0.16519576821066204,0.06324174623106343,0.3811138628728846,0.26431334539587725,0.225886761916889,0.5429059281113922,0.7026521978009332,0.8725611985207531,0.8967087132210051,0.6221667663650554,0.2500095966755738,0.10548938892882935,0.48291164281106386,0.41069548869679884,0.1898651811019228,0.3459981020241084,9
1167,2,2,5,1.0386413315447862,0.6347118370057685,0.1145572712678614,0.6298097955706257,0.9121847512439916,0.6402362708607701,0.6176733095806515,0.5222457320065292,0.8436538379015053,1.4812147732288514,1.4003300103190877,0.6145777905975233,-0.028770259671660192,0.113834820233701,0.393752721805962,0.46581598548641756,1.0727181735975315,1.412095895164279,1.4774180781791408,1.2561637940923824,0.7806432960007852,10
1167,3,1,1,0.18898440080821774,0.44807317253208623,0.5387989820447824,0.2839353269785795,0.5178978070604217,0.4874125980884547,0.05241439711453981,0.1991299031147689,0.524145305723015,0.6234593024545181,0.7894110763016565,0.8192939577263345,1.033407450132367,0.9055841233708648,0.49814020756444555,0.4759988810252238,0.5430422014543024,0.4511080812231113,0.3862984025074421,0.17832832089035655,0.49724319490577434,1
1167,3,1,2,-0.29520488123874905,-0.0814040777717666,0.2345592834188396,0.6735895537593484,0.5460106884413622,0.5585885977254174,0.6299585916177983,0.6381353477378898,0.9258372551303331,0.7617123612017067,0.3103593316507948,0.16111152795581885,0.4414848711648931,0.4994948649330161,0.38629674945786563,0.5700599368929009,0.9889376636986748,1.1335465960490632,1.2483743901763595,1.016195416455841,0.5673822034228704,2
1167,3,1,3,0.015344865804747157,0.16223470256945322,0.5960844770049156,0.4585428069460751,0.2785163453916595,0.237750420830583,0.44755268972568774,0.3020799580574411,0.03562757992733284,0.020497299213970338,0.3359569241325679,1.097735128409886,0.8842733026184424,0.17388213006859946,0.3005137512790704,0.499227220996661,0.49773837668246557,0.07939652258317512,0.16660184375227768,0.4227216540911734,0.3506139000043092,3
1167,3,1,4,0.8037501240267686,0.4381342607008143,0.39489307330944323,0.8952007235475171,1.0932549310063069,0.7216315591756696,0.6203813508918676,0.8364329998241793,0.7843660988494348,1.0406929442556647,1.2682753724908324,1.0111681452882384,1.0111189640379248,1.088738604347451,0.8460875166892934,0.6991460061170433,0.9558138155526508,1.2674219902307016,1.2801742317070457,0.9526684639583491,0.9004675588003598,4
1167,3,1,5,0.01050094221433985,0.12260517345882516,0.502163399014711,0.4342721882775207,0.2322152181934818,0.3934488583348319,0.5175536201583308,0.5919551017670045,0.5216482929546151,0.7240306423253627,0.9036644692201041,0.36892552482088936,0.22229601407035554,0.8161172531555321,1.1558232463385283,0.7503554111951299,0.5214012004050727,0.881691985615461,1.1872507147022504,1.4115173125786173,0.6134718284400483,5
1167,3,2,1,0.1232483126825048,0.156553891858845,0.5854253066319799,1.0396731323002455,0.8615921417439919,0.38387527273121314,0.41165621964381616,0.5805971311690009,0.5885290573403008,0.7745200580446033,0.8500926473258027,0.5268639495552718,0.30056254416379974,0.3850800131927288,0.9216391628357895,1.0384592783938928,0.8054416044538537,0.5653618934799709,0.37342057911370125,0.6663560687915394,0.5969474132726427,6
1167,3,2,2,-0.14005189881810165,0.0630321953505884,0.37198838019569874,0.4066159989930094,0.4727084709042628,0.7359881375059321,0.8426206165426589,1.0286786176239426,0.7717670266979167,0.08589095443219669,0.35338981879831627,0.6980369171604721,0.44434728682269486,0.20995905085843636,0.053366237768976504,0.20457552920419014,0.26423379584040496,0.45474672247748904,0.8903555668044596,0.9733823545956461,0.45928158898795957,7
1167,3,2,3,0.10755868928278384,0.11866185851383285,0.7089332937321067,0.8805095237127085,0.5988229630670272,0.213901540514195,0.24326529633512523,0.7925224415077553,1.0659419275226758,0.8298071666487565,0.6831234485446291,0.9454124478958549,0.8793051976092088,0.6532848659351387,0.815625146484667,0.9789574923209929,0.7642940788284474,0.4863057783463249,0.5964607775384663,0.6778952815737644,0.6520294607957229,8
1167,3,2,4,-0.9443425063886334,-0.6317955832236313,0.7254844702821882,1.329952320752502,1.0111820060407413,0.4562068772234232,0.3348320396575236,0.5232328904360912,0.9559279545540449,0.9205743296642034,0.6297081971641786,0.8850755513322597,1.0836616515640276,0.8833399419629872,0.3515991978367861,0.1813616687079597,0.6719679241613448,0.8025204872865913,0.7108748059659243,0.8233169597570709,0.5852340592368792,9
1167,3,2,5,-0.3975205631780572,-0.16513633294807467,0.8081955774393691,1.1727094025199651,1.1826071497724566,0.43909185101171777,0.045285947778016644,0.6103898461191487,1.1363954017101974,1.3116614503504929,0.7983249827262899,0.45087034768640555,0.48866260404673,0.6421651728185013,0.8091422599032988,0.718954631531647,0.5389870966047434,0.38863688523004836,0.3994613596318371,0.4447489687660484,0.591181701976039,10
1167,3,3,1,-0.04275280118543509,0.5304513082894258,0.7909899181824411,0.5035745425100889,0.30717806537541303,0.5434115199701988,0.5524941695863638,0.6387678074022076,0.6469587330717727,0.7808287507146776,0.9209951480487081,0.7712055633288266,0.7483264686387787,0.4816518696607298,0.6982824166758037,1.0340217145687305,1.0495275033619318,0.671656734784185,0.4012089735322698,0.6462441094530607,0.6337511257985091,11
1167,3,3,2,-0.3639568805004331,-0.03150857862437481,1.0095785406578566,1.2400967765698632,0.8039041384596203,0.8619351491468534,1.0021056967792674,1.298465808922252,1.618847834784888,1.55189329621848,1.2766712175753063,0.7905372608857201,0.7274929822394979,1.4267622989816227,1.7878031697718388,1.4085959562301336,1.217760800155499,1.39063463885511,1.2694970634288105,1.010048406017623,1.0648582788277716,12
1167,3,3,3,-0.1851136125863157,-0.10384755379742644,0.009431836861439308,0.41352991322428656,1.0236110460503758,1.0310765748680772,0.38073369708742033,0.2219248923944328,0.45936906614513495,0.8448086995588326,1.0250433797662488,1.0528311175835336,0.8131396348709328,0.5632968773167195,0.6209022395609238,0.7456571698218826,0.9668921593750175,1.2983628485790355,1.6300088158586727,1.166073740726558,0.6988866271632892,13
1167,3,3,4,0.1848038387075124,0.4531549342318967,0.7841299508982955,1.1686199182508854,0.9059696351475748,0.4754684372924257,0.4720762556973265,0.9752053035186065,1.0799659302245057,0.730197165775629,0.7247955270378782,0.6169675035899862,0.33704501690539357,0.6443814192599578,1.1261840682680124,1.0653778952166024,0.7299521441223884,0.49293842456834974,0.7747683216637579,1.0713385332585763,0.7406670111817781,14
1167,3,3,5,-0.12527439896154355,0.1075355453636113,-0.06421481262263076,0.1701023042817433,1.0002028458489705,0.8414380865871903,0.07822047777607494,-0.07303493408454206,0.3356922090128429,0.5845509970736747,0.43222170140427063,0.37275081445974223,0.6785436457733898,1.0533651906341077,0.8762761777164356,0.22695259088123543,0.008560115470537845,0.32428154835818157,0.4317927770435104,0.3183227283827948,0.3789142805199799,15
1167,4,1,1,-0.024591040106288452,0.22713288626099817,1.0417298383031572,1.2090486584538773,0.5479538826086929,0.6304647089452049,1.0284275903489624,0.6135190995812696,0.3659433782286317,0.5870359548929468,0.7815007603551376,0.5520573381359909,0.1780433564761523,0.29671159121886254,0.4738961177945227,0.527150931146013,0.29401670863144264,0.14792615013665586,0.33282658495292156,0.3711840948948779,0.5090989295630014,1
1167,4,1,2,-0.5695795446992807,0.031401315898823445,0.7745207937921708,1.0488969312572052,0.7335702324111311,0.11723584931057845,0.044434191328407896,0.569084270783123,0.7482600338786676,0.6733427179975923,0.4118170455243596,0.3406456947915674,0.4729363078952872,0.3087639308119393,0.15697462904625176,0.0471803077763597,0.14163876490408195,0.1736130745709586,0.30788172869749797,0.41235210865246225,0.3472485192314593,2
1167,4,1,3,0.043735776032344,0.6667932632251652,1.3485099600445636,1.2057390742984038,0.7031831225414101,0.31089118229730484,0.49973188128359963,1.0258562003088603,1.0302352626896385,0.8237408074691376,0.7036253136455219,0.5503560971837689,0.5182920888424898,0.358095691432488,0.30512327804481987,0.5679902201871403,0.7361497333991052,0.9048374231290468,0.9669123328248659,1.3361472597118909,0.7302972984295781,3
1167,4,1,4,0.5393299642463246,1.0003040907054515,0.9650368229546784,0.2985597360783979,0.03714635298571929,0.2341906818733044,0.6553495520455035,1.125752459911814,1.3754888919484825,1.3481836944819314,0.7348997681927792,0.6059331797703034,1.0187713999136183,1.201248624778335,1.250502887475859,1.8113692514245048,1.9801606096506266,1.3238615863996466,0.8744706201366974,0.5182412342163063,0.9449400704595141,4
1167,4,1,5,-0.5391346584155627,-0.4023549165011971,0.032723219374403104,0.2991239880502558,0.5300137710771906,0.24491790986530798,0.1205697006032761,0.47541763048929675,0.47339834655080526,0.3922091128037457,0.5175999913816882,0.941653451731453,0.7922775781996503,-0.18454678971353317,-0.371658878494006,0.32585441379509295,0.781325775158681,0.6285342734492692,0.24388369148171554,-0.03157142984669255,0.2635118090520419,5
1167,4,2,1,-0.3859134057939291,0.010974460376599882,0.2806956152434528,0.13756692966017375,-0.16564334656932495,-0.024890813024921077,0.43966076196340587,0.2846847460617967,0.5451601037007565,0.7580164756276253,0.397035856525216,0.13458852788925502,0.4569207532376782,1.0803460651583257,0.9998034325012066,0.6357438883895696,0.5244647137145845,0.21822746920589645,0.22782779130570766,0.1769615544821058,0.33661157898275906,6
1167,4,2,2,-0.19987874766219005,-0.045619218828583746,-0.024666246969481102,-0.1797634150613343,-0.2099047495652708,-0.21043038684837975,0.0667230977583981,0.4546284567019222,0.22622230616102465,-0.0171875808103163,0.4859322073434905,0.8864177200783152,0.9729318288935389,0.5040817149038422,-0.40602370001759147,-0.6005655534110789,0.06780254185717766,0.26020830715735555,0.16752762090588436,0.09268800097592259,0.11455621017813225,7
1167,4,2,3,-0.0052424969921057545,0.06883803019143404,0.5898627875095015,0.9946549450923475,0.6172960060893542,0.05377731579687949,0.5037109581827405,1.0286643018751316,1.1614112197328177,0.8206451657944952,0.16452583306117555,0.34853708898094,0.5852558563449912,0.37221235933999913,0.19397445715870393,0.5948015815708909,0.841622944613984,0.8788701617263486,0.9981663087752204,0.8077903933991609,0.5809687609122005,8
1167,4,2,4,0.3951574504835857,0.5722973929245602,0.38527380986881654,0.30588215732979296,0.43320378556272043,0.5362807863236623,0.5318537284971773,0.7783321979185669,1.0765166167805265,1.0316660107544817,0.9526415239421953,0.5242139560783405,-0.029253598102076367,0.1366641401741983,0.6992267290018379,0.524774987408088,0.0480478487202218,-0.42924033822467217,-0.6103985862020573,0.015877762388803285,0.39395091808143845,9
1167,4,2,5,0.34946395910556444,0.38630962616648173,0.661214689309585,0.8794005246522247,0.7868587065781807,0.9544929636683736,0.9838904455776873,0.640678872903809,0.793305313723221,1.2436567874248032,1.374660654821692,1.048617320586631,0.7397478101818975,0.7932320987429213,0.584303004554804,0.5119580617456854,0.5125407341690548,0.3851456280438677,0.5194307729372334,0.4242353935919452,0.7286571684242833,10
1167,4,3,1,0.418009735021887,0.7131562951604251,0.9239293239202406,0.9363878463949873,0.8863173766523079,0.6889792411138433,0.3927965039219785,0.34817619295734864,0.5766970966670774,0.7784292792339298,0.8653957912120164,0.6548943352693645,0.5871505302063027,0.6538991045187055,0.7601653405218068,0.8381953900784662,1.2657118525742976,0.799595823774669,0.5998855258080928,0.04148154996988529,0.6864627067488817,11
1167,4,3,2,0.07161382594810706,0.40496455293378225,0.8098345872358725,1.0582569476815311,1.1920360772636682,1.2812609068669576,1.3183994763345919,0.9551341924782342,0.9195610765056655,1.2536292176688426,1.5613934434107402,1.2968464227420737,0.6448983658393832,0.748748565378512,0.695227709320572,0.734324148692522,0.798656575898143,0.35932046674340756,0.6300450479119731,0.6678339256985343,0.8700992766276556,12
1167,4,3,3,0.19493175034838975,0.060891662173056305,0.5099491124278298,0.7313917197327525,0.3539922961631362,-0.1501997197375618,-0.09521741296623056,0.16567087074427925,0.8850093810028946,1.3687995013657694,0.6894417490556081,0.13597615737565316,0.2765317581484839,0.8946468247907109,1.4022440590206107,1.3910576592148085,0.9193366605900888,0.8024275160397498,0.9816946060589192,0.9575404591049486,0.6238058305326948,13
1167,4,3,4,-0.5150209098966532,-0.26043290829734944,-0.36851535161301485,-0.7886766702773149,-0.5681816359109213,-0.1631119228618219,-0.2046963321586168,0.16807432237192352,0.18896667559008556,-0.006884538969015544,0.0915261562930336,0.1904163928056358,0.3643984323250955,0.46281984696358325,0.5988332597306674,0.2708805044483855,-0.3547460650133664,-0.29818485131001077,0.12398960483766183,0.2750024893653301,-0.03967717507883415,14
1167,4,3,5,0.5150814783543868,0.5077301974900781,0.3254238036091211,1.0259009775720869,0.8838355276639337,0.09339308284267565,0.06542915040092376,0.27487067785105856,0.2788250866353987,0.25333086879897304,0.22763075362779361,0.1354337727105913,0.0779381792715581,0.31778114736848445,0.34968403797317504,0.205065337749924,0.38060446521692515,0.0972732409714763,0.04406362669628286,0.4851960526888046,0.3272245732746826,15
1169,2,1,1,0.8229326991401263,1.3946309896499205,1.89674698342814,1.8531440352081439,1.5527071820150327,1.3759612809983608,1.3186503648273686,1.069571512454378,1.3052963260501902,1.6866081296951743,1.9442279377710576,2.135949668944158,1.878228010292033,1.856545319615941,1.8659660981097916,1.9624568872915193,2.0706834897885185,1.378823489508889,0.8735869109933612,1.231713703866136,1.5737215509824118,1
1169,2,1,2,-0.8150408833004255,-0.172243870562734,0.9971072210083454,1.1437804055852605,0.8787827164635804,0.788434197990037,0.6680439200048572,0.5992528791948022,0.9652287699100701,1.1750646213084455,0.7300294672185785,0.3584470359993023,0.24314346607205428,0.5466602252043748,0.9959404136017609,1.4535333791407905,1.3319346371116776,0.4034463625279292,-0.3574110417750571,-0.4833779362777729,0.5725377993212939,2
1169,2,1,3,-1.5567132228026455,-0.6044465066892843,0.13088549738867514,-0.22150634603506986,-0.34939538895396227,0.28894062705985146,0.8991074051721204,0.7527322395649892,0.6980447239926416,0.41606368698518725,0.185098194491094,0.6720859473301749,0.9952256071631538,1.0495272054616,1.1087136400107502,0.5896549918296597,0.20390192682604336,0.5388778315162696,0.0032054870132711133,-0.7040667597759415,0.25479683937742886,3
1169,2,1,4,0.024597342163932747,0.0937207051739571,-0.2843363133029091,-0.7977713767264047,-0.8035372169865536,-0.3349002671317566,-0.00086301021097235,-0.38281784591148393,-0.6502029499377924,-0.30820299286829245,0.1676849763778964,0.0893870609092119,-0.1469251634874722,0.018092102520701897,0.2520083636484657,0.27096091339408923,0.7289280591091456,0.9277581279049607,0.7607516096008223,0.8960343111207533,0.026018321768015,4
1169,2,1,5,0.6456463473111025,0.07748280085797421,-0.7785257887590893,-1.0930246913662096,-1.188535075413432,-1.0677406228196786,-1.2696071860187406,-0.9543990840252775,-0.3707483335605768,-0.6093402353333619,-0.6505125948724634,-0.6680476797051235,-0.8146037807504363,-0.3612294637872771,0.13263197884995465,-0.07341598572863034,-0.20441156234666585,0.0803433154421497,-0.052378696241102196,-0.1786331970192317,-0.46995247676430574,5
1169,2,2,1,-0.15767104526370854,0.019467148879636686,0.2611854432910392,0.26297081148183776,0.6604317413172596,0.5983613372874519,-0.1290794490100258,-0.4372252478448024,0.2061857348991033,0.6205622093744692,0.1666583321008333,0.5223592627238074,0.9889312758841211,1.369764667099369,2.128285830697287,2.046748460451364,0.8108206153809494,0.26403168928187565,0.7002375705066235,1.0257773311165614,0.5964401859827526,6
1169,2,2,2,0.2996064885443947,0.7143704657081652,0.974117024307176,0.5042571878785949,-0.17427291088010166,-0.4581393056229687,-0.6133210597069059,-0.6510870751142384,-0.34908255497278556,0.1574642315332391,0.1750972585654092,-0.152381818390097,-0.39223627840441083,-0.41122968055747966,-0.059333599560770486,0.49140183304836255,0.7784515606005822,0.8033332633534165,0.7718754173622979,0.23251909150640127,0.13207047695991403,7
1169,2,2,3,-0.8061438708099166,-0.42179544555877235,-0.1547001882227639,0.1420391348824255,-0.12681834206766956,-0.13818302468707033,0.4449802026178954,0.59721494325972,0.9834444897432917,1.3436317774267215,1.6182426258638478,1.647418957099791,1.4235890071270303,1.2173150548658176,0.9054942601168998,0.770409502062243,1.6430104863837451,2.410374579992461,2.38927353945164,2.14780165837603,0.9018299673961684,8
1169,2,2,4,-0.4048697038371305,0.20994460394307404,1.4799573228225211,2.0916346469912046,2.077615030976456,1.6610184977111266,1.179636425268205,1.1501068504879415,1.228418890097978,1.6710616435673216,1.5710919453756786,1.1873530179389395,0.9511617135498183,0.6293207706058006,1.1148214987290481,1.8996557340693392,2.2082919737623867,1.6255857439552543,1.189958822849959,1.6560112657264057,1.3188888347295662,9
1169,2,2,5,-1.1064344562892445,0.11986877713063604,0.6368125552536188,0.35030342269953696,0.29730840553124993,0.14497586097010565,0.12815366852825505,0.1345409903001399,-0.0872230091521656,0.0191171910122373,0.15654214413461603,0.5649829600332683,1.3201560825371619,1.0454712252816605,0.4398523011069116,0.7746593847757889,1.81189898515085,2.466719922667452,2.2599056811460523,1.471848919900173,0.6474730506359152,10
1169,2,3,1,0.6076769057136839,0.8001688276315937,0.8818957301306005,0.3136321380249424,0.5623627123795205,0.911765556293224,0.3712218030427041,-0.06128072354760271,0.21012326233937828,0.476941624364829,0.49368913595914476,1.183247817059764,1.9206859948079062,2.150437552339544,2.030628590081524,1.6446311386209471,1.620074884820743,2.3366258439170005,2.5542598355513384,2.5295254546143435,1.1769157042072564,11
1169,2,3,2,0.28351633416898314,0.428883063466059,-0.045373025716521305,-0.2033497722693608,0.022058554765575306,-0.17075426911266334,-0.6386311348371648,-0.135116033441459,0.022360310448736695,-0.03965999976491301,0.15340824421624685,0.09255455094392236,-0.06033805822239465,-0.023538449785921997,0.3062900255877718,0.497487786200535,-0.11919576237376944,-0.16894276516495027,0.33920423439003616,-0.1283933525601769,0.0206235240469285,12
1169,2,3,3,-0.4374603365514619,0.2179725124784711,0.3240323684740341,0.8162725382659699,1.6539080663209915,1.7242531436504653,1.343426783667848,1.2125806484547468,1.3877480036572964,1.885084616532984,2.1206763891878535,1.1762328532465585,0.9869363429144411,1.262213662705466,1.2763841264114806,1.3906686601678726,1.5508853390797346,1.6121090227808617,1.3399017936553708,1.5400446502630265,1.2191935592682008,13
1169,2,3,4,0.26770153275379194,0.6713299164313375,1.317563645058734,1.5622389406778756,1.0738878340932612,0.25494405446686474,-0.42050399470350186,-0.5165634635304498,-0.1882696477294645,0.2330013456533114,0.9709371912870628,1.3748289742086883,1.6173102199378784,1.0668149700335496,-0.0523972285516798,-0.08897610325579311,0.14764390923614182,0.13036496265455694,0.3010390696812809,0.5470228924425478,0.5134959510422996,14
1169,2,3,5,1.3217244119568443,1.412718197192191,1.4000852259581704,1.6888953213617408,1.2204623627564568,0.2373862947190903,0.35303633803315915,0.39311666095667397,-0.13336215644146865,-0.28840744117204675,0.0089882377245038,0.1504264495303444,0.31140115047077715,0.5423883707328706,0.7270566190905889,0.2906371056006082,-0.5121404196145035,-0.1882598245291461,0.6122270696477194,1.2061316208187376,0.5377255797396655,15
1169,3,1,1,0.8424217344641309,1.2784780760549002,2.0109622547884247,1.7287660493696093,0.7058818989902524,1.1021433771572648,1.2859080140497225,1.3047251078415842,2.099223767969319,2.3432138741299786,1.8846789032312814,1.718027193818672,1.9594710292037054,2.3784691579949686,2.686374385183676,2.8056343687121466,2.47875637914237,1.8607553649407629,1.3306723432234084,1.1836454330067443,1.7494104356636462,1
1169,3,1,2,-0.2513148096722897,0.6226068189295563,1.2546197612863617,1.6655077585418745,1.1758855283798624,0.33326257587904895,0.4315022777712554,0.8295648122969238,1.0503906121360982,1.156042141590404,1.0142772216806275,0.5292552525355664,0.7339200827867669,0.8748093670434456,0.17141155058187696,0.05053505285429999,0.5931631434164479,0.6203942180779383,1.0711228476196264,1.6890875956052802,0.7808021904670486,2
1169,3,1,3,0.09652149844974066,0.7447686317696827,1.1582813626977577,1.3564641571652132,1.3768257841929916,1.1517801965958072,0.41672748567427376,-0.2013553824223584,0.043581817654054486,0.15559415170221869,-0.3199311907981141,-0.7028606335434046,-0.7227144392666669,-0.38726519295306105,0.1071513090708884,-0.0840638216431696,-0.09999139203321919,0.8456256597064936,0.6508981665206678,0.16066629359499252,0.2873352231067394,3
1169,3,1,4,0.6325950207055525,1.0008207895544503,1.1678534011752824,1.3486583493434434,1.5345884984879885,1.1924846593253324,0.8333188003782922,0.4644732124865745,-0.0502588644111672,0.030260076903548677,0.8181532601359454,1.2145780330751348,1.5516368834324143,1.8077896718381365,0.96341584184549,0.1318120539114634,0.10328865714106436,-0.0609572499094032,-0.4323519038942343,-0.35748317826230497,0.6947338006631503,4
1169,3,1,5,-0.8190390955669118,-0.2451872005364325,0.8508257631834366,0.7371304783492901,0.25231179701943873,-0.28872370557460364,-0.07843554724710755,0.7630140111538086,1.0544916014075811,0.9372340195945446,0.2501992759108393,0.29307385767307237,0.8974187535775223,1.027850594738963,0.370399308063057,-0.04379820151661014,-0.05502977869794835,-0.1806676046558861,0.334237881428903,0.7864389541872171,0.3421872581246087,5
1169,3,2,1,0.03613125066544255,0.7917981744514858,1.7410655929573653,2.3773023023270525,2.5409156598954015,2.338511301562937,2.463665086933731,2.6067729402806767,2.851700401054851,2.608182681823701,2.123903984345465,2.3318845264658092,2.768295631922726,2.40414558503436,1.8185986010539419,1.7111029191894747,1.9062321338392945,2.3217745705089423,2.834759774586793,3.5655716324114284,2.2071157375655437,6
1169,3,2,2,0.027849890108327613,0.5003557852301539,0.8770238242307907,0.3719691865019563,-0.33013807015907815,0.22714628697985717,0.5299902141493202,0.39367853398244523,0.5612900401488138,1.075478526210181,0.9484319584148658,0.24129016226108635,0.4340160668911178,0.671831131864771,0.4671429971435847,0.3678374811124163,0.587076869261103,0.7424482600553466,0.8480023876610069,0.488166046470019,0.5015443789259043,7
1169,3,2,3,-0.07139970691866315,0.7362279781475968,1.3086053339926578,1.188690752199397,0.8943222516406588,1.0173878072939393,0.9268704402464779,1.0187573476458047,1.4571837670852195,1.4201474513720747,1.412342001322684,1.5512824502832125,1.071484774761925,0.880811616043022,1.769448227457818,2.548946662322125,2.8123657243403244,2.4657112756509187,1.7788694308367585,1.533092696208318,1.3860574140966133,8
1169,3,2,4,-0.5564611686724353,-0.13400475299423367,0.0864855351868503,0.07475843971410635,0.19310652689859206,0.6599063145931726,0.6870838354336251,0.09263646443894785,0.20164394183208392,0.8119951817877206,1.7460468274146745,2.1059334693912533,1.9414184889204902,2.418642499870161,2.927612898350807,2.802453746383841,2.6364348808911116,2.649880819674254,2.5929397045130216,2.5202483022931608,1.3229380977960603,9
1169,3,2,5,-0.8016516694099324,-0.4111776333252772,0.11201758321846694,0.26744651544869036,0.029757031628174738,-0.4506721927766795,-0.7998318109614657,-0.1463022241773288,0.2717833708697348,0.20659361377413318,0.6241311434833312,1.614673647659657,2.3191261807098082,2.626812988483158,2.6169845051003717,2.0314845696243937,1.1649250985738506,0.9616412253018751,1.2723729825496148,1.6301732972603398,0.7570144111517458,10
1169,3,3,1,1.1531168868627908,1.0543989473963031,1.4049812222596656,1.0678187484313908,0.7924161609800389,1.0283428528863099,1.0634434600719898,0.5568996830246328,0.10882102546676845,0.6869823770723564,1.5935739264255364,1.942746938165957,2.0228799257162713,1.8951929641660135,1.5154718316544806,1.1867120326945375,1.0030241572312935,0.9075029800434079,0.7634104020629228,0.7589464103464494,1.125334146647956,11
1169,3,3,2,-0.021431826248786284,0.1777598520054666,0.6885191413063874,1.1735072203070203,1.5214903322902547,1.866796955477603,1.4648895162403708,1.3114722464418085,1.0904936070651554,1.0937808216527707,1.4726820895822907,1.6259319936277377,1.903106271511069,1.972822722098226,2.1212863327436295,2.21295397090482,2.027379926320088,1.7617615167352796,1.608107000249222,2.092202847485922,1.4582756268898165,12
1169,3,3,3,-0.37211730771636004,-0.5058376870105866,-0.06148767889527257,0.4295811382992809,0.6815122969503293,0.6644718255402966,0.4364388568287274,0.2616224249412724,-0.1320735416183601,-0.9703950709140026,-0.7234957398663042,-0.0310609336953988,0.6214736556292068,1.12074460988629,1.1165753865784644,1.225110102884046,1.1926706114523866,1.0126731932462105,0.877780829299726,0.5410187584541901,0.3692602865137071,13
1169,3,3,4,-0.8551647781099048,-0.1679836925676737,0.13806659119056955,-0.2044485485850396,-0.16992300298054533,-0.08739628777922459,-0.05766485617020265,-0.06362824354485451,-0.06301747639499845,0.5111441248085328,1.062974082026214,0.9745761745763765,0.7234509446577146,0.5455710462333279,0.6151830643011575,1.2639681547819308,1.733312152918208,1.4373374098641283,1.2254420836735453,1.2280368191166566,0.48949178810079585,14
1169,3,3,5,0.673851225282642,0.8795607766671836,0.9757606407576963,1.278140276423382,1.5839457328624833,1.4112680590427877,0.9647437532135916,0.922795182225803,0.5993701074960693,0.5307109557605645,0.7380927535791848,0.4846086196684408,0.16171278395261982,0.5580685612204421,1.2004196436769932,1.1034123755397167,0.6788230530212613,0.17355194474504676,0.2848820100383861,1.20859379995052,0.8206156127562407,15
1169,4,1,1,0.25181197540282424,0.8833841165258469,1.3569748435936593,1.2770204464811745,1.4667801907419569,1.3206241452754057,1.7350955086812898,2.1527245252639795,1.6739773899633863,1.5288800673668634,1.4077062306547443,1.3937384236663026,1.4080287153083122,0.9807987739971205,1.12062283290856,1.668320612371194,1.7967604331685667,1.328397309762627,0.7007781086027814,1.0893725502791576,1.3270898600007874,1
1169,4,1,2,0.08237434791105175,0.7945118808179678,1.7621475484234654,1.6858337804070085,1.3641998559716768,1.4381922139110292,1.1130276202057312,1.045499005687189,1.5144150418596296,1.801775969110058,1.8447817568298106,1.6124570197907349,1.3025969938838458,1.0812571819755377,1.1075053300572917,1.1842011590097579,1.466940295535918,1.18487282092169,0.30522235356406047,0.47846526628841796,1.2085138721080935,2
1169,4,1,3,0.068068027426124,1.0798459313658881,1.5609719656117091,0.9605424065794969,0.546823522198661,0.9447714814127124,1.1369600858047861,1.360899935395244,1.1359347393662165,0.2650267621649078,0.35003932621651945,0.8602371182799107,1.0747694797989311,1.5961473966962783,1.937873944116578,1.8066968423113356,1.8757804334132315,2.0686926334770663,1.8128717430099226,1.2514727687853915,1.1847213271715455,3
1169,4,1,4,0.4920796657888396,1.2918975473683119,1.3243892990903596,0.9584529548091529,0.8194629292788707,0.8103313998492578,1.3036523211596958,1.6317643478574353,1.266085351311017,1.0178906821780636,1.095420940854916,1.0401976432410887,1.3349942020425862,1.592625744551683,1.4288234189736522,1.315786115737896,1.275573028812793,1.6218556639503252,1.901778157840171,1.4686184542851382,1.2495839934490627,4
1169,4,1,5,0.2020306967151831,0.7828983497642577,1.5797342284253957,1.3715992367642293,1.0433987437808132,0.5956424716205093,0.42360112383430104,0.4226365556589624,0.6298217224472048,0.8966527988465112,0.8263769604867085,0.5487647637293753,0.43508216804321986,0.8110280433793234,1.3396147757927341,1.9274903357370694,1.9632976362056347,1.757501933778512,1.628375300128704,1.5593201821303706,1.037243401363451,5
1169,4,2,1,0.6959867939078509,1.4177991439282494,1.5678104766452217,1.4022868525918568,1.4683496130307465,1.4262030179535445,0.7048217044500822,0.825018729327034,1.1389429887862867,0.4625198471732313,0.5990704763182801,1.3904562470876216,1.7623773099755273,1.9055826005834549,1.6968468655228093,1.2985974259526263,1.3407610845066151,1.6287598103891572,1.972582326511763,1.794522069865014,1.3249647692253483,6
1169,4,2,2,-0.26309747834741143,0.23432359231802374,0.6958254516930609,0.6090229533438603,0.24800238751225495,-0.04835648147848304,-0.43860441657009586,-0.26906269877412514,-0.0526783467108661,-0.5155723826538737,-0.7776585445548605,-0.15685676500631196,0.6165433291063288,1.025961637560349,0.8869196484244604,0.5198274271097124,0.8544170576848449,1.5136681049805518,1.2951512480485587,0.40453698616047457,0.3191156354923226,7
1169,4,2,3,0.02445352369989065,0.5287604401663427,1.3049714087863071,1.339534952947619,0.9365974721494931,1.0924083078792428,1.5947853903993563,1.8634610560029907,1.6884115544812035,1.4048336092470852,1.4056000907689215,1.357481953670277,1.6016483498933378,1.678766223858057,0.9575164064254817,0.36340847237175355,0.05220912199936795,0.055941843090625096,0.23120185914675928,0.060169706201203904,0.9771080871592659,8
1169,4,2,4,-0.4676482025702704,0.19078888343179645,0.5108050603474736,0.6668889542275185,0.715308903592861,0.35013444419950135,0.7757887794986761,1.2323332787413368,0.7056396026606669,0.17884037048215917,0.09906625346024239,0.4396567210458105,1.1375032692069367,1.6203093575786218,1.2365811486310607,0.879802464742856,1.1901430741418249,1.2649412828389046,1.869942495045378,2.0886748502970094,0.8342750495800182,9
1169,4,2,5,0.17430290133967544,0.2550319220763362,0.7644347807767973,0.8885923703959084,0.7909857733892922,0.3710925994654066,0.4801684155713591,0.700254804867783,0.05018306720197949,-0.15490586746815727,0.34296061470663886,0.286860856729265,-0.04228138783236785,0.13819474217079517,-0.018798379471910154,-0.020207969089885508,0.5418065110330446,0.35378528782030033,-0.3601925799261854,-0.4696385815919718,0.2536314941082051,10
1169,4,3,1,0.45115926053231964,0.3593483923166639,0.7266785237250741,1.0206490233261145,1.2409768188284684,1.4326619128514007,1.3191668261900018,1.1023138993100594,1.3463190070964892,1.673611427528701,1.7738263719507823,2.0492450349184574,1.9992152547337225,1.5682153215028694,1.4394696737715034,1.125586485997126,0.7042813748477909,0.854475828437002,1.1923976754632957,1.2084802824067162,1.2294039197867277,11
1169,4,3,2,-0.26091355942689126,-0.0546015877815714,0.5508553754430383,0.877905224586278,0.926666571996812,1.2450739669963768,1.71990558366001,1.4070804441572435,0.5177495855319862,0.05158960827409075,0.30087921538411644,0.4238236199997391,0.5853990465241277,1.0011732753708502,0.9057287275359533,0.9032891923920782,1.4264219675991419,1.6177538316755338,1.7282416139801178,1.6853918861141848,0.8779706795006608,12
1169,4,3,3,-0.08828573503252668,0.5776021739076667,1.0366335642116074,1.3701408619487045,1.4963549085871781,1.2118324310542046,0.4728670974446489,0.15323604751454184,0.34217093700678924,0.6417567853759544,1.1892837641316958,1.6062954927772897,1.362740826391191,1.0337400450501977,0.7543350731785725,0.30035257019012523,0.3383662369504666,0.87503139555915,1.4914820109696962,1.7631486928793536,0.8964542590048251,13
1169,4,3,4,0.32990407748181216,0.9415965542321301,1.3850786133291355,0.7543973692055318,0.19622522464799158,0.3540399808102125,0.2446641510635663,-0.3669541411928081,-0.4197411824005386,-0.0391152404931324,0.5982572300020651,1.1669404574100732,0.9943850254665365,0.9304289941805094,1.3094338693988923,2.077049813341222,2.313131683371034,1.539453732882559,0.4526972128675255,0.2498487848168171,0.7505861105210567,14
1169,4,3,5,0.1529955043824153,0.018751768308351652,0.7670333071997526,0.851981790575923,0.6746431828066716,1.0227737723007357,1.1478793730676504,0.9538238328083162,0.5366855812599052,0.3099991087695073,0.2956161371599975,0.2351066643307595,0.3473258016283278,0.5603921271804416,0.8649569544615953,1.2331811995626152,1.447634181050264,1.2613287316067034,0.6879775365944577,0.41203789053062634,0.6891062222792508,15
1174,1,1,1,-0.7542455450694183,-0.2519476072724871,-0.05275802901341785,-0.47528502610057966,-0.7324413413160942,-0.13025506199360984,0.2413363638942101,-0.14708901721034395,-0.5138277307994237,-0.47598766086516664,-0.3437463980646877,-0.34958469281899907,-0.23065873492963745,-0.08315581670289315,-0.002220468311016601,0.09836402776046274,-0.09166751719861475,-0.34693158667926527,-0.35257840567024,-0.17888131720767703,-0.2586780782784449,1
1174,1,1,2,0.46630914360534176,0.6015943698969646,0.5311568416534397,-0.021254441132729257,-0.42773787383579887,-0.6403318580416212,-0.8464283913774214,-0.6386742047114053,-0.29252214355299616,-0.4035686136027839,-0.5808845921467304,-0.3869153632309741,-0.30310037765204456,-0.1895629153291006,-0.1412128260215379,-0.3921324198885289,-0.37413716648669737,0.08334090085545363,0.21453584086908511,-0.0739186742447862,-0.19077223821874362,2
1174,1,1,3,0.5334690053753949,0.7188827103787986,0.8188416148425943,0.3708870692478955,0.0419810489295231,0.0338480447277626,0.2535041374660908,0.09026005761603836,-0.088089840379132,0.15801060225739522,0.058910148559798356,-0.23557576353662324,-0.08137122925664089,0.1275729080576555,0.02309230229588865,-0.25886107400722147,-0.4698921710527793,0.0017780967521605073,0.5981821031013674,0.826418176118392,0.17609239737471788,3
1174,1,1,4,-0.36974906625729,0.2107851429730092,0.40625558459109834,-0.016679379964838953,-0.21262472123070758,-0.41535004969558903,-0.6045543865253806,-0.6177330730802651,-0.7594793919925074,-0.7503635389477559,-0.6369000786428516,-0.41743000874791936,-0.1747736155642031,0.0547508609839759,0.0767787755600946,-0.13677749508264103,-0.45290267421230446,-0.43953156952697514,0.022927276921294343,0.30991600950421794,-0.2461717699468769,4
1174,1,1,5,0.0777711364552659,0.018534502769062294,0.22387191351397054,0.08559038199961135,0.26310123079063014,0.3314627558078157,0.328964589289916,0.3857821302780853,0.2861074798556207,0.14809766189474222,0.4706186503963895,0.5421294041488988,0.02033588309870671,-0.27605092005665943,0.02166445315396265,0.32666382428546636,0.3940386212735929,0.36032048652914206,-0.04806293033238346,-0.3452650825306449,0.18078380863105953,5
1174,1,2,1,-0.1748431254370295,-0.02851545016514065,0.1705837757803909,0.3432486566672947,0.13206943762432638,-0.3372735903714109,-0.07836436605625904,0.41820218801112835,0.38271791157318824,0.24705797224606324,0.14675154789267164,0.005968229192794102,-0.1823963442606279,-0.20985448401990245,-0.0152413110505603,0.02547423799390685,-0.060190233915663346,0.034359670791844946,0.17756320768209827,0.3344611793984582,0.06658895547887855,6
1174,1,2,2,-0.376293870928284,0.30576866660125235,0.5470688942170817,0.020045234946878487,-0.3837931129011497,-0.001292989165412789,0.257042379351149,0.10892362148139151,0.10756055151807854,0.0667404756150442,-0.29720754797373444,-0.361129848900187,-0.0969911825291417,-0.1490990449650338,-0.14677288783330236,-0.12137197837219876,-0.1368615563728185,-0.0682976257186693,0.0023661786523398454,-0.20017779141040065,-0.046188671734355896,7
1174,1,2,3,0.650504784602012,1.026199308341189,0.5666163907012753,0.07545090062538545,0.04615576311204626,0.039614619846620555,-0.056428404267309946,0.13938683314127076,0.47584524725453203,0.4099142616836192,-0.1138199308550841,-0.16646271049728736,0.24688407720847325,0.1943438898569145,0.07295806930614784,0.33378789461494857,0.3230704332062011,0.1966474638758561,0.2289117527547806,0.1206255660868078,0.24051031052991995,8
1174,1,2,4,0.6880511243701299,0.3758156295276842,0.08207236575529955,0.2934593523111858,0.2404804596384193,0.04145611385035155,0.2020533579501557,0.5088920135290802,0.617625644359667,0.4475410763166854,0.3359552903253339,0.27105839340991505,0.08680149330459805,0.03550480542858671,-0.11180021379451356,-0.22960067409800644,0.08802571586821525,0.35254680900449153,0.37617909232726543,0.03557955184636924,0.23688487006154563,9
1174,1,2,5,0.2530692801600218,0.5882060725836837,0.9051359478506611,1.0023780850399746,0.3612637989961504,0.09732657051083965,0.51074665987867,0.597303801842262,0.2672557813231535,-0.4072227357650483,-0.48928690947995634,0.18151125285609754,0.5967505688596706,0.23978922706670586,-0.12651363345143016,0.24041213656615196,0.6093043511689894,0.4847962549025371,0.24030562450545073,0.2676160872314922,0.3210074111323038,10
1174,2,1,1,0.30656505749208507,0.45179894107174434,0.43749130653343316,-0.0026016352480321137,-0.20809370317614753,0.14797986258032075,0.20983081920329533,-0.24125714000179732,-0.2684730128613041,-0.004878959984914999,0.034230365002010855,0.05642910622791404,0.14143007129853616,0.4906241575630128,0.7330701727678801,0.7100042545170718,0.4186419927130269,-0.1324620677764802,-0.3681594459264654,-0.1449397509593727,0.1383615195517908,1
1174,2,1,2,-0.26825993085098987,-0.054970280428989396,0.4390498416689584,0.5743203842269403,0.2212043639178193,-0.15150699238087484,-0.21154679177612096,-0.11500184426206621,-0.16872349292260005,-0.1577087010069505,-0.003257907686743,0.0179963719265247,-0.0734092286310082,0.014691645346343749,0.14826714583353495,0.17723236844811466,0.308313774519383,0.24996145289929705,0.26696482579611874,0.2013945746781064,0.07075057896573984,2
1174,2,1,3,0.3713076910078564,0.39647707909774194,0.5974832785560179,0.5857925321185553,0.5256233656417655,0.14633173891206808,0.1317539566909816,0.585531753890783,0.8939266935654508,0.5107518722876376,-0.062010303937098506,0.1193464828052708,0.2572712981553789,-0.12652722175931108,-0.2198116547497887,0.10888062697164205,0.3455042837907306,0.5091037039623051,0.42474281623638677,0.254325701054954,0.31779028471496634,3
1174,2,1,4,0.29414658307828834,0.3837056605290996,0.3720187905681571,0.1990136496719384,0.33229659541999645,0.39283874540010744,0.25040725791880314,0.17950519367513404,0.08044387407004175,0.0191292410873171,0.2153278795754518,0.390588000535666,0.3530220059220961,0.42214576291410366,0.4252858622671733,0.5307406641456762,0.6468459587898892,0.5797695819239143,0.47206632393046855,0.3690575083997808,0.3454177569911552,4
1174,2,1,5,-0.0435249860746519,0.26114001481266913,0.6643416472442005,0.7828304166188536,0.3621664416123336,0.17740993975124197,0.16089923752729088,0.037679982535360854,0.38761404659791066,0.5741133092185249,0.15048234299933777,-0.12222175183282444,0.09135948746701963,-0.0817051769313744,-0.48577940808371317,-0.12406224069597546,0.4083612955826433,0.03356735048306106,-0.3866741791651166,-0.045861320402005856,0.14010682246323924,5
1174,2,2,1,0.25486387884494954,0.6247999950455384,0.8021870046761942,0.6781722020369836,0.1696302295093868,-0.503557744368031,-0.5972219055645409,-0.5879032244762821,-0.4104006537876244,-0.1864305955911382,-0.048681042181928494,0.1008431650244059,0.1867174673526999,0.3152730580316066,-0.14839507836750782,-0.603536872093109,-0.5759825737446185,-0.13268755163462198,0.2105834240430841,-0.09934740067531166,-0.02755371089599315,6
1174,2,2,2,0.6112393361589502,0.8537837899358424,0.8193362840008244,0.68104897272324,0.42466097575785067,0.2722213930823618,0.29287290391841253,-0.02162696803292366,-0.04660498316412311,0.1265704955826024,0.4577387047812923,0.6551501763572647,0.5897310842121224,0.6420881069871172,0.5257802687323159,0.2597818426884446,0.2466887222312079,0.5550674765637402,0.6883356039762532,0.4595797030882132,0.4546721944790505,7
1174,2,2,3,0.6667326197273967,1.2618604310684136,1.4298880214326433,0.8060847452418711,0.2219567416377952,0.14315672391072454,0.24824337917174466,0.23063115921232571,0.09926648032134486,-0.0687899536053353,0.051173066435014854,0.16640957442912016,0.3638219975643829,0.6698911300756483,0.5819621154295482,0.1747752040849797,0.035511745076087245,0.24680809315509444,0.2325970171186675,0.3551028254717954,0.39585415584796313,8
1174,2,2,4,0.34938891249605974,0.4726381180404858,0.833719756730638,0.8772363650560282,0.4935750156928478,0.5093564050910164,0.5133937221849739,0.20209585218392856,0.19612733260680645,0.5510829034907386,0.7328788814478385,0.5248916245327854,0.08146255447729814,0.02251329321530804,0.39793115751555114,0.7997892983285094,0.7003286571852191,0.20222640980383985,0.23634497877877653,0.6636611027365162,0.46803211707975834,9
1174,2,2,5,0.26923484597426756,0.3708773147940819,0.7713545069727941,1.0204562125160481,0.8161913531373836,0.6344747013507337,0.18034211773454936,-0.125392891320767,-0.00563134523875955,0.02289651869517865,-0.1322290856097332,-0.35539344754782204,-0.09415367504207364,0.20032835489775705,0.4010202592470179,0.6076591664030071,0.3153287353935269,-0.17034218004934326,0.008782670554257854,0.6652141058599146,0.270050911936101,10
1174,2,3,1,-0.22711038689139004,0.11010513708123361,0.5085977103450393,0.525556446174729,0.1685329101877534,0.06346316391031484,0.19982387451528055,0.2575106435921512,0.23162374070818148,0.029862997245057147,0.010529694892578503,0.0030412768257839506,-0.008585871939904455,0.11520456224539505,0.17101207288000914,0.20601882925107146,0.37441781063482527,0.5923496801368668,0.37391369462552476,-0.10669847193907259,0.17995847572407142,11
1174,2,3,2,-0.1278113039029301,0.20040687502457524,0.46336021274832206,0.6095054804682998,0.09573056277215969,-0.30666591060795856,-0.1480506963595815,-0.0790278620977402,0.19909621592280907,0.18003889884777913,0.0029252435313839587,0.17413393786269835,0.1649784804030766,-0.083100903858423,-0.2516431472229922,-0.16857432946639944,-0.003264213459247496,-0.23542299017948853,-0.4776704930370282,-0.31149574271527225,-0.005127584266297849,12
1174,2,3,3,0.4486321103115386,0.6705314942684202,0.8339911158599875,0.7945176769089453,0.5551071747680819,0.2096760288484328,0.20653078473399739,0.241926321986564,0.02033906266453655,-0.16945448128843515,0.07237794059221533,0.20636740390876274,-0.0920013440991358,-0.04081853850032705,0.20437941851324853,0.49344786918665684,0.34401891222427705,-0.0995358184968724,-0.11379166812846876,0.18485714135875844,0.24855493028105918,13
1174,2,3,4,0.024363260157076697,-0.06411266141078745,-0.0981066951236515,-0.21378205693238678,-0.3518830865560368,-0.26703503409320856,-0.1310826233679024,-0.2889264961900752,-0.27704854103084664,-0.03214775445600555,0.09940636478843914,-0.07647255056833376,-0.2952619402197923,-0.2529388556570817,-0.2488387820794919,-0.21583020282259874,-0.2543720477076372,-0.05566531785671516,0.3525536102965108,0.07483003156374751,-0.1286175689633388,14
1174,2,3,5,0.19506545299894246,0.7606305622938535,0.6198634692390401,0.015493851892629446,0.031004353917293545,0.14538420150946116,0.2365130161175188,0.2581956127623773,0.04919619260383339,-0.0049753770614320006,0.3621067104878377,0.3184771570101683,-0.22237504805703195,0.010824012297490387,0.49251825131718446,0.3685831814873102,-0.005012812841781247,-0.2022286740147262,-0.24038591424712014,-0.35971104580392765,0.1414583576954461,15
1174,3,1,1,-0.3560804114436129,-0.1199676462732224,0.3310889007995119,0.32130783768922067,0.1020055034454285,-0.20041368617807465,-0.42582972559891624,-0.47361859144032376,-0.9279102558785214,-1.055572985262179,-0.6076303882746917,-0.2626435237171479,-0.2283071873652646,-0.2851745182124502,-0.09972598509637653,-0.11591183439061485,-0.2284368118935283,-0.0932425448697965,-0.05294869273888035,-0.4243597373307734,-0.2601686142015106,1
1174,3,1,2,0.5370992935619663,0.91324457438052,1.3103837620592622,1.4765574436969369,1.2475608436202257,0.771208306870038,0.5591185294970735,0.452777906482659,0.09314883520890693,0.10517800983839296,0.3087560486816723,0.4252795351936898,0.49723480277096116,0.5159318846312699,0.7197226079394593,0.9092625305875011,0.9012369488784162,0.612225613272954,0.633550470940991,0.8458424288823709,0.6917660188497634,2
1174,3,1,3,0.3749703867810673,0.7542579197923014,1.052165171879251,0.850609128088754,0.5012005712476801,0.40897461549201586,0.35304957459597824,0.2373979928527885,0.1591547344748699,0.32101196129765464,0.39317751744282947,0.4883129396569509,0.5802610001196125,0.506827974867771,0.7143043214658968,0.6707182405079892,0.045691809338936906,-0.24677718574263724,0.14910457154684895,0.5324717244089677,0.44234424850577625,3
1174,3,1,4,-0.19911027078167398,0.17677398778539155,0.6506686052987433,0.706960676792273,0.724726903927329,0.7620200350122341,0.42740700391536024,-0.0476153227516299,-0.3354905305349588,-0.4093016829930066,-0.24955510951571913,0.17654432412607385,0.8178355571463978,1.199647352594162,0.7559087982330772,0.021828629810212746,-0.1919127660288274,-0.0035729271823547043,0.2276609487696964,0.4483508147271228,0.282988751417495,4
1174,3,1,5,0.26035836092982056,0.8972460616125578,1.1258551502875156,0.8130928632972911,0.5713986750088645,0.8692222794377703,0.8835464319371616,0.6766827450978472,0.5397780994700595,0.5365327281050142,0.640457807995339,0.79123252502894,0.7511412820332761,0.3211732065324671,0.36820090386406373,0.6548984581532475,0.6510535828972197,0.33271749060109157,0.0853166885293501,0.2914087498217111,0.6030657045320305,5
1174,3,2,1,0.19624123872957697,0.5932703848250542,0.5690552144121701,0.33761247410993933,0.31747649057917554,0.15880572207074614,-0.14682860702689626,0.18822823990261947,0.7497143715739737,0.7984313220613493,0.5654101845081481,0.44829728975503147,0.4642445185373947,0.12150651165361201,0.047492238249199153,0.21509243940048361,0.21444757874876705,0.3254502755676105,0.07095587443904389,0.15062076367873584,0.31927622628878677,6
1174,3,2,2,-0.0271370270290155,0.29470139684736635,1.0528171861393298,1.53555413367658,1.408576878326989,0.9885636765754544,0.67874563227395,0.40896685749995026,0.2738960170590658,0.25960103554890923,0.05344073043882414,0.042896140525375395,0.4956515778750586,0.9166091747488715,1.277889374130583,1.2656863644481933,1.0476875062051079,1.0286244242307938,0.9395307951426033,0.698405462947896,0.7320353668805943,7
1174,3,2,3,0.0985330969268424,0.7458343799968667,0.9919712491816602,0.8671773468057176,1.0140718645745612,0.7851963452116905,0.5719054105842201,0.4308360879832092,0.17620222722297985,0.7455364145543865,0.9290712473395909,0.506653669219346,0.29928750694130685,0.4388700156342218,0.6732141369445316,0.677544999466617,0.6036949838031334,0.31634989563283133,0.3117809430463089,0.5815848698171412,0.5882658345443581,8
1174,3,2,4,0.17774760950269214,0.457087208819297,0.4603402211639376,0.4422225143194408,0.34478476620116827,0.39610485123036326,0.8650582368547697,1.1277131212500315,1.0009279091574133,0.8384011320972845,0.8265060054056385,0.774148859590611,0.672352587844481,0.4185480438727156,-0.008717565249727943,-0.21242573655832406,0.20391779110825886,0.5831115138935701,0.8366647302158594,0.7473868342123916,0.5475940317465936,9
1174,3,2,5,0.02995675361167565,0.36178798713004884,0.6087482327103576,0.5967560068625807,0.4982336238854599,0.2555144861617934,0.2563967172861682,0.40321590936051255,0.23253498373560394,0.13378877679928575,0.5337538026640491,0.5786653228959376,0.05305240409923159,-0.27688028424942657,0.032100375766279,0.48413244881399303,0.5087768633632486,0.2085664766765954,0.08581450493367786,0.18703472946765948,0.2885975060987366,10
1174,3,3,1,0.24233066694333255,0.5430813714816021,0.8591903957759655,0.9878121033097459,0.9763532660170666,0.9951419143544549,0.7952417008641776,0.7469778264632627,0.7983661866479941,0.41967898028517614,0.1517152340019648,-0.057743953816451296,-0.08340200215398179,0.2658911822581491,0.2179992429301149,-0.27865838533833537,-0.3204033061840306,0.3368362959737626,0.4515675885054015,-0.3113184786635752,0.3868328914827899,11
1174,3,3,2,0.1638253829669564,0.6438545726060563,0.585453217073763,0.18927651800328635,-0.13873528885038144,0.016495210633971663,0.4744535360265799,0.48252632844101656,0.35480972060521,0.3179207383946665,0.4543836883870095,0.7975004867896531,0.7104583615554485,0.2961208825367345,0.3523142308649362,0.4027810971819184,0.30146699656321646,0.669366715466506,0.6515374379936139,0.11098026886012631,0.3918395051050144,12
1174,3,3,3,-0.0014430784631349614,0.2962764783827246,0.8232627928859733,0.7625666063533934,0.6666286267118883,0.6542483335998801,0.7048317202052148,0.5448320974566075,0.023520179447118927,-0.011369005264997178,0.3108726059667434,0.2846522518508508,0.24938715914593756,0.07797189961600785,-0.23706005130909852,-0.30215693840386304,0.039379569892904295,0.4359091528671631,0.5893796847623836,0.4714798618140885,0.3191584973758892,13
1174,3,3,4,0.31370429428505014,0.4465760317542839,0.6196760618458346,0.5569113075982792,0.5810363645418781,0.5643792434302151,0.18981890648762859,0.005696040972148,0.3366663606640864,0.7471896708952401,0.6422050603187172,0.06022960800365065,0.04933164848009086,0.6201620993013218,0.9372912075518058,0.780476711044487,0.4492682618967245,0.5808883855351654,0.8355876037868206,0.5793410988912362,0.4948217983642332,14
1174,3,3,5,0.2147959506230712,0.4725123870024118,0.5437933066412438,0.41543736536264664,0.45999091444672835,0.6227596553447545,0.20510005662205208,-0.10704764346195614,-0.18930369786611018,-0.38498669479092745,-0.2544731392683509,-0.05597336387929145,0.39118636679940905,0.4217149054625954,0.0003920753361796505,0.0406660068715029,0.1064210206181823,0.1047722817860952,0.03521603195803465,0.020266136731381054,0.15316199611698256,15
1174,4,1,1,0.14994546673442277,0.4688314031868522,0.6926581510310281,0.428685333992716,0.0934635221033003,-0.1337695764506324,-0.18667820781266237,-0.15525886405795863,0.167462457449858,0.19595388755534693,-0.1455545597452248,-0.2935285186285893,-0.10228080582101046,-0.025493635023578105,-0.2866605068670405,-0.18763861991132275,0.2175957493895184,0.5912080759275044,0.7149661426747966,0.2859690546915908,0.12449379752094575,1
1174,4,1,2,-0.05802680685347925,0.005476781608015999,0.4600301519873672,0.759570913570824,0.7078584691728573,0.26976133083208775,-0.20455848160307183,-0.12243414091359975,0.3104636349866139,0.3292095377717317,-0.2860369363887842,-0.526579294391531,-0.2351505686810361,-0.1685892201547377,-0.28308415303508155,0.015445034795461998,0.4036004783863635,0.22963959652793256,-0.13986303673926237,-0.2138262460720571,0.06264535224033065,2
1174,4,1,3,0.1052377730922028,0.6330629688739633,1.1288657042746406,1.0003346840779683,0.2726253061721765,-0.235529510211655,-0.12197893002227644,0.0912045052321164,0.1568026606478728,0.1333946746345794,0.2184161099240686,0.5714008383295368,0.6530148613737539,0.2835360950543152,0.3193378118972984,0.5220233898526021,0.5655157862024016,0.5587846801383237,0.5024120187048274,0.3708462298282569,0.3864653829038487,3
1174,4,1,4,-0.660909598967987,-0.21136721801964978,0.6561381912583972,1.0480771838164635,1.0184548903653672,0.7553499258474554,0.307068695526751,0.1329427783260678,0.2924298968717034,0.3825550635075843,0.1641559383396234,0.022889803618139345,0.0108402442672355,0.1719244674781395,0.5049076263089298,0.5753095709619382,0.3956446640343879,0.34023947715533875,0.033272869849823195,-0.3355993827076502,0.2802162543919029,4
1174,4,1,5,0.8272024531267326,0.7415796084098445,0.8935433459962381,1.1757645875643434,1.3436788301795568,1.4091837788907595,1.2018073459511656,0.4928328283003017,0.1158148580290235,0.28341215234561284,0.9440763826216241,1.3463274893461068,0.9067924188851557,0.719191102530325,0.7713013643321776,0.5683667008603093,0.49876156829189877,0.8458231659232828,0.9418612448526211,0.6448354105391038,0.8336078318488092,5
1174,4,2,1,-0.10121599555358404,0.356940959655584,0.9300398639593632,0.700758429263481,0.2455107709298665,0.38336273939452836,0.6113719164948792,0.5091939691750752,0.31292737988497343,0.2861348453779694,0.2278258416908554,0.07692458583294105,0.15839744739473133,0.3265365791560273,0.5287674119028094,0.6089038582622888,0.8059387356040608,0.8356881315752781,0.3820876903224634,0.268483874462193,0.42272895173928926,6
1174,4,2,2,-0.005195760406378258,0.10853465563764475,0.5524854668370309,0.5938409942589795,0.5182403776023142,0.27631599101725923,0.09262052296881121,-0.027210688597778004,-0.11956693722566344,-0.0921967795198852,-0.35837096306960975,-0.4710236438327159,-0.19303329697270874,-0.0985189635398311,-0.1133985478020863,-0.1905399711312585,-0.03302688109249856,0.06432885962608775,-0.24836894960954797,-0.27829685892054423,-0.00111906868861895,7
1174,4,2,3,-0.015451002689884849,0.2376685170484618,0.6249742932919947,0.778727258363044,0.8183403718181692,0.8723202117598002,0.33353055336235665,-0.20451426365008463,0.008982418747910004,0.20721300855824945,-0.41167026744161794,-0.7096525193974152,-0.20200708277587542,0.06938969460268365,0.13460683820533859,0.23757237421202926,0.34626519563806113,0.2608728636636836,0.15686868521501152,0.3185044318922733,0.19312707902120946,8
1174,4,2,4,0.26831527034842073,0.5292585972303454,0.4734403230119426,0.3288287970821385,0.44593353134544855,0.6217541609103278,0.48444070033444037,0.21371274680731256,0.21929232042607738,0.24770427945473772,0.3226883026271771,0.35429942568417033,0.549105643276381,0.43899494199495265,-0.04579477933752821,-0.03546678643304303,0.18479223154128938,0.3184244277723887,0.6356869384633439,0.6300871635429848,0.3592749118041654,9
1174,4,2,5,-0.6343343768163967,-0.541429737131636,0.07363420042524452,0.45574760142890053,0.23187376231322107,-0.1339922595632036,-0.08129175521022254,0.26971200608049883,0.10418829081037524,-0.2981821328251079,-0.36244185329427214,-0.36319193011512374,-0.08733284224190768,0.2611969618435261,0.16898247820777962,-0.15754824315627738,-0.3783524739675225,-0.3242301710636095,-0.23265522990287155,-0.19429394882232845,-0.11119708265004664,10
1174,4,3,1,0.1067317309394537,0.41226911109486114,0.6239333581835222,0.2811376929690224,-0.060781371863124704,0.07899622167438264,0.5941663897809654,0.7061849536041669,0.13429614568628134,-0.30792294180149665,-0.40601982682578397,-0.3462613065192166,-0.20786562666910385,-0.09667394405186415,0.020243198969910198,0.0755121942306826,0.0351911621298159,-0.0198495499645391,-0.061345426105529996,-0.17972419164827358,0.06911089869070655,11
1174,4,3,2,-0.33927798886701543,0.05117658035996871,0.32857364787618565,0.2731865885236548,0.024184918631138252,-0.2894914527963352,-0.5362581747473961,-0.3908617678188627,-0.27053010600157285,-0.4109366199634169,-0.2836591906803986,0.11788802421259115,0.39618037148375507,0.10009505554055284,-0.34733120228228354,-0.45939395716959197,-0.32452072345174426,-0.09651137649317221,0.0995520336257569,0.03874284188258906,-0.11595962490677986,12
1174,4,3,3,0.16817667547955326,0.62389366747528,0.6950404341319085,0.3265599944795251,0.15175478056083547,0.0740444288061867,-0.0357765835390344,0.010419323998775452,0.4039852818044495,0.4035556012341746,0.032783070332701454,-0.16212823737592094,-0.19118586429120138,-0.02265920732725425,0.01560814550633105,-0.0285293979781296,-0.23554891842253065,-0.2110647996715255,0.16710664044353482,0.40512623704167205,0.12955806363446648,13
1174,4,3,4,0.1689559927154176,0.3381710750934489,0.486513820966069,0.40154026201976956,0.4162545906805608,0.5154262094200364,0.42994922348344466,0.17965767452071055,-0.07843333794619625,-0.19027503284425845,-0.22034416559634723,-0.3573672807515602,-0.2942278715116135,-0.22739805309485064,-0.11094407554967119,0.2206311649903013,0.40841046982506973,0.245670833145873,0.025860512456022902,-0.05051732598443775,0.11537673430188936,14
1174,4,3,5,0.22879925698328063,0.5876505626822304,0.690199940488631,0.4611293930454011,0.1158741184749483,-0.18449777124861672,-0.1592634764405656,0.1054784782433925,0.29517682545076895,0.4514255448483958,0.6232703155773016,0.7021472353153735,0.5367213812169729,0.2565316585316392,0.349648361466959,0.4824420328292652,0.21069024279391896,-0.07143332411120995,-0.1225013553715156,0.10458973796495076,0.2832039579370761,15
1176,2,1,1,0.7362785035486172,0.9552051731221829,1.064252561336036,0.9826885832981784,0.9963953612928961,0.7440227564005523,0.4481381844527956,0.38293815345531584,0.2581099964767019,0.18620782109554607,0.2796302625850393,0.29900174421961295,0.3153157886758199,0.23308756400201502,0.21026344206203065,0.10365842020894314,0.0683737824315057,0.10119781151027435,0.031140714139800796,-0.0244686944507402,0.4185718964931563,1
1176,2,1,2,0.35528794988044854,0.61472606340303,0.971279513130411,1.0728570827367045,1.09458255501825,1.469695613326172,1.7465743185694174,1.5991800260953326,1.162697578805406,0.6671335881791509,0.7505942909511749,0.8522194471475946,0.8412321059949575,0.8252682367177402,0.48513946523016205,0.3678375923750423,0.5529020060459517,0.7735553798928265,0.8630260850585929,0.7798480697554868,0.8922818484156927,2
1176,2,1,3,0.20725609187682975,0.44062841933393676,0.6037475987817693,0.30458689798962263,-0.022668326420650253,-0.10361738350455349,-0.05330621849085,0.005708789143279949,0.016863318437279753,0.0110222492480677,-0.01628302137980235,0.23813486818208643,0.20782520230673307,-0.25560174728584517,-0.3927507847438253,-0.2574893309807397,-0.06991164491384155,0.00213187949006835,-0.2753272557623336,-0.4559043181375396,0.006752264158484601,3
1176,2,1,4,-0.13480524537998856,0.18582427507981744,0.2898882591748301,0.0562162245130465,-0.2316861843606235,-0.2791183171628684,-0.34044485333538227,-0.41936385717038666,-0.25855597742134884,-0.3878589594035799,-0.43502854689520337,-0.2654418817760064,-0.33450806482463563,-0.36823707983082554,-0.22479158631227308,0.17041800201382604,0.3525529293907397,0.2102521021502278,-0.11118997629475344,-0.4824620022772431,-0.15041703700613157,4
1176,2,1,5,0.30819356820356025,0.4089385574738622,0.4281702389996018,0.41358177821587316,0.1402213987120817,0.12020428795022814,0.22523042761832673,0.22802505011153298,0.006837837112093806,-0.2812760475556557,-0.4953482858204717,-0.4147142246526061,-0.34231772681347256,-0.3674419822002397,-0.4682624020856157,-0.56197212275366,-0.22316244456762235,0.10684872792105125,0.3827749554166693,0.5499073942311394,0.00822194927583385,5
1176,2,2,1,-0.1036931551506756,0.5624872638735261,0.77113370513366,0.47158369003124834,0.06638630307992936,-0.38038578368482256,-0.4541099051199651,-0.39882894309099637,-0.21565313657990434,-0.0126664531420756,-0.027231523233343255,-0.1786647813421691,-0.423540853941685,-0.49745253374415455,-0.46818208037185927,-0.4950456287398844,-0.33231593221209965,0.040008021376227956,-0.010514568642702449,-0.11995150332898545,-0.1103318899415365,6
1176,2,2,2,0.6089345878463066,0.9429660795207184,1.019046035160903,0.6917239261401603,0.36850443437845315,0.5837163450767651,0.7936296707222041,0.7390980904685358,0.5568842552990525,0.4031419036674869,0.3502707402600173,0.36555429045517895,0.3857652224904963,0.08427663163776436,-0.10646531906653235,-0.03967099995552675,0.02446834707553145,0.14369321942979846,0.2202243348772634,0.3339087671805291,0.42348352813325535,7
1176,2,2,3,-0.1846832467502612,-0.0851047440492729,-0.1012826606307288,-0.23557668752646116,-0.4032864764831066,-0.4590525903072576,-0.42084614643401475,-0.4327597652731564,-0.6285471018247916,-0.5691790607541319,-0.27218116041655604,-0.2680600204324732,-0.2920769019055044,-0.2937472246309024,-0.1561631325972834,0.06551624882485489,0.043823034571901995,-0.2472079252604093,-0.5054936798643755,-0.5679139594050472,-0.30069116005744884,8
1176,2,2,4,-0.2553058763202554,-0.010149046440339801,0.3993962032558833,0.6502747019523146,0.6617343801056934,0.3139371211975177,0.015072220584422799,-0.04372412730932135,0.0070578340648946025,-0.010386573859473551,-0.14125201248163405,-0.24876950118982388,-0.1421691105674383,-0.09756807410287115,-0.24033966317660704,-0.27909144746127,-0.21361589592572894,-0.2596186118964353,-0.5168397342328556,-0.6392444013152354,-0.0525300807559281,9
1176,2,2,5,0.4538932187137731,0.895165295833205,1.0631496067558006,0.7325832992875903,0.5367398441972389,0.3803780684763556,0.01844599081545316,-0.3896303122609537,-0.35275108423865764,-0.1432933053580785,-0.3064420349076965,-0.19834483767050798,0.0609623749765738,0.24869827836434785,0.3741249362307789,0.43760859326853363,0.3614019491470093,0.010353742493336301,-0.2510518983648292,-0.1390947690159545,0.1896448478371659,10
1176,2,3,1,-0.40640174818098773,0.1699658877261746,0.37302769144294257,0.1680059268457098,0.0512201216831997,-0.2061071153278318,-0.4986092778838015,-0.6041654138725505,-0.5120227313995114,-0.5184914968352684,-0.38663825013198844,-0.28171862369487366,-0.27717633697683347,-0.23020502433998571,-0.10794348394015049,-0.2420240042547873,-0.28765238713230684,0.2037949559121261,0.17417925076325289,-0.09842718427934219,-0.17586946219384064,11
1176,2,3,2,-0.3184900767331602,-0.2095633361640718,-0.2819059077605821,-0.6682140197391315,-0.8153127591344429,-0.6118025099084777,-0.6758675777802892,-0.9689926740044222,-0.9389451775069633,-0.5931599667107377,-0.2575408969817329,-0.213585385625371,-0.43925120004501983,-0.4422364531794557,-0.3534158425840664,-0.3533989674812521,-0.3748259359022975,-0.4321656777213943,-0.19315123072016235,-0.16632396898712185,-0.4654074782335076,12
1176,2,3,3,0.035656401305781654,0.42645362030541806,0.5617673893548422,0.29371172598633744,0.0039350617167727975,-0.29251051860018107,-0.4779661607657938,-0.617047436286003,-0.7471125837485273,-0.7556892772667496,-0.625615059421182,-0.5854002490415235,-0.8461008067774408,-0.9464937859916678,-0.6253500307912557,-0.7153812780967512,-1.0685709220049209,-0.9698836966224061,-0.7402812225512174,-0.6614046319324643,-0.4676641730614466,13
1176,2,3,4,0.36218332073398507,0.5129600469064609,0.43414923649366965,0.1397475045640138,-0.2222599347793414,-0.36811013216909527,-0.5310475874383676,-0.5398772204645786,-0.33615853427627146,-0.13006531831272067,0.0171203556342122,0.10740135817529345,0.050100157572716096,-0.02822666334486645,0.05764295855625145,0.19944691680160198,0.2967834183125298,0.16486622436823783,0.3270741118741148,0.5587171959089138,0.05362237075583795,14
1176,2,3,5,-0.4864955330805446,-0.17279329432053792,0.44096567735879344,0.2927042235379567,-0.15419322510259248,-0.17616014113256295,0.07363549312177176,0.056113548282784906,0.2195126759900486,0.604384954335322,0.6012483441890837,0.4981965032899788,0.36873965716491736,0.20649187959178966,0.2201249014026232,0.39106182578379006,0.7103039652438473,0.5837860278601379,0.30222719882131244,0.5380341376726305,0.2558944410005275,15
1176,3,1,1,0.2767994784392368,0.7046515054799382,1.0831240610360724,1.0695751731475633,0.8141811730268617,1.0769127314786089,1.3879800166603669,1.2160770265175174,0.7083333003222154,0.4986656496065946,0.7153735367625722,0.7060067441361434,0.6016607055841019,0.6059298107000345,0.5109547725213771,0.5795264585129547,1.1104767507159727,1.393087733131157,1.3085248282933308,1.0620574099943783,0.87149494330335,1
1176,3,1,2,-0.1330783350559672,-0.035054845971778596,-0.2129840979834379,-0.5426923258330898,-0.4003101171388682,0.10516183917708245,0.13333797932885255,-0.196158594110016,-0.4300963270744273,-0.5782405331825582,-0.5838985300003268,-0.5141216113249074,-0.4381365607364869,-0.33302264850449276,-0.17505440200471495,-0.2093533530584171,-0.1717799627852848,-0.16060938808617833,-0.28609076305446857,-0.48666382237277156,-0.2824423199886129,2
1176,3,1,3,0.5260400103001865,0.6507307858286437,0.9599156785714794,0.9984241009381519,0.6779793313384188,0.3259519424435946,0.23537859276912335,0.344897969252767,0.2267168418292128,0.3123648839771719,0.6650908532268422,0.6693727848564431,0.6598237978915433,0.8074265175877935,0.8314205101370864,0.9670538476803721,1.1452320802601625,1.1733054304672768,0.9108459755375691,0.48671883601079097,0.6787345385452315,3
1176,3,1,4,0.15068647809455799,0.4089688853700689,0.5269175146339193,0.3790004293296708,-0.08330011064302616,-0.15880849543295006,0.22390586257660533,0.42963623886528585,0.12111114359783631,-0.27472711864215194,-0.20905858163426086,0.01635527975774555,-0.06459300974446489,-0.0874078859189302,-0.09147842018967335,-0.21569353494211269,0.03693603998762274,0.3386015709802141,0.3899436755175959,0.12922682749539582,0.0983111394529474,4
1176,3,1,5,0.40733527491896226,0.4560798032714213,0.37980332800764804,0.127488352253523,-0.05984961918293665,-0.13215116629555054,-0.026568013222088696,0.1591259876786042,0.075743059867515,0.081622750800392,0.16582535185424185,-0.03217115241205615,0.014077309270832644,0.26470546557586067,0.17910356368766206,0.1686586899786802,0.1943928685514026,0.0415093940029275,0.05242600401673605,-0.01970659400299954,0.12487253293103885,5
1176,3,2,1,0.2996287797190458,0.6617200861915487,0.8088071991295717,0.5636681659290772,0.4357451792692556,0.3035931066792651,-0.036979388471188854,-0.30328388338575746,-0.2141604062784711,0.14022048782850866,0.30860859900588095,0.244201932984406,-0.15301969180387207,-0.43464068200047545,-0.30686263711941664,-0.08300836445953425,0.09263834358349181,0.1198636284149795,0.03727102472744575,0.08055204080267266,0.12822817603732165,6
1176,3,2,2,0.5927916071489674,0.878089717425762,1.1527607608716242,1.3000720142452846,1.4810917568519213,1.3303390287196835,0.9100801082949102,0.5260330488002682,0.5160463870157147,0.6031847657634959,0.5803025078235782,0.5469868502750544,0.5606497599068516,0.39955218082535016,0.16500318114834184,0.2237724205734728,0.2366802022458373,0.2506178074538331,0.2535100453992195,0.14204762913797195,0.6324805889963572,7
1176,3,2,3,0.0077499071312222,0.422193389886823,0.47504425853716165,0.1832480821925602,-0.010338992799843051,0.0435192380478526,0.12631700909606464,-0.053398413522316,-0.03451336687363245,0.05159311528067005,-0.0535681851773188,-0.14411364526916148,-0.04207975241941164,0.07313924120752414,-0.15463734165012705,-0.2921638013974499,-0.030840847243102557,0.11261582210686105,-0.07999583838268531,-0.23341258957521024,0.018317864458824003,8
1176,3,2,4,0.3477937627046361,0.3438817114489289,0.6292451077182059,0.8866552435576817,0.7132646550987845,0.7999326017353573,0.9680056532531838,0.8465213419411157,0.7883309244047483,0.8742056249949393,0.8261621990893327,0.5850033830697945,0.7071035746236471,0.802331310900579,0.6463318241058023,0.7525846277997612,0.9194687914261522,0.8344846024708934,0.7748582411876701,0.818586693868365,0.7432375937699789,9
1176,3,2,5,-0.08305582017447885,0.009874287390676917,0.33420579993798943,0.1458047416544342,-0.11028415514996635,-0.16323934287751818,-0.07297467036371205,-0.06197120141607765,-0.22152579302921985,-0.14374436802847249,-0.07651379036139459,-0.18555160066394955,-0.20012888493997466,-0.23492803045631683,-0.19231796482064428,-0.107444949347179,-0.17448557595827374,-0.15034915445603014,-0.1922617054800245,-0.2884037269178398,-0.10846479527289865,10
1176,3,3,1,-0.4005073858108017,0.08706300974813846,0.2621570807432377,-0.198014105293293,-0.455921432248762,-0.4541829181673859,-0.3878769362898802,-0.354786187193012,-0.35385802713059167,-0.2118612911509706,-0.056809755422120405,-0.15797640907816635,-0.2815883387523842,-0.3562146391465667,-0.36895860953328674,-0.2328551330865254,0.03251303787389345,0.1264701890596032,0.14893461700302724,0.04284744653155101,-0.17857128936721473,11
1176,3,3,2,0.2948305731434206,0.5260079111316857,0.537796932496772,0.36677757730394545,0.37951714156465355,0.3548809918829018,0.15179051678268635,-0.0548698099444061,0.08283580453911929,0.454610029741808,0.5877993609260461,0.6749337802532933,0.9767931730592823,1.016059278370131,1.1228667399475056,1.284359914750733,1.3377235846381965,1.1662116687359183,1.1044389785265984,0.8733748996552557,0.6619369523752773,12
1176,3,3,3,-0.3211784447256798,0.4433087942499684,0.4568240512918137,0.18751698532981487,0.1276044006019111,0.3453442609220042,0.4357768308410116,0.43309948422553884,0.5712944286479313,0.8027653589979434,1.101675344496523,1.1142195636760175,1.1577867056227884,1.0304306693560399,0.8749937681211808,1.1884049226248152,1.302763361631068,1.2152613702647128,1.1495722462999187,0.8239644174889851,0.7220714259982154,13
1176,3,3,4,-0.16465212506021715,0.319861858147152,0.4209053736040765,-0.20467696873970756,-0.570060321287934,-0.5341803129358363,-0.19884680343004463,-0.05954234107214045,-0.2874739856994525,-0.15887035334150346,0.13345428908805793,0.09947110536058315,-0.1062169723697784,-0.01890520407917895,0.1410873387984919,0.2983487649330279,0.4262779107994059,0.5456089032474234,0.6225601183026827,0.5111777535777986,0.0607664013921453,14
1176,3,3,5,-0.19906161552730414,-0.3008647599538899,-0.6282484612173153,-0.6233359603682929,-0.42397162155585844,-0.37202618253220743,-0.553844959431505,-0.358382288486822,0.25607445025820597,0.09653863307480473,-0.24403331178580234,-0.1212739104857441,0.21885694638418685,0.3989953005550848,0.3662349887826666,0.4473624280015364,0.5789031781806264,0.899653650412033,0.9750166855995024,0.8982432302048746,0.065541821005439,15
1176,4,1,1,-0.18932159135870658,0.01636919959298616,0.39416965798885273,0.19254875516182385,-0.1890393346019671,-0.4059991028714074,-0.3940636494844202,-0.30164305220311166,-0.5241972437103768,-0.6346268167674778,-0.6335651111152316,-0.4474540389688149,-0.21163362549214373,-0.3368194239113675,-0.2762296568074243,-0.218543834080191,-0.2105209539907772,0.022169936468440204,0.22996024419884303,0.1031862991308711,-0.20076266714108004,1
1176,4,1,2,0.03346874983085035,0.229412281806903,0.4830594939870688,0.4522244012534231,0.23958706085589096,-0.08083294841288047,-0.1845041852475236,0.0973480065974911,0.15670288172798386,-0.0251969249117554,0.1540129145056319,0.3482239197091054,0.4052871287103139,0.3787370416563966,0.045431424206074045,-0.1325719188630238,0.12873622981861954,0.09142036328351891,-0.1015777207310736,-0.0253104209591816,0.1346828889411916,2
1176,4,1,3,0.1754662467040109,0.5342808299636637,0.8218361338107564,0.9328290049247747,0.601421633637352,0.3352086666995529,0.35198130236249187,0.10617708300415524,0.2288077460170088,0.4710087961971084,0.11228814871799644,-0.2186467012672912,-0.30108195491659756,-0.2139309831773356,0.0774641150103827,0.0441008418820198,0.1273617483419011,0.10232424546613919,-0.02984323359406535,0.15287430725244355,0.2205963988518233,3
1176,4,1,4,-0.0804554889133738,0.12297532124077529,0.23913964620664635,0.13756263525080203,0.1180727020598246,0.1434388105972357,0.3053814923556866,0.22900288006719335,-0.21519834324736808,-0.3260747625321087,-0.27738095082620556,-0.3778488068954635,-0.15550243582243872,0.20151416063836464,0.10895595073734166,-0.28547572702460056,-0.22097251374349688,0.10432550663771105,-0.045061971533823894,-0.11108545659315675,-0.01923436756702275,4
1176,4,1,5,-0.15860172369824915,0.4617943203066054,0.26343681962678867,-0.1074979877456555,-0.0219305725685013,-0.1343671157868668,-0.2256157915258655,-0.13353687434330924,-0.13110806093153876,-0.26340210934581415,-0.2278804306769784,-0.19751083134034195,-0.26238934827934884,-0.13220547848272018,0.05110514683595985,0.21853984959405126,0.2406514539037978,0.090725754588223,-0.02467447719396295,-0.05367891700123175,-0.0374073187032479,5
1176,4,2,1,-1.286993939438488,-0.888500323182968,-0.7222873931961735,-0.23261071321763185,0.2596847471354369,0.1659215976979959,-0.0771555735212273,-0.11458392391978339,0.12691136233540506,0.2824875993785809,0.2902472949769661,0.46041638578905836,0.5513703978722339,0.7324782256201724,0.9884539038493234,1.1596952701282897,1.3459323626369044,1.0696622033456797,0.7932906669623399,0.4972224375356697,0.27008212943938925,6
1176,4,2,2,-0.025512182398879903,0.1125029570188797,0.1462320784919292,0.08657866164157224,-0.0066241397620346,-0.015486429242874553,0.30325000264637797,0.6905496801627586,0.6705809770483796,0.5854955213549768,0.5285565527999665,0.44182184804512137,0.3296296689273784,-0.01921042878987604,0.1479935630944943,0.446150879950971,0.13811029425852317,-0.13755888347949952,-0.2464974080290687,-0.43436696772757954,0.1871098123005758,7
1176,4,2,3,-0.16653142883203714,0.05248530157163314,0.2608470689379175,-0.05187767356299984,-0.26436063619327993,-0.0949978245483802,0.0868471463308287,0.09977276098978519,-0.25623981282400354,-0.5083689855913534,-0.44476000519355163,-0.17857600411809368,-0.024892696771135342,-0.02556381790267955,0.17032766809711547,-0.08354288840039845,-0.23023595699188856,0.0822549459191164,0.2326575367146834,0.3200549906103518,-0.0512350155879184,8
1176,4,2,4,-0.1626031699898547,-0.034687994245225603,0.118396450821308,0.2344229494073701,0.49631727452990493,0.7160187914575026,0.6626953517098217,0.8620737736736602,1.2974723301195619,1.3417760404549652,1.1588603713151668,0.9944762559239708,0.9375884998521536,0.8278677679179234,0.6497757129578843,0.7211358408940203,0.8981174138528767,1.0030985156747574,0.8644169717862953,0.9311767638536522,0.7259197955983857,9
1176,4,2,5,0.29998457372566134,0.7826355908742606,0.9919771389183257,0.4427492325619933,-0.08310608664212496,-0.23104107958929143,-0.2250396286527726,-0.0321637640297186,0.0176565251090057,-0.1704347521133833,0.014231169124655108,0.3220081871117101,0.3867460696654025,0.2979843521383319,0.17560360586439586,0.2960860214664539,0.4446010443542277,0.3889496334717893,0.32631082735154704,0.19078108625864448,0.23182598734845572,10
1176,4,3,1,-0.23988922854491623,-0.09550582064613256,0.056275023985374296,0.07392704647260205,-0.08489362930636644,-0.22637553343748165,-0.2290533963896416,-0.3186924195751612,-0.32131447921907247,-0.06761893376740741,0.1573869012666394,0.3459421079657081,0.4373158467012632,0.1620641702434974,-0.0696195956643779,0.044673198012045806,0.232569363140416,0.18146535450457144,0.02097158953694875,0.06260380125858114,0.0061115683268545,11
1176,4,3,2,0.3403311968231427,0.4412070927266013,0.2811014615767093,-0.28642733014902777,-0.3858063940240072,-0.18156033234632496,-0.24606957177971334,-0.18031162979952844,-0.21289156553271116,-0.21268288047215655,-0.09710273905111369,-0.1418452546279012,-0.23717094310411943,-0.4191505524011089,-0.31210714843327925,-0.0800143989800467,-0.004985818472087997,-0.042081576862260495,-0.15765130283378895,-0.22050566798500645,-0.1177862677863864,12
1176,4,3,3,-0.274110674380577,-0.21780209421830532,-0.3607296921822266,-0.3552885611100547,-0.34870568254746537,-0.4643078457038198,-0.5067362649564661,-0.5572499244645573,-0.7879473718101077,-0.6935008972075474,-0.5219502395321269,-0.4145499635521034,-0.2491839095674832,-0.37476150773670014,-0.36219348651374694,-0.31567660767611055,-0.3810682822530458,-0.27051970514846535,-0.17098863605538223,-0.2060537651238436,-0.3916662555870067,13
1176,4,3,4,0.6329872348174463,1.0084795878478474,1.2353961970434546,1.4411900998235292,1.523346971824326,1.4815005621449138,1.2249022516221664,0.7927031105181743,0.8008680276979647,0.8416187551954385,0.6952485681765175,0.6093960805708054,0.6447482317157277,0.7226041000325335,0.7244469261424658,0.6064045911033749,0.5753146211043735,1.0365964168118318,1.227471766395671,0.9204996056984605,0.9372861853143509,14
1176,4,3,5,-0.39327802787744315,-0.2732569865170206,-0.18260661228715025,-0.19396281128291432,-0.11396841069523089,-0.03482350781341764,0.13957747148675895,0.35819124204225417,0.35781902072480165,0.30456370598525967,0.05845804946771435,-0.1102706534550772,-0.16473903861225375,-0.24431086018405834,-0.1662233857130725,-0.04492676186101095,0.02590857142407635,0.17404378365332823,0.1212400990292494,-0.06967811130648124,-0.0226121611895844,15
1178,2,1,1,-0.7938514374666629,-0.13577104937047346,0.41341189061824446,0.0524588198662599,-0.19916837806604254,-0.09078793625216174,-0.07546130292703085,-0.46771549609009244,-0.3639570962885169,-0.0933540942206309,-0.302791043288944,-0.6437173061758815,-0.9361960575455004,-1.2359855224337029,-1.2395142069770275,-0.7689573809501342,-0.68009460874723,-0.9098629444665822,-1.0007695401870949,-1.314369827498878,-0.5393227259234041,1
1178,2,1,2,0.6052887104577274,0.9355221190867946,1.1607745507365312,0.853797042841915,0.6673750286182566,0.9646327183226722,1.1263769573542177,0.8805787498628331,0.92094025757921,1.1114543013961464,0.5635312705945371,0.6001091550088972,0.9539545931516566,0.6351188660617987,0.30911526564037317,0.7855731084201221,1.117591231093921,0.7925892186605625,1.2208128549462633,1.4425799204553513,0.8823857960144894,2
1178,2,1,3,0.44046438055737014,0.6527414967967526,0.5632200114068553,0.1579476246039366,0.029595662697536648,0.007853029833594496,-0.156384957817421,-0.1824873342743636,-0.1532050093446303,0.0488406080356968,0.39868676195582375,0.29216151894492615,0.05621872078696079,0.1776423293341092,0.12802859355292429,0.2841150477293301,0.2647473863614739,0.3064264705273984,0.10754963415125388,-0.22870236701027047,0.15977298044146288,3
1178,2,1,4,-0.6687258777660592,-0.6561049965559456,-0.20969877666357173,-0.34653066760571705,-0.6872827555700662,-0.15813298332484188,0.002608068288770249,-0.45743574017708816,-0.15765284616669328,-0.29404173127359634,-0.744044748882509,-0.5289520484142586,-0.4667223841361727,-0.5774831642644552,-0.41257363045692247,-0.1343860136278896,0.0929537805412523,0.0747310721425543,-0.19710018074623464,-0.26481996505117367,-0.3395697794855309,4
1178,2,1,5,-0.5932481382845881,-0.40162683406946265,-0.21221965133811288,-0.37125070867592214,-0.5413488641380177,-0.4202072662984597,0.1432279540387392,-0.26495863565367084,-0.34211183842920473,0.05076523508472655,0.36477696595703296,0.5952785739339388,0.49544714896056147,0.41885790248809696,0.4099453599077112,0.49914047017533625,0.32475673552827605,0.162318101196227,-0.0560928331848803,-0.19794741147964567,0.0031751132859341,5
1178,2,2,1,-0.6264912345162439,-0.5910986965259158,-0.75313055736989,-1.5180800538723904,-1.498837836965724,-1.7823677062632983,-1.875832413421909,-1.6698025201158573,-2.0979220468681463,-1.5082705189796144,-0.7606073422851884,-1.2101205184090689,-1.2985903881319851,-1.2184202163574347,-1.2476942523202612,-0.4972509259649001,-0.062025945900551854,0.0014934602390998947,0.0809398406452929,-0.4002027904171783,-1.0267156331900584,6
1178,2,2,2,-0.3376590250844375,-0.061011062069793676,0.12911159249342186,-0.09580564055694835,-0.41581223404488277,-0.3105557950332013,-0.19159020245354605,-0.2970868835211407,0.09105799891663297,0.0022965868175431614,-0.0823536650345194,0.37825562294552706,0.38392854937350507,-0.04010915103713951,0.41691093124552164,0.7982590937114408,0.43451407002694387,0.17745476006713776,0.023184225658163603,-0.0638084043627049,0.0469590684028761,7
1178,2,2,3,-0.2076294932902986,-0.010299060195188045,0.22757809622410785,0.01759961929767731,-0.3169026597849157,0.11990759916158678,0.32256699804424405,-0.09225737013537169,0.09948940037153456,0.44842842441117825,0.5276223792528342,0.4951121502981249,0.7315918054438901,1.0836522493538514,1.0708446023535139,1.0103941480178478,0.8312118787795636,0.5006065894028062,0.35704414975475357,0.5655724338557477,0.3891066970308744,8
1178,2,2,4,-0.01401958071624243,0.19212540721075538,0.38136557590998443,0.006288339381107552,-0.19644144179674594,-0.30076731197381856,-0.15028635737174684,0.4093063090676579,0.6826422950723094,0.6670501914368123,0.5927206727304739,-0.05148273717132751,-0.00820758906218741,0.5075251571771926,0.5723948602718787,0.7746799742485082,0.8379096551978886,0.6441527433613523,0.4716710495048416,0.004154665267395968,0.3011390938873044,9
1178,2,2,5,0.11795218557431544,0.5352361048441616,0.9118484778803543,0.14748460330602262,-0.3206083926250422,0.10471957599893805,-0.026725979269434652,-0.4476688653503176,-0.61731419619489,-0.1482892484058384,-0.030027848345444003,-0.2496899657502714,-0.21207343637160084,-0.3610943131609226,-0.23925022804679635,-0.831807077239805,-0.611758631864222,-0.31417820489232084,-0.7734691489081256,-0.9913177976756399,-0.21790161932484395,10
1178,2,3,1,-0.7208313477246426,-0.08554230349336722,0.32775811515551173,0.3458494211438395,0.48812082570188936,0.80733104629977,0.8558391530927958,0.6359989946309328,0.4816072046199308,0.3821476451890111,0.10205273655381103,-0.038074321303470146,0.25666491927994645,-0.05294691637456869,-0.37969085133800884,-0.12446675833793308,-0.005041010499813599,0.035515822224802,0.18972632748496865,0.4018854430206672,0.1951952072663036,11
1178,2,3,2,-0.8545905730660532,-0.5195019435687102,0.2958078199073295,0.5455199491872991,0.014448104904900796,0.11794102548340038,0.09430746017010232,-0.5004585520378905,-0.33271779646129057,-0.0094414661737265,0.07592067421003085,0.26196854977212175,0.3496800547685102,0.29512437892163856,0.28137674134297397,0.44838666380457043,-0.05625461119172187,-0.2814247046460088,0.0069751428848671,0.17076770145562015,0.020191730983398153,12
1178,2,3,3,0.1573229996201716,0.43100499990253055,0.5826330523821173,-0.05291537220985024,-0.4974530835594083,-0.5819309152012764,-0.36572991960582824,-0.2678066452833494,-0.43597877209219815,-0.41093709098373804,-0.31945386192338343,-0.8234329595777001,-1.379176214381201,-0.9398883423514042,-0.6928892572258997,-0.7103469142493506,-0.634896282635903,-0.581525007606945,-0.6000269139564223,-0.8952365513957152,-0.4509331526167376,13
1178,2,3,4,-1.1277423745184347,-0.8234567670500317,-0.13645497954550284,-0.5506481178067516,-0.5755716139773721,-0.206191379815901,0.03247522514477355,-0.4296835044907842,-1.196854174075381,-1.4907759258354747,-0.9079510814488541,-0.26760536278050095,-0.02138434555431809,0.23714635173847073,0.07292073853178235,0.4380993188531872,1.1397212712647626,1.2752211952372936,1.1679519493580255,1.0516204920399266,-0.1159581542365542,14
1178,2,3,5,-0.48498514491813205,-0.09448976199961695,-0.1422062758021625,-0.3751990197817002,-0.41882088554028424,-0.3497349090629968,0.047813465880590794,-0.08710217534068321,-0.1674926234220691,0.37068454632768694,0.6354135790333739,0.6639027761040184,0.6566914031305835,0.7218649019142487,0.7410125569022519,0.66822845957514,0.45526962554690437,-0.09877015567290615,-0.32980687188410884,0.0610080195881651,0.12366407552891516,15
1178,2,4,1,-0.048921669560993496,-0.013050946623949799,-0.32704110983440204,-0.44839910142464384,-0.2366938206759632,-0.4088913552874487,-0.5805891639059705,-0.5649481597191305,-0.6318917765225172,-0.6804214682909455,-0.5589036891466125,-0.7889742865604094,-0.7033007731366224,-0.10976847704400824,0.12455743578170025,0.7527622196563265,0.9108903987784582,0.44265255862433806,0.22213743411893638,0.010119345146418001,-0.18193382028137206,16
1178,2,4,2,0.0984545633780116,-0.05379528031221245,0.1678700056677519,-0.12205065858890257,-0.9222619302753856,-0.6311059627917417,-0.5394173961591823,-1.0710427250441277,-1.1836875167231673,-0.8094175589879592,-0.7291076160768069,-0.5514378823628402,-0.19897509415169212,-0.19569318423543913,-0.4842916126354,-0.8825646722139073,-0.6568158805114581,-0.3191876648005101,-0.5011701149486285,-0.6401983821882633,-0.5112948281980931,17
1178,2,4,3,-0.4887989044963273,-0.3079049119210239,-0.3430200970113013,-0.6711917735918617,-0.7695818873524357,-0.5368736718041804,-0.39060106449877496,-0.29246785531412645,-0.2837026507780882,-0.3338264581243786,-0.14375859647587894,0.02493653612642245,-0.18447995987785265,-0.2517412817725933,0.2241081568476469,0.06535704554620511,-0.1983041870571292,0.02063202245822165,0.6214694662101699,0.8930908157433584,-0.1673329628571964,18
1178,2,4,4,-0.49178730619147654,-0.40909761962916685,-0.45201965403638344,-0.6297163211485858,-1.2487865819354154,-1.3235644351996232,-0.8955133571557675,-0.7656253370323508,-0.36641610587308393,-0.2631217429585082,-0.5979796182793071,-0.4162483744917158,-0.2525471932889968,-0.5695176763129864,-0.22377413846573532,0.5056011153719687,0.5239845292847608,0.35500042802302,0.3708576593106783,0.6283683845453755,-0.32609516727316495,19
1178,2,4,5,-0.299404283223832,-0.05499302302207254,0.019687106570555918,-0.18283995920548107,-0.2851441286773404,-0.5328679153959329,-0.790531520877938,-1.0705386903681524,-0.7313265809585799,-0.5233147386586229,-0.6823101422735528,-1.0116660695493203,-0.7949522270043567,-0.437192745277583,-0.3780343778098265,-0.17050890425487575,-0.1544432432598009,-0.41981661861635444,-0.23145805421757212,-0.6516936798305796,-0.46916748979556094,20
1178,4,1,1,-0.9693947545891403,0.16750483618315992,0.42683331888874293,-0.2477473393912956,-0.11182577981768539,-0.32225482526721255,-0.6315258051955164,-0.633913585688114,-0.6603508107907126,-0.38028866121376703,-0.11973311393733645,-0.21938805919064486,-0.8503766850479335,-0.6668065876620338,0.06796075082380966,0.2658880739950236,0.1743982062976308,0.06977594884407945,0.0634052974941699,-0.20776000396287056,-0.2392799789613823,1
1178,4,1,2,0.17444334453678909,0.4496454289211267,0.47706760154636085,0.42962573219275824,0.12580387332513648,0.44058764562718705,0.8695994183824034,0.10819774502184845,0.06940027026272119,0.5343977475708555,0.22594119784550676,-0.34231768234153526,-0.1659474948074176,0.1369618020579201,-0.11478376070197639,-0.2285222027123729,-0.31842370877450094,-0.2848015742883199,-0.4741787370045758,-0.05194761454613711,0.10303745160568889,2
1178,4,1,3,-0.2813413095406341,0.0012242677282317538,0.19780777258715715,-0.5679655194805916,-0.8270608322064449,-0.8714499822496378,-1.1368461808708124,-1.3907852037873978,-1.2601700852396804,-1.331280224067182,-1.3863798310130107,-1.2141592217712012,-0.8865905314335386,-0.6667744675511789,-0.7327514296221346,-0.8473773230508039,-0.48291834460105487,-0.3474282930061196,-0.4742602571768386,-1.2970252155619577,-0.7901766105957415,3
1178,4,1,4,-0.3330252845834343,0.10319724203606093,-0.2031957831373587,-0.5909585286746883,-0.39959437850928026,-0.6966133252835404,-0.8145468532225096,-0.8854917023858506,-0.7233441549427133,-0.7818100663726659,-0.8472329385375192,-0.9369843838151076,-1.2259364013878735,-1.5164330809084405,-1.4698030331441712,-0.9760923712280675,-1.0845191889932289,-0.6292180406781502,-0.11540570049128485,-0.5359748147212171,-0.7331491394490521,4
1178,4,1,5,-0.4171530325778114,-0.3143291748108167,-0.44320918076661187,-0.022213683764904818,-0.2154772518762611,-0.9410110718251022,-0.9996805700556717,-1.3022280263387416,-1.5706701151247766,-1.3443447710065295,-1.2438875208608808,-0.6695194425068568,-0.5810971465488853,-1.0941619441334538,-0.894426515375768,-1.563971239783263,-1.9236764907588293,-1.7702884337284812,-2.248240704909956,-1.6213601777213427,-1.0590473247237473,5
1178,4,2,1,-0.3939511507003632,0.44355793385300857,0.8160985987354653,0.4400134949746859,0.46870829979270356,0.49532092638433023,0.7171390290631945,0.5505509640699913,0.44834904808555104,0.8897675078761925,0.3795698478729531,0.012799038816721009,0.26575210425889106,0.0625381019550029,0.06358654720250365,0.10298722124346214,-0.0850071289265758,-0.002902696920074055,0.049768286517655795,-0.10493004627438385,0.2809857963940458,6
1178,4,2,2,0.12019779606322564,0.0622216937581076,-0.056513440128557454,-0.5346658674307473,-0.5552275697901349,-0.6067835332741713,-0.9649254314596708,-0.9774085276939861,-0.47863729816128137,0.00451902652653065,-0.10031778077715464,-0.3484292670112088,0.0756721521094928,0.36487624822904197,0.061291499875672645,0.10341901458586211,0.34858037453318447,0.6412899538429094,0.6761169324457712,0.43685799684574383,-0.08639330134556845,7
1178,4,2,3,-0.6941001647438159,-0.07152610996739098,0.5413764511052386,0.02199739958045882,-0.03994321301052911,0.347019547920109,0.24576813078395382,0.327677338681332,0.1078540985930117,-0.10232729675798599,0.0237657805503695,0.23149319092988674,0.12728766510938364,0.03927206333770769,0.3907375678430633,0.9551259852810283,1.2457882876030135,0.850324935016507,0.697429464292891,0.5849525128173602,0.29149868174827964,8
1178,4,2,4,-0.21520219901969628,0.06452345762298506,-0.2896617258334969,-0.9747439269142474,-0.9818824903684129,-0.7914172887142641,-0.5744815185634484,-0.5297808316405587,-0.6334078000887002,-0.5814751041273396,-0.6360593412273831,-0.5448620591817507,-0.154614034056238,-0.001773322836138,0.2704731648880187,0.23409012910349788,-0.0844681700972766,0.0891275588888168,0.15224282412129975,0.1530507725868638,-0.30151609527287343,9
1178,4,2,5,-0.1945019678751819,-0.01863088796618495,0.23679605670538584,0.2472841970657152,0.3563284680754738,-0.31957511918085824,-1.0916700076989199,-0.7411592860355418,-0.7379684644387992,-0.6721635252616018,-0.5020886178272665,-0.6323790275632093,-0.29252435685519657,-0.18849434377454746,-0.32662039054313163,-0.12705397637467744,0.07324954266487985,-0.01918186263910375,0.07512078746821116,0.5966915022475361,-0.21392706399035089,10
1178,4,3,1,-0.20449649657900104,0.5652130913972532,0.07534709065953704,-0.09350084681633661,0.2532075265874755,0.32129886539039687,-0.016689453537638843,-0.4234456151200894,0.18513875501710536,0.49694252391430443,0.03880689224255025,-0.1925687440161482,-0.04252966791401985,0.2323014428811549,0.744288391474384,0.8126309525106796,0.6116170819099815,0.43123187618312986,1.010270562088429,-0.6640884687453587,0.2070487879763894,11
1178,4,3,2,0.09517123610874778,0.5792017904547893,0.45873705034146295,0.024516878995615304,-0.28947690738144394,-0.2013439946697695,-0.013921226831077715,0.1265290233748128,-0.011638995093464197,0.19971716937195536,0.5630484572398755,0.8318360178262618,1.104639239540653,0.6004648546004546,0.5357160350471469,0.9788404813833562,0.775194984679238,1.1051492586212515,0.9576795514355247,0.7039440406940038,0.4562002472869696,12
1178,4,3,3,-0.6366922819090562,0.22710281590537576,0.2432388665452938,-0.36665157990425457,-0.27400936382130203,-0.4018450706145413,-0.6686525650541446,-0.6072306543263231,-0.5543718575487319,-0.35567590907572033,0.08415029026738127,0.04027787148401424,-0.3470635539562421,-0.0486411698204971,-0.14341863148872253,-0.35033897485179316,-0.11519410807462324,-0.40424867589398905,-0.3390671992532439,0.00036583250740580137,-0.25089829594418567,13
1178,4,3,4,0.10899678064189575,0.16365307085357955,0.6353158516650742,0.8077211060533267,0.7699398594679572,1.0379944387057778,0.9710350970944455,0.8964549071211785,1.20643911479596,1.4759735909324827,1.513694759512799,1.3169974336839543,0.9222539040022953,0.7012892905266689,0.845465842520355,0.8580906413672118,1.0291262428313956,1.3790676926444414,0.9944786823709308,0.7229484665904237,0.9178468386691077,14
1178,4,3,5,-0.35219520316446506,-0.06979811987711265,0.02947629814070115,0.1516047623016144,-0.010343972687203051,-0.0791986864452266,0.2624972834546604,-0.009404236622312365,0.004392167471739344,0.17766353144128086,0.23655043667583037,0.6711277276160064,0.9421601090639606,0.7813432774929988,0.6406558681133596,0.8601912324711416,1.2883494768508443,1.072045967628087,0.6178406300063637,0.7312673433329395,0.3973112946632604,15
1178,4,4,1,0.1462530563437126,0.0708566328270675,0.06040621097163765,0.08139899938868815,-0.08311475740332495,-0.21183965148922365,-0.1259072438339251,-0.30445036713296136,-0.25690983848627597,0.22456337241192526,0.03385894485075615,-0.2511943774554423,-0.04480428146567854,0.5886264880426904,0.5655077499300876,0.13895242500963265,0.26414498183502333,0.25335833450196765,0.3107740832162218,0.7855781870691727,0.11230294745658756,16
1178,4,4,2,0.37319869375190984,0.6598084790266665,0.5631558842796639,0.34175176369116794,0.6104195546532055,1.2377223306149214,1.2549992336074949,0.8881020836328999,1.0865555043176736,1.3840393599482774,1.2665490883023263,0.9620189953886347,0.8047529406538756,0.7569991087526131,0.9103154947661605,1.177068674370451,1.2694272547808731,0.6610807180580092,0.9529963741166214,0.8756847811181152,0.9018323158915781,17
1178,4,4,3,-0.7457462275409245,-0.9118160576080308,-0.7638820124695257,-0.5993414076349614,-0.07903522058841503,0.4296381701054736,0.08544028075048332,-0.4820158666613249,-0.2809138795564796,-0.012917349897008,0.22958869598260695,0.6418497502973511,0.502122659666739,-0.009295118922156204,-0.12006652038323828,-0.17510072231313611,-0.2819478673253744,-0.15379676049718066,0.2641216459101603,-0.07332985924586599,-0.12682218339654033,18
1178,4,4,4,-0.27331986968244437,-0.34935436538165276,-0.3106359269333374,-0.3355979582845154,-0.15219080490732884,0.3240811634941469,-0.04779789015375771,-0.5088327753988486,-0.13001366126123215,0.11593042655506744,0.056791436599198705,0.24072010306474764,-0.29072535760515256,-0.639152883641869,-0.24381036440997075,0.0050093328617377,0.19550177298953014,0.0897649670611043,0.06686172924167741,0.2242717990601727,-0.0981249563366363,19
1178,4,4,5,-0.3996223165231195,-0.09415703293415165,-0.27623814229114074,-0.22553056188842932,0.35522091874728534,0.3604852947278512,-0.1117100277560937,-0.0028557609478353507,0.20575085919854164,0.3107599913936726,0.5620098087477695,0.4256486119305347,0.10828754957838614,-0.0757780872742626,-0.1545062974763953,0.47106742328465506,0.8879161976633576,0.6849130715170864,0.5568234540350342,0.38092257090263193,0.19847037623176889,20
1179,2,1,1,0.7074176917021818,1.1569915961428063,0.9463984193752729,1.1070156181481914,1.3157987936202753,1.112384676276645,0.8241632770418069,0.5811266347524758,0.5441457634462692,0.5151635194166584,0.5320358587442158,0.2873487939628843,0.19268747349446155,0.28753239197731906,-0.07921412863900551,-0.14937535501491375,-0.08133321868369385,-0.05860689484164295,0.032092683874181,0.00010346924647770123,0.4886938532021433,1
1179,2,1,2,0.9517719608335522,1.4736102736183865,1.2989345077715573,0.7997752513915823,0.8481421860536474,1.0712453815049312,0.9038813325141584,0.8300128329016285,0.6665050104387336,0.6985189658159575,0.7540678583830172,0.6585952686024523,0.7874626758891786,0.7554297277635298,0.5299904949024107,0.4559935881562543,0.44937787824995945,0.391384167442277,0.3303322927666082,0.24037563698253955,0.7447703645991182,2
1179,2,1,3,0.18774809629719746,0.3221699259519093,0.2100911618170021,0.41393540845732646,0.11405182580099776,-0.02947176754025245,0.23891403105829895,0.031211993196668397,-0.1955835005495396,0.0899981569978386,0.49132671181859255,0.5352864479451527,0.2871123019255712,0.3230196683788835,0.4109683969697896,0.21220545984102818,0.21324042159464265,0.16824112039027989,-0.11761472713300176,-0.40407251602919264,0.17513893085945964,3
1179,2,1,4,0.45397111876721435,0.8171065945916376,0.7266054588702962,0.6743963194601903,0.9292468408083341,0.8970696378823451,0.8342131458656401,0.7460338175283989,0.5519776642462308,0.5846089515405588,0.518351088747935,0.467148928863529,0.38285596917560544,0.12692293924195117,0.09882578159638365,0.17651639036955147,0.26955150255875354,0.1411947425720775,0.20947661067800738,0.4136064292621686,0.5009839966313405,4
1179,2,1,5,0.2459399886476667,0.4247423496708232,0.45829730940783253,0.2963895167370877,0.13882307531932309,0.1363236965089055,-0.09908381671659065,-0.3270051980099856,-0.05772770237610489,0.11400027378296544,-0.08923917100982395,0.1093189516425917,0.32446517187847834,-0.1512726140268847,-0.3533126004808378,-0.1765066148751385,0.07828325135752129,0.16386599591671064,-0.30340646416905814,-0.5032876538873343,0.021480387265907397,5
1179,2,2,1,0.10309445608763916,0.4303772291771564,0.6233224237865655,0.10254344990979875,-0.30220603387414285,-0.02307979945171175,0.06161843671389275,-0.25604061321291793,-0.35045485205769455,-0.2660711836054812,-0.0891969394702169,0.4191720535478743,0.402110244389328,-0.24858676870610805,-0.3051804165328375,-0.051988734194855044,-0.111884897105488,-0.1577260323114891,0.0878952455253432,0.18704910813169573,0.01273831883731745,6
1179,2,2,2,0.2837687391280919,0.4736243717237538,0.7172043313576602,0.7203383204851257,0.09270485376360135,-0.24717057976530202,0.07555330117161235,0.17891649283055505,0.178970904282816,-0.019036156792007597,-0.124420194477792,0.08770925844952235,0.32900824429527437,0.4362139344963637,0.3642468106582996,0.43395869482138866,0.46257795071532204,0.40810002415454616,0.5584399329247793,0.5002858021371337,0.2955497518180372,7
1179,2,2,3,0.5919871406272215,0.723509755476166,0.8531417902207457,0.5832609744168942,0.34223621498231416,0.3852631752032563,0.3073164580733054,0.2232160209539531,0.10608561376433655,0.029805809067921348,0.0359959515845717,0.2127258208014348,0.11515533360320106,-0.20761010380378145,-0.28151315816857425,-0.2120691697338564,-0.19687190364177143,0.06818222989937275,0.24918115869578164,0.004693489560771147,0.19668463007916315,8
1179,2,2,4,0.318392017008949,0.3479812074979147,0.3962117199472736,0.3316682086602521,0.36241012372191733,0.42329860611733394,0.31895212736545975,0.46064855075788075,0.5069598167459479,0.2820204106112642,0.530101431952164,0.4752651175782038,0.09900864022853835,0.1503363498348895,0.26609217440599764,0.2094342733061308,0.24462100345607996,0.38960267898042433,0.34864863320451267,0.13916388509870775,0.3300408488239921,9
1179,2,2,5,0.32837136525612926,0.5039946642302514,0.2880918607359144,-0.1163252520099223,0.011430487403085804,0.2462967055102649,0.1631271120963441,0.0804910837433739,0.1565360234511674,0.2676642496926165,0.39302872938357547,0.5330231206062047,0.40250240501650014,0.045330552636547644,-0.0998566835362997,0.23425460762123845,0.4461167357893697,0.11216638151640879,-0.2589503139655287,0.009916279059316607,0.18736050571182788,10
1179,2,3,1,0.7843281648553984,0.8818955577686625,0.7043939234390854,0.6806324716693571,0.6654927489105917,0.49563503499546613,0.43037648985058063,0.4013202944466008,0.23939948219648774,-0.008833845422017997,-0.019982069384407254,0.01803750071123704,-0.08257673466299251,0.08350927655236196,0.3413490273040376,0.22028237589692812,-0.1292051947689183,-0.0038085687449140593,0.2370211426021949,-0.016622624847953044,0.29613222266838934,11
1179,2,3,2,0.3314837822496692,0.7723133394423413,0.5700698258985267,0.3392342904585957,0.3946815633524252,0.2288834520528515,0.16375638959698374,0.4318319334627703,0.376632172615727,0.2186201057516301,0.10154280609031155,-0.2579629330501795,-0.20709133854215125,-0.0443010998409672,0.1379015991813847,0.3980990213785499,0.3265329932159606,0.07289430741739206,0.13370892526601894,0.22549718551471185,0.23571641607562754,12
1179,2,3,3,0.612156309846357,0.9843165134770053,0.8815063784165211,0.8993245860995058,0.7738018362936642,0.6677261639267429,0.792082080857484,0.8101002879013148,0.9551151089278423,1.2135069844463513,1.1669764221193568,0.9263561554419202,0.7007710430982462,0.424554495880038,0.511281328006796,0.7600220675393748,0.8009115094851583,0.8615036061049368,0.9327307740642725,1.0673782329344728,0.8371060942433681,13
1179,2,3,4,0.42775591781596395,0.9074497240842567,0.8008047105753953,0.40169772529228825,0.28086632550351687,0.4120486494568182,0.29289378123934084,-0.0271511107083328,-0.17225688680059087,0.0251010291707625,0.12706726504780722,0.029591654253931503,0.049174457933855,0.12754201041711388,0.2158790966767407,0.3393305366281612,0.5763459401066674,0.4526210928711587,0.24536115038785017,0.3740625239856298,0.29430927969691667,14
1179,2,3,5,0.2545142148650024,0.9702878228324381,1.055540855355889,0.6598249782069148,0.42880643611800684,0.3071876951541108,-0.05920884270948845,-0.49122719801666204,-0.87571381702752,-0.6997321379939361,-0.4573116815208076,-0.7964036908155783,-0.8737469420752912,-0.731733375941775,-0.5243242598493165,-0.556277371196024,-0.7546897156725637,-0.5444830581039368,-0.4403042249062413,-0.5255936233448084,-0.23272939683207935,15
1179,3,1,1,0.2475942877876356,0.44590282977179263,0.7756460750325844,0.5813007436871245,0.29787223351565534,0.34066888032707693,0.26552401625992983,0.36074612474378837,0.640498786450519,0.6746003466701949,0.4415114756783479,0.31832709345777005,0.3322583038289816,0.43836299898440256,0.5009127348005904,0.39813973335712805,0.30504445475236935,0.4109839805333992,0.30211000838941415,0.10866509042514436,0.40933350992269246,1
1179,3,1,2,0.4887295743594767,0.36763415648028885,0.21229419525541585,-0.20306292070198578,-1.0310532363854072,-1.5358975413762186,-1.118946512407617,-0.43334168620100405,-0.032823982519519845,0.1650965876481172,0.08338023556339945,0.0978264379385403,0.5482883214003875,0.793761954944042,0.704050747204475,0.5471305719956028,0.3520038803089859,0.3061731392803906,0.26589721982349734,0.4360097135923551,0.05065754281016105,2
1179,3,1,3,0.11733200219808855,0.257847907577197,0.49614856261241025,0.43499562648846024,0.12416021714758199,0.09254779395861125,0.1045594455893772,0.0918849080556988,0.12910396485935816,0.11826668750462044,0.0451432520450464,-0.03058823409496285,-0.025217289415502248,0.060160064998902606,0.08600064123741799,0.2375115898215876,0.46097535857041483,0.35228608901062686,0.2773144558390631,0.1998068655317895,0.1815119954767894,3
1179,3,1,4,0.36857698074370626,0.564774792632396,0.7384496451795992,0.5369069047719282,0.5392590818961792,0.6003301778137091,0.49264406439312675,0.5802417405648856,0.47510283650323226,0.2748465350379914,0.27969024157781913,0.4180856171466773,0.5498857034402285,0.5129364288459102,0.6090521675296554,0.7055164209370322,0.6035997081696476,0.31883543150531285,-0.0490656474646818,0.10783782248458454,0.46137533268544695,4
1179,3,1,5,0.33354985848057084,0.7122234388827675,0.7460641705290316,0.6077796174326063,0.3900437087689812,0.5814546653075823,1.114178238364355,1.2061080031355456,0.9677420985405814,0.9193414111035667,0.9223502412921114,0.947139124832874,0.8606570025478157,0.6828080345269079,0.7991796779098433,1.0031506956148446,0.912240703901732,0.7678873979942764,0.9003622908900126,0.9969717583356289,0.8185616069195818,5
1179,3,2,1,0.40585492004587514,0.20023251801648229,-0.00561991834475075,0.2044946534934658,0.4321613700176436,0.3628574774863295,0.33439857224560343,0.48149719857574136,0.6682097041127741,0.5831837509206196,0.3688058791799502,0.4341350246204667,0.3236019651159076,0.37499133407357216,0.513968227561793,0.21713150565882586,0.22220835394994895,0.4194999726538168,0.32865621366775816,0.36694730913752693,0.36186080160946754,6
1179,3,2,2,0.5940363762532073,0.6931653685802398,0.7627155220840397,0.827282542938518,0.7712934053665069,0.7707729042592485,0.5168201494381907,0.3633446666091163,0.47439376633225616,0.5865761367185984,0.5119647093242284,0.5494635952951136,0.8561145691072878,0.8869508018797292,0.6190117851534694,0.4561937599438546,0.3881797103855933,0.6073286283258107,0.6329014930069942,0.42306387227288766,0.6145786881637447,7
1179,3,2,3,-0.2519286597810723,0.0329756420790302,0.3986339567287809,0.49976361668663644,0.3640596141218494,0.19696261035130816,0.19305777002625635,0.3488803724921704,0.1882084485406139,-0.2405363418143368,-0.3165538027455878,0.06362808706190759,0.15785620051049246,-0.040285209690446896,-0.08933893917406135,0.22674995765182787,0.23403675162281956,-0.0444777140096409,0.0025903797853729996,0.12789759341506854,0.10260901669294946,8
1179,3,2,4,0.4609358808299262,0.5703401219641975,0.6306193333400283,0.534451819251997,0.4477016288157177,0.3492178737564733,0.12447045638216249,-0.02377414116612505,-0.10262123323842526,-0.1103832698144752,0.02227891293294425,0.085383140841439,-0.12337628722184174,-0.4395848879535156,-0.25252496100353594,0.09087464796112835,0.1293953550741204,0.235057518063304,0.2754641728377609,0.08181110594145395,0.14928685937973665,9
1179,3,2,5,0.5822215059210013,0.8447521413498049,1.1084536117011865,1.048634324810204,0.48637031688453747,0.4885239756137174,0.6858975873701763,0.6447070295124666,0.8011453533114063,0.8259502419988524,0.8834935151075763,0.6814763955240426,0.40463797424875436,0.4009822400830738,0.3910174768124878,0.5148852624920688,0.5055876488077806,0.3588406491114132,0.5198775347931833,0.7851050533435768,0.6481279919398655,10
1179,3,3,1,0.44720599776576386,0.7380172779710505,0.5707683307348734,0.4548280321117676,0.5496960005487985,0.5221173832493715,0.47742307797268335,0.4990534421023974,0.745599370319427,0.7508022059580328,0.7010445572079704,0.5632117216616526,0.10263379821025155,0.15878392832490684,0.1268048859683793,0.23050970363503173,0.5685301668284168,0.6355894126248192,0.6173083972816615,0.3945586251213764,0.4927243157799317,11
1179,3,3,2,0.6851542280968353,0.8048163165264788,0.5823250825193622,0.3113311835763871,0.24183505511466835,0.28901118735211495,0.7302511405918266,0.9596337891697491,1.001291910749524,0.9039186441520596,0.8437696101270608,1.038192237521589,0.6808353515615297,0.5526484442136554,0.6868566176198518,0.49792828257613775,0.5076342728535339,0.5318679788805746,0.578681356974857,0.5427103864343968,0.6485346538306096,12
1179,3,3,3,0.40633200728030217,0.49349597286787983,0.42006990186972715,0.49997537420078586,0.3338053087804016,0.35301224977187495,0.6060495091978659,0.72536741783201,0.9658823317431513,0.9467704820549834,0.6762024166915763,0.46210735375771517,0.34625157397121586,0.24617436668896447,0.22691213975680746,0.20612252014817484,0.13875594084101767,0.2003838105187218,0.2116300674670763,0.1990121340881583,0.4332156439764205,13
1179,3,3,4,0.3418013868327055,0.40450417350288065,0.2817735734353825,0.1967192206295279,0.35963724949085624,0.4832331813821119,0.3106915643417892,0.21968735831859237,0.25059281517721577,0.3485464841662397,0.35958211063108947,0.18337421233688203,0.16388559547400605,0.30968899680106954,0.3123083264460806,0.22633091941510775,0.38595365214643035,0.3793806484867057,0.005000444972667398,0.17962679412179058,0.28511593540545654,14
1179,3,3,5,0.7700343937555597,0.6088777414587753,0.634275070760835,0.7753549197813965,0.839119777200344,0.917482630013769,0.8244594194710877,0.7967421892970956,0.9083484444982028,0.9422329888467366,0.5211043740303531,0.06144719999206421,0.0769393606230356,0.24152312618195032,0.3156474712102182,0.32448253885593603,0.3525333348000575,0.4760075765701596,0.5948889656179572,0.6601383566022088,0.5820819939783872,15
1179,4,1,1,0.38216155158517584,0.42384353157710253,0.19105056525015995,0.2747375095798307,0.11446543506058884,0.11648986562951019,0.5104509387223755,0.7433813810794392,0.7382242533311932,0.8032126685954624,1.0775789523903125,1.002800489714737,0.8955791059861968,1.0794134826781387,1.051490180950202,0.8764199597929581,0.6816064592787039,0.5413754489514986,0.3729983707734711,0.2214753301589924,0.6049377740543025,1
1179,4,1,2,0.5035649844653309,0.7910455057654682,0.40320416340201526,0.02717797493386245,0.16386661774643513,0.11490207752725931,0.14002925669254235,0.3575124483400045,0.34654820770531813,0.41376119711341663,0.4111355412294582,0.11947574385353268,0.19608406962467229,0.5624092169238569,0.5577318141081395,0.3558941988369855,0.3204216005942387,0.34401476104261935,0.32031164377662047,0.22024468196051866,0.3334667852821147,2
1179,4,1,3,0.304341528199845,0.5666438197997677,0.47428866177138085,-0.10867765532936274,-0.10672820332297159,0.028107317373925744,-0.1334723522617722,-0.31944695922535665,-0.5525165217379882,-0.3201374868798297,0.02235038120276695,0.3242301686257258,0.3946330395350485,0.08904634138282899,-0.07236838075274325,0.11996370528114153,0.3532141080547778,0.41556155340910755,0.4016821526821391,0.44539753988373776,0.11630563788460846,3
1179,4,1,4,0.190922440306486,-0.09008106545486613,-0.3459021122215438,-0.0679316557942663,-0.02731544820633185,0.05933509158358,0.07208070248629696,-0.2208184042690862,-0.43593221870326204,-0.2812123239521183,0.0431467899189562,-0.041769970507894646,-0.5898323977971477,-0.9136835490787074,-0.7330205116039055,-0.27794952479098356,-0.30185032425265473,-0.43974245545864404,-0.18176528288565913,-0.03148282261668435,-0.23074025216492175,4
1179,4,1,5,-0.1574207672010556,0.0282572516261528,-0.16321856095992718,-0.29387725717536345,0.06436472687417866,0.178912073538888,0.266138630498839,0.7541490181710697,0.9283401856050217,0.6314653543862905,0.304801367034906,0.40242461913158384,0.5078189586945574,0.3270576419892355,0.4355891791152301,0.8163047319006405,0.9028857304298286,0.7141860568161296,0.39016541381954384,-0.03238259418863279,0.35029808800535583,5
1179,4,2,1,0.8408917451863832,1.05842385895434,0.6078276013054628,0.1381379767646208,0.07116997644532726,0.055934219129946394,0.23593169039449655,0.49622369175726316,0.4484098488473577,0.5987873315222314,0.8049646843832373,0.6293260695323268,0.21912491015663707,0.17072109338914865,0.4294803695440538,0.5132285150090663,0.6951049371982247,0.8895277727463688,0.9873725677714928,0.8290181903743618,0.5359803525206173,6
1179,4,2,2,0.7412256546947165,0.9349780503403365,0.9261690711250896,0.837471329350359,0.5566394178657282,0.42699337693001704,0.45367070357394457,0.5702557767139476,0.9453879415578849,0.9395288030809285,0.8444800041357206,0.9101567381026682,0.7540450647987957,0.989106434404975,1.1732275607177642,0.7441515593523029,0.29697059479464577,0.268673856558296,0.6683986296835126,0.8725471743707798,0.7427038871076207,7
1179,4,2,3,0.56622904392528,0.7781510955838808,0.8261647681158582,0.16992441904166602,-0.7315686695255835,-1.0565426053364262,-0.5268889205778371,0.2020705145319848,0.6839510500316597,0.6515969881270339,0.10319119268633124,0.026574767728101648,0.36265626138573454,0.32823381225436044,0.14983996791338736,0.19465380061438137,0.21579344982871618,0.17556627948925246,-0.26672800960747534,-0.15986056403481572,0.1346504321087745,8
1179,4,2,4,-0.04386346253729349,0.18446598522579374,0.10503710955461634,0.17456674214032805,0.2729370769126138,0.3826786540315232,0.32759973927284153,0.21120020408956516,0.3532339983305185,0.40648793327770594,0.42972654722522124,0.33276106236233205,0.22770803272391454,0.11268850234074125,0.10808120161552136,0.3989129413318397,0.8293170377719689,0.9747459599589442,0.7755386461079228,0.9113945131404348,0.37376092124385274,9
1179,4,2,5,0.034697032581247844,-0.0699521760507972,0.0759880339505643,-0.002758054047709499,0.11776672110817485,0.42795926144122315,0.34346619645935017,0.31081328665110597,0.4481749172076942,0.6022661808749177,0.6214386788737558,0.6514386704127084,0.6299757358212101,0.5372830967664017,0.46181929849340936,0.2644327666813224,0.4046043943819224,0.6601864936174194,0.6257220418383109,0.5417642004228709,0.3843543388742552,10
1179,4,3,1,0.4373109167622202,0.608787795171728,0.6456558060286344,0.5330408667537869,0.37231215120521816,0.1159337094730972,-0.16305257528289868,-0.06514384281029906,0.11287630418863966,0.24360903950763146,0.2837056253758755,-0.017547027914163238,-0.0735819485289747,0.3469516356463475,0.45842901913444306,0.18506089870671485,0.2710486930935023,0.3544841489150799,0.3881147096304579,0.35131303448904827,0.2694654479773045,11
1179,4,3,2,0.14689083798915709,0.32189193706021896,0.38834101053479725,0.36422616188660767,0.3008145133145478,0.421338808472682,0.4822442220847286,0.3248280970330861,0.0721561645297671,0.12696857423584104,0.3060058301511394,0.013859127902156959,0.05387031917468635,0.2872232038543533,0.44479343594753784,0.4697920863537695,0.06651311693412919,0.17627969875607913,0.6086379595635258,1.0170288165968495,0.31968519611878304,12
1179,4,3,3,1.2322474870945488,1.1996814560054814,1.121203498892319,0.9514680204674446,0.7989087484792853,1.0285088245263592,1.4298992687905194,1.128587362351055,0.659645447226667,0.8962304937410622,1.0898838422975008,1.0568215835321482,1.0015579102625374,0.9665447269852565,0.9641896936201673,0.9918413248417033,1.116413537126487,1.1043919863766003,0.8246893826969719,0.638424003860648,1.010056929958738,13
1179,4,3,4,1.2403921398434643,1.2126697848580918,1.0197665444916324,1.0629804161626002,1.0352160481102501,0.5364517568117437,0.2888175571074842,0.6811413492129599,0.8185315097576724,0.6199706145970757,0.3805045861771805,0.2870875575091802,0.22195246137277935,0.3274899131321948,0.5396008045759768,0.817316266904335,1.006286065067945,0.9420803470860225,0.9095560899575137,0.9156340617372549,0.7431722937236679,14
1179,4,3,5,0.0445493098975399,0.2251708546923131,0.44195768505329514,0.5526652930143777,0.8039948841095604,0.6703128316251716,0.3618845812397049,0.3112275364506455,0.3013552722042381,0.3739998204140923,0.27559777205821756,0.18948271718253615,-0.0733258615092463,-0.09659070546959396,0.102086932910841,0.11247265704839139,0.14243915556846998,0.3220952034589861,0.33361577937829223,0.2035148522305272,0.27992532857791796,15
1181,1,1,1,0.1213517745699649,0.3313672191908594,0.5745807056878447,0.5152036977354535,0.48357330606234195,0.44900191665388034,0.5196212272778651,0.48637780923063156,0.3749612140498864,0.26592224580695706,0.014417974633304648,0.23796143071109685,0.5168933077808011,0.3071414775046411,-0.010293445517093047,0.004364748111765598,0.2594901331096409,0.4837507173598561,0.4022159538011528,0.07552938874025275,0.3206716401250552,1
1181,1,1,2,-0.21750336780146626,0.13889648110787822,0.533167534287446,0.3558528422059548,0.3143306753925037,0.2583553536740234,0.16518214966720451,0.1425937025880546,0.1431807920508773,0.24393120582133498,0.30366231047733233,0.2221115443352256,0.23398913939300892,0.6077389036299263,0.7329668002584708,0.2498458665639394,0.3030124730581733,0.6350955520367911,0.689994912212365,0.8764411123046114,0.3466422991631828,2
1181,1,1,3,0.35357695924322047,0.6030268490911723,0.39203610402756045,0.13519891387802244,-0.0411185858584874,0.015917079353545402,-0.00902508378467301,0.06265800436363114,0.18509988552609294,0.1957812949600714,0.46610170815426377,0.3605624630188678,0.45679705464576387,0.7914274053697331,0.4449013074544561,0.1204183048795092,0.34672690612246504,0.12161573868105507,-0.04477709093778891,0.3073630800571063,0.26321441491227937,3
1181,1,1,4,-0.11647795953441774,0.12428056660225795,0.20931893410741526,0.17992318075382074,0.0304022673618825,0.12320264947535375,0.0986556944831345,0.2547568392432952,0.2822718267117178,-0.04389480672491329,0.0481086231406241,0.1382955269451842,0.1272235043237567,-0.010087884608292255,0.011836857309844934,0.36206161557033256,0.5090955852428584,0.39985612949182325,-0.02010617429101154,-0.17523072593542569,0.12667461248346204,4
1181,1,1,5,-0.567256416857818,-0.15102331215601877,0.2830875858641602,0.2827379226815181,0.07215429354456371,-0.05368313332426235,-0.014696808277709451,-0.2647778090726007,-0.1889246939968779,0.2204238263182391,0.3023894633526095,0.012498375138607354,-0.2700886828344875,-0.16477931018283254,-0.0845151016331511,-0.13418324405154725,-0.47589009158857265,-0.4178877417297055,-0.05870737039279775,-0.015919297174468452,-0.08445207731865755,5
1181,1,2,1,0.0871442402705628,0.60998535280884,0.7847944667867156,0.5005191926439826,0.0620862851992397,-0.22060721158870356,-0.19541621041972196,-0.26952730626660126,-0.2627720215370013,-0.12412352605966541,0.1478807115157307,0.1138666995605654,-0.0374037546322084,0.0630020390643756,0.16011579758131939,0.10732565799142921,0.04863347880641985,0.36526981861268537,0.3413450679255681,-0.059072431790917146,0.1111523173236307,6
1181,1,2,2,-0.38263815954406477,0.01564157447738923,0.2152054780147219,-0.0138793733658563,-0.038314347862252296,-0.09241530513338815,-0.11386049849302506,-0.17113733084959387,-0.060003604840027654,0.2968921061490044,0.30880595325014004,0.07950578347765165,-0.0407250317322358,-0.11210539045766715,0.1584275500470865,0.7475978505667833,1.0191991403058083,0.6815860856633864,0.3341751581322526,0.3561155324279775,0.15940365851170452,7
1181,1,2,3,0.18654640319985524,0.3720884060462484,0.36987668705237253,0.35537802708288524,0.20389218532555023,0.10801628881097039,0.16900789581918108,0.0655466501822816,-0.0400733429035971,-0.1089108204550348,-0.054178665009373746,0.060050950614910045,0.27646827414403663,0.580023245640185,0.8203948212331653,0.800384112572381,0.6623784294675382,0.45911865819440123,0.26585399888671424,0.1865740298324956,0.28692181178685827,8
1181,1,2,4,-0.02207599619647605,0.32031491499089376,0.6499122152044894,0.6077654669287047,0.37463234489076785,0.3172221315071127,0.042480630642100004,0.023607599209000546,0.5372292247400293,0.4982351482250116,0.15364027356450952,0.13882631155249175,0.2183712396125025,0.17886262886001258,0.2076498838542882,0.3412668859633569,0.3527834817139377,0.5929933006980399,0.5454287711576289,-0.058636426735188416,0.3010255015191607,9
1181,1,2,5,-0.44635947656163844,-0.16454195683292566,0.2556191598729912,0.3123164498476815,0.29692167882350373,0.33360997752197435,0.31534647020442624,0.06108735894064685,-0.2622890420930878,-0.33678460563426854,-0.1860148509816365,-0.1485546863022616,-0.22873013162754074,-0.19489985455536635,0.109667255740028,0.3321170290323047,0.16739850093290376,0.27200083982378515,0.4447478512790704,0.1668465934608834,0.0549752280445736,10
1181,2,1,1,0.32666613277738504,0.3828856425111199,0.4045484367048459,0.1732525638602889,0.1095254465425804,0.2923866605128062,0.27098738010161694,0.21118932741048155,0.08388724213848545,0.1560203901575929,0.4261860112619986,0.39153805354498705,-0.0026512342121342014,-0.0659753354389238,0.13116591795344146,0.274028372042019,0.36869122445491775,0.2693797758530286,0.22518877815556487,0.3132684002782502,0.23710845933051763,1
1181,2,1,2,0.23742103856025698,0.3567802937201135,0.33035429598783117,0.4020875646564791,0.48817873630185854,0.21338625701265548,-0.0516272227537925,-0.0992806877263725,-0.31473694505316335,-0.35247178834222925,-0.0481155044213991,-0.06208299017757725,-0.14582612677167026,0.000320845627038345,0.026300671559378846,0.21731017634793184,0.32860103356741166,0.15280420230510683,0.07186155022698501,0.17773910229236517,0.09645022514596036,2
1181,2,1,3,-0.0313082888900982,0.06900468623891,0.10884484519145755,0.23549868994270123,0.19648030134790775,-0.10247754863651504,-0.33562665107036954,-0.2370856731799365,-0.30677539419717803,-0.41328894009286465,-0.3073860206387188,-0.1644157014361415,-0.312363462158234,-0.4716815132779174,-0.24325572452207275,-0.18650624982921604,-0.1013568955010472,0.14958193348872365,0.1634857795506965,0.09205150901146465,-0.1099290159329224,3
1181,2,1,4,-0.38613104214870886,-0.24187522024711447,0.16146127493325554,0.07014658985094635,-0.31885924330582843,-0.43319298935374273,-0.23955512721675465,-0.12177740048832081,-0.23168654270060052,-0.30559290452140425,-0.28825941717313797,-0.20771403381094333,-0.20548765994237345,-0.19323981750643848,-0.2639751904115003,-0.30177493922322807,-0.15348778092639395,0.006453596627244998,0.2795491134656088,0.43349746889858204,-0.1470750632600426,4
1181,2,1,5,-0.4422241996082048,-0.04911563619304721,0.1494929143450336,0.2110559277257213,0.08307647388278286,-0.1709012112938318,-0.23022488897689394,-0.0676918503515454,0.09224177066084781,0.0056357673172137,0.03246568726502949,0.2957254254821168,0.4271525812278598,0.26474163059063904,0.18100167371471626,0.5914657250516694,0.5791254619083993,0.0992963949724521,-0.0650725851090458,0.04154254276261879,0.10143948026872655,5
1181,2,2,1,0.31886999044212994,0.5003749424487766,0.7769570258245029,0.6208193712092014,0.5644301295036147,0.546267162166214,0.10013980499906419,-0.07212693366189174,0.31349566977747945,0.4384446813961588,0.6085518389079742,0.6709522221431717,0.3405370733327965,0.2233340635437544,0.2127751503729255,0.02262703255328645,0.06376829702115941,0.2648911696579541,0.23896902475303672,0.0785425251595762,0.34163101207754426,6
1181,2,2,2,0.26844727706775007,0.3660161767564887,0.42735727794802103,0.5005290647183435,0.5061006637989168,0.26363282937964805,0.13246500850585521,0.21659714928812335,0.37201779369552146,0.3913475772809497,0.20510607212584325,0.3702999258600309,0.5546304913241972,0.5771802695731448,0.6051178704578078,0.49849904985399124,0.5467300922225127,0.6157990924337065,0.460819985102453,0.3653574445359793,0.41220255559646424,7
1181,2,2,3,0.4147620462781709,0.31058916990513574,0.1010370340460241,0.1295876117153936,0.23719352678558706,0.2080043049986241,0.22639640172722655,0.09060095467696089,-0.11044656308070386,0.024036956523062647,0.14388085224844574,0.1547087507152825,0.1989997897374734,0.38393945111646843,0.4138077797255849,0.46769347995039784,0.502887473003753,0.19430680136253425,0.09967737378890085,0.2996941198007152,0.22456786575125195,8
1181,2,2,4,0.42967398281047553,0.5309804506078498,0.4721524291328678,0.16471311884967504,0.19379181299088402,0.24438341105322103,0.13844903126039185,0.13423845128475614,0.16200352451619865,0.15102553829838802,0.24685632810562183,0.2978765189275706,0.10862590086093649,0.24278042086096185,0.4703596293731876,0.6064663864339953,0.46058301784259037,0.30757015542220634,0.3151266906818587,0.2512032644184345,0.2964430031866036,9
1181,2,2,5,0.2011008639717106,-0.008856451471159502,-0.046380041409988804,-0.0175061140609862,-0.04912536522408455,-0.2426476789137492,-0.35439513944988665,-0.2126719373121388,-0.18571878999947988,-0.14798535413522604,0.03004039351058175,-0.06349931628523825,-0.26804545993691864,-0.02146958482654651,0.1812622590002065,0.06309834476696215,0.1327773093366405,0.5311441681621457,0.44984728555470577,0.17716155573631226,0.007406547350693101,10
1181,2,3,1,0.015014749300811397,-0.0478170568344051,0.23916196833129794,0.1878474689852464,-0.19686221699519685,-0.19468800128442196,0.045227516291274056,0.05331889734848705,0.17281986029549723,0.04771769759235345,-0.09828071257691495,0.1467638800148017,0.0663545928435259,0.014882572737816551,0.21880747950827384,0.23104994696776626,0.2750144101908713,0.2759424124712026,0.35196322771468364,0.3790646301984333,0.10916516615507016,11
1181,2,3,2,-0.0577061609633204,0.17328585375084996,0.35551551999381736,0.2637759931907904,0.058828831879533146,0.0894567808516609,0.14023063017912119,-0.019980843947518402,-0.07956752074380391,0.003588312707019245,0.1073882298708913,0.27916353088888024,0.4475880315433096,0.46486283654769045,0.2148721326285226,-0.26222673594121093,-0.3404101474039675,-0.3037102779402687,-0.27306051919460084,-0.31182866448308133,0.04750329067071565,12
1181,2,3,3,0.10903161521738035,0.23603311964201013,0.2826385067423514,0.30312014109412333,0.3151262937966637,0.28622511102064685,0.11674118304065165,0.11015464693759056,0.36347619377666834,0.4301076358777517,0.45114671912916826,0.3221621375063829,0.2579044547755182,0.3704124195866165,0.2925918107020792,0.3553674980518447,0.23993521219718697,0.13524331127754816,0.47685609750287017,0.5299579959303349,0.29921160519026935,13
1181,2,3,4,0.010935474047845102,0.13760864434160314,0.2032713731723824,-0.0380467812009684,-0.09051272983183485,0.10586372072221574,0.14095558581435186,-0.03234006346986815,-0.0875198522019306,0.05950317439704955,0.19439910258266502,0.23780802697460185,0.20247894144031614,0.18068545266698005,0.11042541775291345,-0.0253404678983585,-0.016010362009926702,0.0899598832091879,0.2109466102418056,0.3202132915639496,0.095764222115749,14
1181,2,3,5,0.1961829458222292,0.37864766276284023,0.5211262135146926,0.542509548951112,0.28130979182408444,-0.0062066207686564,0.09129296815756326,0.2969908091788717,0.48850885776727226,0.6293982528515597,0.4069492088611256,0.1834212079786975,0.19317425384452325,0.0733918195918177,-0.0095768225393015,0.06446205786356635,0.1951275619848709,0.1833414949167595,0.28058118658416814,0.12049078957380745,0.2555561594360802,15
1181,3,1,1,-0.28746593281689403,0.10409578847327536,0.5042755347054338,0.6612143476256076,0.4869726117189017,0.2037393591924031,0.30666013030313366,0.3863339582052262,0.14682678573166755,0.04027926312674305,0.2047380010208701,0.345269531575445,0.6116004101342332,0.8365379601337302,0.7714413624519953,0.7849912327468738,0.9343609210283297,1.1104851591775595,0.9050038208803521,0.39668181925520163,0.47270210323350437,1
1181,3,1,2,0.21066647368524918,0.5046343830028844,0.7290293721436549,0.7649406153243007,0.5143530840468242,0.5622367218875839,0.6715037295695819,0.5811751446332054,0.408544468711971,0.3049620520624611,0.49071302112181514,0.7764839654394826,0.9012440478653878,0.7911561752716209,0.48661759052125725,0.36018634394458016,0.5130228402657124,0.5615777416278671,0.6844019120996979,0.5294968468236753,0.5673473265024407,2
1181,3,1,3,-0.005007906369484297,0.30152844218594377,0.3596200185183098,0.43615767854693066,0.3377427576398314,0.2558174049471989,0.4320053061693373,0.6730462611501673,0.669094186427279,0.6632865099995979,0.6225728995713367,0.5457428617894005,0.8401037692155666,0.9197529262584769,0.9084341078832711,0.8461181433495784,0.5460054495040699,0.7159829156853152,1.0026003292296697,1.074830857960854,0.6072717459831326,3
1181,3,1,4,-0.40591464926222276,-0.11237703219582314,0.2540875428652254,0.2511032070201496,0.033253730615563,-0.05338787543547481,-0.043877991115351955,-0.0910154668751208,0.11288016861676825,0.09304063249460169,0.03640907902797426,0.1820822633527956,0.0433970458246745,-0.0782959770962934,0.10486720323605715,0.18615449386200095,0.013313868878733447,-0.1259443942840943,-0.16981137250674172,0.10859525998756389,0.01692798685054925,4
1181,3,1,5,-0.34302731241507955,-0.011593832584091496,0.2685866189214706,0.2022241218880253,-0.32651939070895,-0.24007080490225471,0.11952211836285741,0.10228821054122639,0.2623764497737279,0.4927897584157913,0.45178848984945774,0.1271875528837983,0.05250320814592884,0.35595398326866656,0.3325637333723457,0.1464571214516714,0.27346392261909785,0.301560615976435,0.21371424302497372,0.18949466616222216,0.14856317370236605,5
1181,3,2,1,0.1488399704922374,0.5392896036264737,0.84936875195187,0.8814046163886802,0.6960280651672481,0.461763686562109,0.47415643195737556,0.6048417733969822,0.4346904003838087,0.3444234856336458,0.6175470722114053,0.489311546910383,0.17513767122385804,0.47338179418019555,0.8450356749312007,0.7682099162328302,0.44018411015421804,0.2192031692191518,0.2794082611319394,0.5194033928340286,0.5130814697294821,6
1181,3,2,2,0.7619819821101685,0.8917021809208946,0.97077605583089,1.078829245975805,0.9295024529105,0.8660725060723924,0.8141901666432797,0.4988214333388017,0.4045282764722228,0.504823496896996,0.6490578279738846,0.757537165503837,0.8309874456761852,0.9548603517014049,1.0493150488198606,1.008013440859144,0.7016508584121363,0.5802177115965685,0.8927281042595282,1.1305584845900924,0.8138077118282296,7
1181,3,2,3,-0.1497108717765336,0.3751508958837954,0.9211520138073258,1.1743561921631451,0.9642396834873921,0.2965638797226129,0.0036531543715942003,0.03076602765010225,0.29315988659818804,0.2687161556121142,0.2996978550438038,0.6696176492871957,0.7417955037170041,0.5866874194804251,0.4720149425004484,0.6740094517021299,0.6722759581540025,0.6458260232848715,0.8356052815886799,0.646309050578256,0.5210943076428276,8
1181,3,2,4,-0.01670870064453805,0.15198371283715464,0.5809674240171243,0.7842697077833309,0.7524899253359665,0.8549753845263885,0.8605340220603528,0.7082707541890422,0.37225435577201393,0.20843955413795962,0.41763034883435823,0.5149077219961768,0.2827262166119605,0.2894983137454641,0.33013050957687795,0.09689409089656575,0.04773582477204575,0.16796494780244198,0.2438864091032752,0.14656897101533112,0.38977097471846456,9
1181,3,2,5,0.2983214223284496,0.4555386643976719,0.6532139288499079,0.7389174316087534,0.779622288175985,0.815315189626229,0.9761480416245303,1.135214897078272,0.8168617684687094,0.6339264885876121,0.6592399049567809,0.7598456521312347,0.553020275827038,-0.05580519404277329,-0.2273945357079444,0.04767238759520076,0.35688170267119973,0.5803545770838151,0.5576712263013306,0.46761457086195135,0.5501090344211976,10
1181,3,3,1,-0.06518722978739319,0.3965928478221085,0.7417172247629678,0.7139531451666576,0.5864414635593839,0.638231156680653,0.6744477067970075,0.5780533935005713,0.5093960911925692,0.542864359800179,0.7409258042104971,0.8414624981871168,0.7486582232310208,0.6016127291135249,0.5916909098661193,0.7951278884638286,0.7458875915121734,0.6461812624352203,0.7861192086655119,0.9365320130141062,0.6375354144096912,11
1181,3,3,2,0.3773381114249209,0.5402610041064904,0.6589522411042565,0.8307465290601841,0.8399647072394152,0.5122132377909602,0.2945974455927655,0.30954633923415864,0.49710352301466043,0.5809913305538241,0.5830263299340603,0.6991514590676866,0.8044228844956529,0.7692327303703077,0.6847209211521873,0.6226915011221028,0.49750371355705336,0.5452592553451721,0.7917134071013296,1.1180233964151984,0.6278730033841193,12
1181,3,3,3,0.10287350994840964,0.1565060596384245,0.362484650880022,0.373392517952224,0.4385049703124041,0.4841679531872926,0.2938262118702113,0.08375114469807685,0.273127684624939,0.576932869233483,0.3425447289311099,-0.0147640517342865,0.16285434110002894,0.07708199360719653,-0.3934299328631301,-0.36524342285511624,-0.0280955751092771,0.0362745334856501,-0.23683591686593652,-0.36948571043471773,0.11782342798035039,13
1181,3,3,4,-0.0438922266042992,0.18282416939448232,0.36302260055262103,0.3734751236725033,0.4975629990956224,0.6206139097771537,0.5473322466591154,0.3930412855378129,0.4885592298082424,0.5225388463831293,0.49694031117145154,0.48444913384388183,0.41177779851588703,0.6776398939896178,0.9099815422622652,0.7423892781424517,0.39317144227728285,-0.06892687878822465,-0.4252517316631171,-0.34873936818325524,0.36092548029223115,14
1181,3,3,5,0.12076687453607551,0.06294417180000644,0.20722542432915075,0.3613401118212387,0.2717022525882879,0.0919972068355753,0.0863532314879297,0.1166630860987231,0.0867758200192603,-0.12024360041026455,-0.1560238864024921,0.0596212272640151,0.3083841844155992,0.3050809225952361,0.22871741822282293,0.2574884687199259,0.23989763770573905,-0.005513905054698856,-0.12988686378992736,-0.2852734739525114,0.10540081544148455,15
1181,4,1,1,0.1943157697148204,0.35899224858085377,0.729073800647154,0.8568430986347901,0.776858856255707,0.7242753125687863,0.6219791155191872,0.6212289153582564,0.6249955504643103,0.3626971741946603,0.36254874905546686,0.6009093392495393,0.5997523061646274,0.5320926011687506,0.6429524404887634,0.8055519438365788,0.7748738489064342,0.6828435174475519,0.7081910753148064,0.5755574690665851,0.6078266566318815,1
1181,4,1,2,0.43885768901774697,0.6210308765733331,0.5199937331768234,0.5663561537077093,0.6212391853532366,0.3940559106447534,0.3862756497741595,0.7231259907049936,0.8503391605287229,0.626080915333538,0.4673543440131479,0.648752394097706,0.7770436366700624,0.5910044184489877,0.5207307350870273,0.4223167632939419,0.5314094898901481,0.6610493219822677,0.5452450667356727,0.5293305126011276,0.5720795973817554,2
1181,4,1,3,0.1944729293078367,0.3696002763061139,0.4303063869771303,0.45436190429589296,0.2808848151262705,0.35670106189467793,0.5540178295094851,0.7710481128378301,0.7596549607295126,0.37838312698663473,0.2007103071433903,0.3259305243631142,0.3215023259276689,0.3199646848171104,0.48180033020382995,0.6189401256009097,0.5550270876057024,0.5365391613847482,0.5936901923650123,0.5900487662652729,0.4546792454824072,3
1181,4,1,4,-0.1363812530502365,-0.0230589727624331,0.14726699192808845,0.34955024273909796,0.5109136125629834,0.5046730268489563,0.42184960105284475,0.22161663177675184,0.13649141310966326,-0.08957674052612369,-0.24708033681096786,0.0890821014862078,0.3564176227779212,0.24913216307416997,0.1875988359381095,0.18650901001899925,0.33748762290392204,0.32525636070907893,-0.07934888912323335,-0.1001102385098353,0.16741444030719826,4
1181,4,1,5,0.13593234716709846,0.0958329817570654,0.18713257105415465,0.2853282503812655,0.4976546332663803,0.42195320502153044,0.2638715723495483,0.3513280027749444,0.4335573861189266,0.6156281270929009,0.6862932286824618,0.38142162145909736,0.0022944792621837906,-0.083121454701168,0.12418439785275015,0.1474846098148456,0.05459162609108835,0.1595506957120376,0.15153277820714614,-0.2935470279030933,0.23094520157305826,5
1181,4,2,1,-0.10828073336498834,0.2716831108124546,0.30392092266150444,0.31608268941495643,0.2952509952729629,0.12627922389040447,0.05473970245507125,0.1970977653113034,0.4233563412401278,0.38513848685208774,0.19528588042815015,0.2210882381144201,0.21149067201070407,-0.023286164055788643,-0.1622960890970626,-0.1317383420352545,0.014313024512589749,0.21178527116349147,0.256899577656279,0.46667250877118355,0.17627415410072983,6
1181,4,2,2,0.11833917241987946,0.42175581793685935,0.5548478192269308,0.5627261420414926,0.3973278584439507,0.09960516651365289,-0.20265453098543607,-0.33471251579847955,-0.0705160937846486,0.1662668973562535,0.0581586536177168,0.1540224160183561,-0.035541878681872446,-0.24094177400294847,-0.004540744058674551,0.30259750477144987,0.33054811678936014,0.07133850871157735,0.10346548594060541,0.10712795956731555,0.12796099910216704,7
1181,4,2,3,0.0759299048247151,0.3529032946474846,0.48547332811826216,0.5536147145624906,0.5428035945443884,0.5585979448459855,0.6547823950156729,0.5121182200917727,0.5039669081277003,0.508654431864443,0.3802912301823437,0.5081361185385395,0.544616777288865,0.3893550361239696,0.401989954281683,0.5157394635394534,0.7912614149276211,0.8393895482044637,0.7577924375926037,0.6749946905037885,0.5276205703913124,8
1181,4,2,4,0.5188978744529631,0.5039352311568844,0.47155520075923396,0.4079420523968551,0.349666035069817,0.6038062550326118,0.8737856921279081,0.7058150702114164,0.4585005296972575,0.6206738049761451,0.8442993101131961,0.758921680857439,0.6058090000204,0.6815776726538691,0.8316002163325942,0.8109034542631984,0.6509828974861701,0.7981259993563529,0.8951404811902016,0.6332957171953483,0.6512617087674931,9
1181,4,2,5,-0.11813642368107904,0.20864075048147926,0.3691126422817978,0.5390543105943277,0.4191458849369513,0.3597543760463637,0.5141912474668947,0.5642195728587904,0.616718252279823,0.5272963915103734,0.43458079444896963,0.43491842820846693,0.4788454998476074,0.4296216143075538,0.4873923761706621,0.6976002072624332,0.7275146858854075,0.6746097073323987,0.6995201077034676,0.7515895404009609,0.4908094983171825,10
1181,4,3,1,-0.23863131918272665,0.1163825321594705,0.3281561148641001,0.5789233240643576,0.6399029144795982,0.5911657429752963,0.6120900093895025,0.4320362921529507,0.3965971751071219,0.5885723211599465,0.5953510809108333,0.6702296937942889,0.7758758151625627,0.7498545021864953,0.6751318852658454,0.3860559859408589,0.42741206360173534,0.6862991572283621,0.44518431187685975,0.05344995360198341,0.4755019778369721,11
1181,4,3,2,-0.027335842663698047,0.35921544013544776,0.4981654848358209,0.4901597380619639,0.666088129920156,0.5642402064881257,0.48736964600364674,0.4552214714769728,0.49639942207820764,0.6746176687639404,0.7332541461343991,0.7743652985710918,0.736284305628401,0.668097473864544,0.7885137364886505,0.7709920186782945,0.3654205251776609,0.1198214955778599,0.5251401071498403,0.6980963525289644,0.5422063412450145,12
1181,4,3,3,0.2599059978892059,0.46133030893210747,0.540772071634771,0.7021458759580763,0.7264586999516729,0.79356306846616,0.7695780564460949,0.6410745868970226,0.8226275310553999,0.8996949059657426,0.7803914097677325,0.7431686159592241,0.6359657715457375,0.5313062334724442,0.7127003121119948,0.849698291886548,0.7902009503017378,0.9922648937883066,1.102266660907103,0.9328297483367326,0.7343971995636907,13
1181,4,3,4,-0.03219784939118395,0.2204876826711868,0.6453978110851232,0.9110077463512338,1.0132071752198,0.6793580074797867,0.5893401549303662,0.911034593043275,1.1025163094858277,1.1231345618099264,0.9467739609307417,0.7495955841552107,0.625235905298056,0.7721358187975129,0.8282180355861466,0.8262095334052637,0.8987254683569963,0.8162632478495826,1.0306005513877352,1.0821691612105362,0.7869606729831562,14
1181,4,3,5,0.0898877635368796,0.1531724186405313,0.444578518349401,0.8858005838836359,0.8189629810548682,0.3118246856550158,0.3425001529677221,0.6612121025547864,0.792450974803929,0.6199224031496544,0.46766086094388304,0.7220197401753607,0.8691534076711371,0.7559621224800216,0.4666167081814975,0.4248111408598159,0.5132137313041962,0.6719188323717643,0.8393213771092849,0.7409351649225997,0.5795962835307993,15
1182,2,1,1,-0.2670082524926253,0.43161436197993575,0.30493466881001696,0.04763438385810165,0.19676530535466383,-0.03201374619360721,-0.14617915110094482,0.04577353702825305,-0.0698111748582386,0.0011557128298315955,0.20130297546254738,0.5864312128288022,0.8877263974652501,0.6524641705867913,0.14027275888939925,-0.0490693338604561,0.2967092014694663,0.449494352131679,0.46356307473575276,0.37176612444708,0.22567632896858494,1
1182,2,1,2,1.3599860721575099,0.9427678296133981,0.6333838229208031,0.3024850395514632,0.1427637082656562,0.0669415797919575,-0.116005901895228,0.15209771008643613,0.29834533093682947,0.44452799506346474,0.5388140453117587,0.5038595979599965,0.4808178578160722,0.10777065994050426,0.013026914139888858,0.21667682675168226,0.3756964224791409,0.4410456268987087,0.22065149522313565,0.0885650789973494,0.3607108856005264,2
1182,2,1,3,-0.0418151076776078,0.3197869953717121,0.7005213189455792,0.694249084738715,0.636694004922731,0.4068080847558526,0.0411336906627011,-0.07264888530435624,0.26566404805204724,0.5203525849889763,0.6075162917434082,0.7066215087665118,0.8214521410060311,0.8648206448278993,0.7458097065903331,0.7197292556016608,0.7108090309409751,0.46373109499028065,0.1892058323736712,0.41324661824358155,0.48568439722703516,3
1182,2,1,4,0.7487929141552785,1.2051351196984001,1.6918644288069786,1.4743917077246174,0.8798388268193829,0.7980204920205716,0.6599873383364698,0.6195624599897489,1.279646928009925,1.3335430162119462,1.080016211628532,1.2436141126096678,1.0747960789704574,0.8371070969403319,0.5818811732880509,0.13149356140570276,0.4911693090244864,0.9619238930957958,1.1090984125929317,0.890300808162465,0.9546091944745869,4
1182,2,1,5,-0.17841801505880409,0.48387385920115145,0.9690889238260825,0.717871245610231,0.8713301962445638,1.1304400609188479,0.8778183009869556,0.3706512253677475,0.329192547692585,0.6541935303117521,0.9453289621940844,1.0523655766624491,0.49563157337143293,0.29576944227655955,0.29089083701694674,0.6772455238085658,1.3155272863005791,0.9939395241005174,0.5179572296226392,0.47198038893316774,0.6641339109694028,5
1182,2,2,1,0.23720254079163722,0.9171382915111106,1.536113769978715,1.0537588033829708,0.7046306618165095,0.49752945418031014,0.5823948963168564,0.6237684088049389,0.6196435398614887,0.5125074433989781,0.21839755425578444,0.627630143096739,0.694995951590496,0.7726614346240874,0.8484931687759475,0.7368547371847627,0.7357573562045607,0.5152221990520757,0.1819201725199146,-0.013326475849035652,0.6301647025749424,6
1182,2,2,2,0.9504908123308164,0.945489754484021,0.4749096168739003,-0.01617881111128827,-0.17999416746655023,0.06932109081873015,0.15406105589659544,0.08446390470621985,-0.18138956543701204,-0.3371246940173781,-0.3576867502763524,-0.400512199355087,-0.40080978086894226,-0.28560431283354193,-0.18333521907090836,-0.35322624587558593,-0.4537677811274033,-0.0987824846262452,-0.2772684262359516,-0.8081369172608599,-0.08275405602264115,7
1182,2,2,3,0.18972154515010206,1.1657499056897236,1.5471691420898093,0.885311181084096,0.29614299573630004,0.2777251833280082,0.26878865566190663,0.486428643125394,0.7352417734479126,0.3472625547754563,0.18219617248624137,0.6400427613200765,1.2091517211746856,1.4626253812451702,0.9143251958851092,0.4261782816407963,0.4582501368224297,0.3541673428143675,0.4654426687908732,0.899672517533899,0.6605796879901178,8
1182,2,2,4,0.19563138055819979,0.41734634870947573,0.48212406749088155,0.5319856620869573,0.7227678132988276,0.5445422103736207,0.20379541444870075,-0.09663952436422005,-0.4234377439636153,-0.5285680346828117,0.3292535843475531,0.856931167363522,0.45436932301516775,0.3551582313681267,0.6505316363888973,0.4613509764124117,0.36713964833812424,0.39625367165196523,0.160479471561454,0.46461412484754355,0.32728147146253905,9
1182,2,2,5,0.35978685637344926,0.9039549681063832,1.0981094645335383,0.6948585546432027,0.3811611025960029,0.3788585883546671,0.606987653562842,0.9965455405281539,0.7745471601402906,0.3901332253755875,0.3857252190703357,0.6939548496321168,1.2218747447502856,1.2148266237360656,1.1846822652802211,1.5752485964990552,1.4899053820978578,0.8494809614423895,0.7041382563210496,0.5841864841401395,0.8244483248591817,10
1182,2,3,1,0.30099816895394815,0.0032084609729184504,0.04504333452842775,0.05906487847998684,0.09637486919398344,0.0970750259179734,-0.038045467597590546,-0.17347848695837914,-0.1191910400569632,0.16916571180017753,0.19798542089169519,-0.11374833851252979,-0.0834354048296086,0.1555735393243165,0.4788284524198366,0.35768494413794766,0.17827125939176217,0.15517586953148016,-0.10158259714234745,0.22098214924172216,0.0942975374844378,11
1182,2,3,2,0.13795517281115374,0.11318891912246425,0.053574656390652196,-0.22435432588389986,-0.23740219659789424,-0.0544567409448289,-0.2804946349942463,-0.18748910838739175,0.1451743094821113,0.2837778679376632,0.21274143386108746,0.10029940515979135,0.3778117566936009,0.7670377317211728,0.6982998040608905,0.25924534949412215,-0.08320697613134345,0.07736252488895029,0.05270387474540375,-0.0877262627279535,0.10620212803507531,12
1182,2,3,3,-0.2151219769409972,0.6081554601520422,0.8984419216848001,0.3378442936806373,0.13473453265062615,-0.12015371435194981,0.011688620101990427,0.04583912146246541,-0.07818763598956441,0.2030159176947969,0.5754848330878962,0.7141072754406586,0.22114869120795555,-0.1288977086427395,0.19133843964976321,0.6946727241716786,1.1243894398646241,1.2428820137686505,0.8035823137129849,0.42009048345919203,0.38425275229327555,13
1182,2,3,4,0.5498247701123657,0.946879685897088,1.1655269098097922,0.9119815011197059,0.6023503402844098,0.4692017269865552,0.2671827293943664,0.3136802263944627,0.8278411285295115,0.752488750370973,0.5480795325422595,0.7511469807119477,0.9936098687826109,0.7108310035273344,0.5337939322572117,1.1616979077701477,1.4088214230964793,0.8223006752351278,0.26584010826079685,0.2382416361591375,0.7120660418621142,14
1182,2,3,5,-0.6850828037460266,-0.21454342429863255,0.5421250218145599,0.2797895177348004,0.0659364908660212,-0.10693203939036854,-0.11040556025231299,0.2145196340004252,0.7263958421238919,1.237572283389956,0.7833762079679514,0.631868725944395,0.6453262755925221,0.4759890078847822,0.7136248173316595,0.4943500045877699,0.16386657127847476,0.39604006463560354,0.48857211205099244,0.3161360943812705,0.3529262421948868,15
1182,3,1,1,-0.13033315185120592,-0.14025275894697284,0.20679246308290308,0.6076516866194224,0.17093926373572005,-0.1210667990353951,0.32680982952675147,0.30153528081989717,0.27563898481775173,0.5153902512382691,0.36352904081004145,0.1491553402935934,-0.19686156480073885,-0.32181398146072965,-0.07030461759266615,0.12690086814033835,0.28414301681083054,0.37705513016899456,0.5101541845330502,0.6894817211378254,0.19622720940238397,1
1182,3,1,2,-0.04809617886767037,0.45010152084997057,-0.06779001412849009,-0.6280697507195858,-0.3454011418168435,-0.02755538542042925,-0.010194126030887398,0.09702904850330406,0.24683448550358206,0.06088324383180885,-0.1494458021437037,0.26297299284493836,0.3229580469604238,-0.129634006118228,-0.1568693040979944,0.2557739001488826,0.1682124285913329,0.005789156292639902,0.044615648714683744,0.20567011219868794,0.02788924375482115,2
1182,3,1,3,0.3269142259206209,0.7403344841545436,1.3908814594920615,1.3987311537564657,1.3771245641630547,1.3826177069413577,1.700872369818148,2.1669563852400953,2.2261347666166382,2.1517050867190903,1.9476474251633173,1.7818138126429774,1.5163327724083637,1.166346252404554,1.0739328256430989,1.0975224476472167,1.091630518476822,0.8730784381642696,0.7600323267990411,0.9107424787967935,1.3540675750484263,3
1182,3,1,4,-0.38282791872382976,0.7557963701610425,1.6203481414237486,1.7967653055560715,1.7218176329855062,1.7960727631642683,2.1154150114022827,1.9082419753081254,1.8323953337312908,2.3588465162753263,2.479963953579354,2.0836475397935343,2.092108668112882,2.060079556414634,2.091365832588453,1.8532463871826181,1.5348871939020194,1.7681384490742802,1.5870732661136382,1.1683475606984701,1.712086476937186,4
1182,3,1,5,0.20686351838194983,1.6495551054028956,2.0054457923054314,1.2729651844954448,1.0535729898815966,1.5972049170511733,1.7801187175094755,1.629695804346513,1.4864434580246575,1.640483138083264,2.2757703954895048,2.263716546681577,1.7340858705786821,1.6409102860284113,1.7924622417744551,1.7855780145042064,1.644088532259532,1.747991233900083,1.8634538518119568,1.7070423515913586,1.6388723975051085,5
1182,3,2,1,-0.03876931835671639,0.11510180589905655,-0.0868759123769209,0.007488544201917302,0.0724810654203661,-0.0953464193936121,0.11923446071716091,0.0849098725090014,0.15161721854451782,0.4319903380390972,0.3083703918881664,0.28961064778258294,0.5375204078589501,0.7170522785064924,0.923452112073603,0.7387668422259671,0.3572037314679988,0.3805960201659586,0.2739275643160066,0.2780502052487205,0.2783190928369157,6
1182,3,2,2,0.5385664880507637,0.6638221721696389,1.6070950766578846,1.426620239694788,0.5845717934164625,0.6135184671476203,0.5628783511994078,0.5052988073820098,0.9197449179298209,0.9849066110026319,1.289255909743215,1.6225771853706525,1.495057916235045,1.2132587237508374,0.795423019421778,0.5490006222091517,0.5628652829134462,0.4670711068106661,0.4282794546139077,0.6681741202474388,0.8748993132983585,7
1182,3,2,3,0.19925472624429585,1.111627850926432,1.9039395611523098,1.9567583545031093,1.567378537220128,1.0001630136195443,0.7564188305764867,1.0969979035633508,1.3862962513499273,1.3824798595670182,1.0639014682201438,1.0695298699542222,1.3815283235893319,1.505712884720185,1.3470220721744313,1.1395601018671724,1.0285217195441976,0.6976407722171294,0.7477108522890652,0.8524421896547941,1.1597442571476637,8
1182,3,2,4,0.2531803096962727,1.266214095421674,1.3616168275490055,0.6650841463376767,0.4151217492062041,0.3165356456035155,0.8971256855738213,1.0501667711228582,1.2266982262048955,1.7737759659560015,1.6993507735437654,1.553804771341384,1.387037027545639,1.7011965596954812,2.2275006684667744,2.1883199994360907,1.7077417670343356,1.2028521634750047,1.1640106180175638,1.3394442139725176,1.269838899260024,9
1182,3,2,5,0.5743400577581899,0.5747683437048449,0.8233964600208241,0.6918338224803618,0.970880318057838,1.414010995745477,1.705768392851938,1.6885507249496445,1.4906781764726293,1.353906069473914,0.886996289572807,0.7626182785035446,1.1558476982303114,1.350295294762355,1.0796452356693997,0.540790972421601,0.5390258212864139,1.3484983550478227,1.8724363086335236,1.371951205698991,1.1098119410671217,10
1182,4,1,1,0.8665333926426689,1.0822742752964696,1.5347776253291163,1.3800182994680745,1.1903131129237643,0.9973681283116301,0.4111840889939698,0.19722077669400473,0.643473687523529,0.7554724166700189,0.1911600345060951,0.13023837582745534,0.3143550253610611,0.48254886823643284,0.7343923229021998,0.7910549480981284,0.6612990890692123,0.5982456943426883,0.6593242986836879,0.9099969812718233,0.7265625721076017,1
1182,4,1,2,-0.5594273387401837,0.43863131238903263,1.205062757320411,0.7235743260335662,0.4739618743896833,0.521416215437008,0.5993666745269716,0.9491967068497271,0.799845126307098,0.6316915888154475,0.12657418136116153,-0.33521246035005703,-0.30824384061491594,-0.17164864167496138,-0.154278633511827,-0.6739621175994438,-0.5478756877484631,0.5743719332116559,0.41802841460446327,-0.4141397221877699,0.21484663344093016,2
1182,4,1,3,0.2446122440942649,1.0142442191768328,1.7795791949193918,1.544365427279753,1.4258843978973332,1.2670072087310478,0.9020536937688932,0.9271787101922169,1.0920544764215072,0.9276078182130604,1.1859633755845924,1.617723991159397,1.7097672732730689,1.743747145456362,1.4032088206721665,0.42665078529695777,0.16573409612187073,0.9502541943014005,1.138468093004517,0.6255088697273258,1.104580701764598,3
1182,4,1,4,0.5514238642910103,0.9990387604505064,1.085422979646939,0.9664217034344772,0.7994645811836846,1.0252187066319474,1.534407503984771,1.7769357939024772,1.5350994843648982,0.8788190945727739,0.5887836907261745,0.8496501316092686,0.7247447025709691,0.9544890302554607,1.3477208775411826,0.9395435040516669,0.9466216566525518,1.0656105325907963,1.3980708842879217,1.6125605680854713,1.0790024025417475,4
1182,4,1,5,0.46745342578893156,0.734380586468028,0.84038943454294,0.4738132754194293,0.9699435683606349,1.6972622612431119,1.6899949300450294,1.7490991150008357,1.8043353313104302,1.4632865300726103,1.032962596340897,0.9269999375654661,0.8920485897793198,1.113905277407147,1.1708990654567626,1.0520349620441827,1.27079250720144,1.5733735970033194,1.4767872143171017,1.5210081424958646,1.1960385173931742,5
1182,4,2,1,0.742061482216243,0.6692577071725145,-0.12430323718666536,-0.41434739442478064,-0.7593312336267701,-0.9393374583085596,-0.3802709223862018,-0.5192565763989531,-0.6135166683249978,-0.11187021334532504,0.05506831240910465,0.04962946857133685,-0.19413190595470195,-0.09474844786958336,0.14973307966447735,0.15810430713888854,0.07852379896494754,0.00998289184329315,0.016853858436297046,-0.15944079529903574,-0.11906699733542354,6
1182,4,2,2,-0.0077423166679392585,0.3372669925794539,-0.14471213000344677,-0.6168255623350714,-0.5287016303434197,-0.38178035559060935,0.09591368221740837,0.5086520154570001,0.2698801521886937,0.6866928051099325,1.1293824695328598,0.8802067035170906,0.9093691078380821,0.9837063612185741,0.9303751378851,0.6751093408501727,0.6518660063197781,1.0453210711454148,0.8961607680388393,0.8370620692518841,0.4578601344104899,7
1182,4,2,3,-0.13771367197748752,1.0107895082496574,1.0033161951497607,0.9568573821016559,0.8305440129680774,0.4386913726809555,0.7980474993508497,1.2619771003354812,1.1832035910760044,1.1906964560906395,1.2120778276169064,1.0007545120287804,1.3136867764863907,1.4261947666567405,1.1837108623398764,1.1714398912321315,1.381146113128216,1.1094044450129634,0.7566262638234669,1.3351035880154076,1.0213277246183239,8
1182,4,2,4,0.5763850622412777,1.4205683212792684,1.5079890462474923,1.0744518994578702,0.6623125237798182,0.6583782060845369,0.9920524743430225,0.9811711393145108,1.225068028360997,0.9698710075546756,0.5251122760121314,1.0334676713985043,1.6942992814993876,1.4023436487974799,1.0098205186785882,1.1964558825979705,1.447063505591819,1.674626337558046,1.4633656533622852,0.9743666091149585,1.124458454663732,9
1182,4,2,5,0.1296038186520142,1.152902323803418,1.5797675718936706,1.1725261679356302,0.5240969956936404,0.43154339567492545,0.7138958925353336,0.5823019791614835,0.7035194465454815,1.1844554813952382,1.1829523372402804,1.1586522329715632,1.3897649192943526,1.2942831316266257,1.3108105452424668,1.4214750728717955,1.1932388991480214,1.2771987427974185,1.243186062839371,1.32946416134331,1.048781958933302,10
1182,4,3,1,0.24211849843099084,0.5308678213278549,0.8297793822258865,0.7943203026241337,0.5074762389466474,0.5990099260118837,0.4891636037745959,0.16191670978002753,-0.08549001579098209,-0.22031203459866663,0.40827304506617895,0.7440159743833437,0.8462071064414628,0.9736166349765993,0.8760979823340218,0.7228113702989607,0.806277569052692,1.0622024481555226,1.1668133565308687,1.265825058893265,0.6360495489432644,11
1182,4,3,2,0.3487862278183506,0.16754974783901525,0.644087205476011,1.3606259023457512,1.2524050243124223,1.0807606665801202,0.7262199999220084,0.7895971889933632,1.4665720904649793,1.4271296100710997,1.3451393949558454,1.4232095268913603,1.5668145686804933,2.027120328220321,1.383919733120887,0.9716427755483896,1.2765054738681858,1.2552367302351741,1.4406642739929834,0.9499405965699133,1.1451963532953338,12
1182,4,3,3,-0.822356487727595,0.3516559274852901,1.3549292668706576,0.8548918855730772,0.6030371559546289,1.2244287093688762,1.1012304437941434,0.8480408089067469,1.1546337076128617,1.1477587940484755,1.2449707977131586,1.5549756205340894,1.6603350167549595,1.6433201282417846,1.2767871246594371,0.8827549326407997,0.7596912532259249,0.942310589868716,1.075899584468374,1.2349988329213095,1.0047147046457858,13
1182,4,3,4,-0.9559771385613269,-0.03232884688633786,0.6141158698249296,0.5458542806734021,0.05715376034490975,0.030867192381329095,0.8867296410357974,1.493255292439764,1.0489212875545129,0.77271868648828,1.2454510418708606,1.4604470832802032,1.2419377447005515,0.6966594814205744,0.34078636926691597,0.3458714093829936,0.1608117207964075,0.08673550726046733,0.4541411392179067,0.5959829935043671,0.5545067257998255,14
1182,4,3,5,-0.5236341203869065,0.23841406311849073,0.5329295969665139,0.043924133710400715,-0.30276908197463853,-0.21020538889276097,-0.2858472015312312,-0.12495454097477873,-0.36982413604999675,-0.5464277788259713,-0.3950559344003033,-0.16338480808950956,0.4983990902325417,0.288980401822002,0.1045704195781654,1.0811408758905987,1.1707828475955364,0.45293717353868146,0.07273392403794054,0.3573476755685406,0.09600286054666575,15
1183,1,1,1,0.37204585678547564,0.5868200838009349,0.44824083346504473,-0.09372920273425014,-0.321995947005291,-0.40653087396087384,-0.36539543331419566,-0.3591537331776573,-0.04331318573808535,0.23776552923060026,-0.079519011335291,-0.0060717712019843495,0.1900463599386289,-0.043037248667599455,-0.22001064848960128,-0.24823630202320995,-0.1122884951034515,-0.01186053782175835,0.3034007411838259,0.489337332648462,0.01582571732398615,1
1183,1,1,2,-0.09913680612271115,-0.2223878240145611,-0.3497425593404409,-0.30760092295758,0.16823357538268885,0.15994953688859598,-0.3394935002409868,-0.28433903529542426,-0.004975770551009812,-0.24371877606395329,-0.20620478452117283,0.3923442383482607,0.2608344661193617,-0.05505316494433005,-0.2538123083500493,-0.46111989243224094,-0.3614329423605771,-0.2221113696073684,-0.1109555640014514,-0.1505108928006863,-0.1345617148432818,2
1183,1,1,3,0.1115947036536438,0.3929187529370164,0.57349492798684,0.4593499357212055,0.4008430228557114,0.2994665188572775,0.22313094627126576,0.1247328832909122,0.0485642370268949,0.08412999658679164,-0.06370705545543695,0.0011707599406277497,-0.0261060029162542,-0.1450914769840746,0.11785618272258176,0.22732097248587807,0.10643258361368375,-0.008575901137078651,0.14473287875404212,0.1454758690034088,0.1608867367607468,3
1183,1,1,4,-0.24266742086455034,0.23174941561421772,0.509510455591035,0.689028602526746,0.4801956528665179,-0.10282870998357914,-0.0448152025558001,0.08515260874121056,-0.14657838682789553,-0.009974522660676999,0.0868367609712073,0.07328432728385476,0.14892472201463205,-0.009197134492963749,-0.1960829246246705,-0.2812592315022296,-0.0779305911071406,0.19422386824839843,0.11661165793331564,0.1367783829461966,0.08204811650589125,4
1183,1,1,5,0.47188502936445936,0.11285235332493394,0.31546667127640177,0.5973692437007931,0.4088881376909158,-0.12625952774086335,-0.1987194314528657,0.03359568455603,0.12918803814384489,0.1464341983831513,0.3087942494163062,0.4299560045688928,0.3723642013997944,0.12346217855436825,0.21949471100664192,0.46681830625969756,0.11607266314806869,0.020501648612728345,0.3207036807999075,0.11768888537553143,0.21932784631943686,5
1183,1,2,1,-0.2733884876234225,0.028305893252127096,0.5735563549707715,0.6510228525434099,0.14500719489327135,0.16042675761492975,0.3246397645628887,0.2765172662538128,0.16639833926963274,-0.2613843453909851,-0.36829006559541966,-0.13682476859821865,-0.3804533449028151,-0.5081709364383323,-0.2579596356479566,-0.10020101438400494,-0.02220989046542495,0.1237293055889615,-0.16093332420474687,-0.047699645506669275,-0.0033955864904094968,6
1183,1,2,2,0.258853279593041,0.72716287502774,0.9091104836336877,0.7596702709085308,0.5926513548876227,0.4993681055497373,0.40880168559631647,0.550023185434986,0.30568071958405507,0.02638668769768105,-0.1366967440759027,-0.0335255494495649,0.4962383610599587,0.3435152703169212,-0.061950553934710745,-0.24336143504016705,-0.5017301660480078,-0.7234172543845421,-0.6558756952027998,-0.39114511015005926,0.1564879885502261,7
1183,1,2,3,0.6634845918688284,0.9468630647516443,0.992648469039462,0.6499114256243504,0.6180064063962637,0.4604950944807429,0.46642746627442666,0.6021400859205372,0.6405785572932703,0.7594234404905904,0.6720426775520134,0.5370716850624556,0.6944541667426523,0.7466364578687473,0.38545515953776704,0.2845678859053683,0.21781351163190277,0.1281974275800224,0.1730901577490664,0.28692155052398116,0.5463114641147047,8
1183,1,2,4,0.49314075573976357,0.6874564791521589,1.0686424606547518,0.919893074937942,0.7760269031667155,0.7732586863160245,0.9685150729815883,0.9292687174466061,0.37224049362939415,0.45372664942082896,0.7660160767370263,0.7006998751926108,0.4565557812094723,0.09119479984798784,-0.034460656539167696,-0.02640659442908835,0.00196513132287935,0.031060728191219095,-0.059256753203138696,-0.3976377423048027,0.44859499697353844,9
1183,1,2,5,0.7519607611304369,0.8775588831485068,0.6029164528904314,0.5886982903694422,0.6622523812933545,0.2953920502633193,0.17400864420997245,0.4283984770820103,0.4078413359967812,0.046991534408201446,-0.12055762760354315,-0.0300525311555406,-0.3658539555107518,-0.4489167604214657,-0.1741506799780849,-0.14743626218398104,-0.11368322119605809,0.050256876353622845,-0.11326116966258624,-0.2732865057921051,0.1549538486820981,10
1183,2,1,1,0.1418073294961233,0.31793390298601193,0.3735061309952922,0.4857487533642566,0.20352995815818875,0.11106588499786944,-0.20586250251229593,-0.3635531492850441,-0.2987646042651527,-0.3908404777386353,-0.42785789385563944,-0.836103574167127,-1.1415955771455464,-1.1606750524283864,-1.0499221414605333,-1.0799875884931127,-1.2650973990114558,-1.0077943001834442,-0.8916260487690104,-1.1712872077575205,-0.4828687778537581,1
1183,2,1,2,0.7816297075584657,0.44117770987293364,0.8687307771970636,0.6419690458433136,-0.07575046757509474,-0.5946815057250139,-0.8815520562088399,-0.7975536498780768,-0.4218710715128594,-0.25846134562469414,-0.4632905318572757,-0.52062117230798,-0.4758923151549918,-0.44780199620180544,-0.397219264174158,-0.3482338077431795,-0.6688485639126768,-1.0298475366831004,-0.8685502500947602,-0.784515191478206,-0.3150591742830468,2
1183,2,1,3,0.16075911046747104,0.1610142985504478,0.6873554835921158,1.1049749430707196,0.7148184749254723,-0.11097490190475981,-0.1269979853788102,0.2687152600492264,0.09264761662889616,-0.2058420471915799,-0.4969892998839727,-0.4976698332742101,-0.254173720366707,-0.3242447522979601,-0.5745119157477888,-0.7269355528036237,-0.7006815161643865,-0.9363673462065312,-0.878870481383401,-0.5855682853534773,-0.16147712253364288,3
1183,2,1,4,1.1063769119212497,0.7074099840742166,-0.10241718722510951,-0.001938156109883321,0.6505584834419726,1.0842344781493285,1.3019700303481938,1.0706871691117081,0.7424518975779968,0.523317401679734,0.1701249983448724,-0.02215268158740445,-0.18863854873646804,-0.48072745648953524,-0.39583329421036273,0.018308775705626,-0.03679666427911449,-0.316870717859381,-0.6153261174632738,-0.8929719324040428,0.21608836869951614,4
1183,2,1,5,0.8758445913660595,1.3534232524052658,1.4266550441609296,1.5724050953580797,1.4936768746982296,0.8103457980739349,0.4261816995141447,0.48196590322977717,0.21746656322180172,-0.006286528112583099,0.04857582190613775,0.06244625072706285,-0.012583656143816548,-0.29582637306733783,-0.4417238241159451,-0.5038931230070807,-0.6289634697352915,-0.3333314141875286,-0.0371299577729682,-0.18911756221261664,0.3160065493153128,5
1183,2,2,1,0.2210181101411705,0.4390836977180103,0.8493030008418374,0.9589641888138462,0.859893808830587,0.5794908405281602,0.12489575844372,-0.17342070579038737,-0.35219311105529927,-0.38835346418362005,-0.3636228282658352,-0.398690758424288,-0.7571039865286747,-0.9669023632805134,-0.9552134302768428,-0.9801938043311962,-0.9775945887501417,-1.2085691228831363,-1.1528253226558625,-1.3961016633336227,-0.30190678722210434,6
1183,2,2,2,0.5457769271034721,0.7030235107130343,0.5623462795692178,0.553964217148776,0.573366554532101,0.3839983705426524,0.1032300002330839,-0.41019959826824276,-0.5032136318698942,-0.44424136912880596,-0.5685363143703086,-0.5737515935089699,-0.6982469652779364,-0.8604712324609931,-0.8386818101353066,-0.7021390572706828,-0.7630742033115675,-0.8324349119083259,-0.8799194344418451,-1.1380425208337814,-0.2893623391472161,7
1183,2,2,3,0.23605080180903645,0.6843626096815214,1.0367603972121375,1.0953407052294337,1.2526937931392683,0.9473927518034906,0.28616294120701097,-0.07483132420702969,-0.2252961281293817,-0.6446861402765311,-1.004903197990747,-1.1998289965571354,-1.260400545749592,-1.0715361750208419,-0.921921267632265,-0.9547378948345531,-0.8346658469240807,-0.6472512103425057,-0.8097676813427097,-1.0309431238284732,-0.25710027663769736,8
1183,2,2,4,0.18695841697530025,0.7114080532647384,0.6403675093211167,0.5062526600548967,0.6324658772443001,0.20793429251942058,-0.1301169498203411,-0.13783372237143857,-0.49770088604449136,-0.479592371924939,-0.3164195497487673,-0.40494394673125234,-0.3962383974719639,-0.3413436826374186,-0.466359133410639,-0.8900677936963773,-1.0507496480665037,-1.0350460435854452,-0.9016799094806474,-0.9950750253582726,-0.2578890125484362,9
1183,2,2,5,0.2862304618397205,0.6207947815919437,0.6984721186070867,0.4998889877094018,0.1117388028006798,0.14114207518617194,0.21025916605839218,-0.3257137572903534,-0.639898556679181,-0.7945329495286518,-0.9283738169166679,-0.9697550556926233,-0.8474073619477032,-0.709480036702522,-0.5212582669305215,-0.44334135686957554,-0.6935649853441995,-0.9378167930342088,-0.8933411673814218,-0.6360295514383958,-0.3385993630981314,10
1183,2,3,1,0.6339940166784787,0.5641009847302578,0.5352379076083634,0.49460744300408555,0.47950773227544885,0.3931170350379728,0.27768810842203245,0.45613343137331763,0.19967835246495302,-0.2806006954115938,-0.5911342462633725,-0.30004693317975306,0.07563015728880865,0.0173112680903222,-0.0638069250718864,-0.21470848054148395,-0.3973212359957189,-0.298154029595635,-0.08580705530834035,0.008001521036326502,0.09517141783212921,11
1183,2,3,2,0.250562921899232,0.33453259020614023,0.5718579482109742,0.7613637197197725,0.7463545184621407,0.4830472383981062,0.31822818835314876,0.2274476633106379,-0.09865047591148915,-0.22775752293793455,-0.22151013050876203,-0.2758789465618206,-0.2662725585826282,-0.19109531842627495,-0.08867387742850774,-0.1375628328685155,-0.5966542037709076,-0.8070644185499827,-0.45948209636053183,0.03342613294593269,0.017810926979936498,12
1183,2,3,3,0.38779241199031766,0.8117241213406108,1.0132314486953864,0.8790324669967016,0.9692690875013811,0.939854887417233,0.5309921082704089,0.2766736802087699,0.15042154919283696,-0.2286716403974474,-0.40796419138970796,-0.11644249244468921,-0.0312524529439283,-0.16602530381690034,-0.08728650505956614,-0.07903122243740496,-0.13323260032246434,-0.45867518999091933,-0.6557888300254646,-0.6138725364195072,0.14903743981828227,13
1183,2,3,4,0.5633132697934571,0.5959901046209553,0.6867578730195065,0.7826681463124218,0.5381604215360387,0.1133678833841345,0.0215173618783673,-0.06716280123907065,-0.2870641100570346,-0.22951101067348928,-0.022358244239182652,-0.06413128093205135,-0.26699893831698035,-0.33532904245648176,0.03488500639673514,0.14837288081369743,-0.07898746989443255,0.07980648285075526,0.15951952832648605,0.039409340204903553,0.12061127006643671,14
1183,2,3,5,0.018642763479840396,0.2491255371989772,0.4686691026582884,0.847955481644684,0.68102005499193,0.22714794669480648,0.1519755060324114,0.14541015197660684,0.2335521613095572,-0.016084480493578704,-0.2130885417861978,-0.026719694749924305,-0.27121777506107,-0.4277229171431595,-0.26533322358091527,-0.44605039399413793,-0.3431933599511503,-0.08681906251257909,-0.2850670131065234,-0.3046862838964892,0.0168757979855688,15
1183,3,1,1,-0.25492616717797445,0.09562996468030799,0.6461018741497369,0.877269143003045,0.7254110500366588,0.24729648609111465,-0.14044621798120038,0.08771647614732846,0.24846074639773175,-0.07280244265829035,-0.47378937780431696,-0.41339521132205254,-0.17525093824807306,-0.1346274211547958,-0.4186754857825591,-0.5641782615550203,-0.3713754766157811,-0.30132860625675256,-0.31602118169221427,-0.35953692859554054,-0.05342339881693235,1
1183,3,1,2,0.5829718620590933,0.9370043507527097,1.06849172350289,1.0375604719744926,0.7894813256716248,0.7255610953348782,0.85328882739726,0.6618788906728525,0.5160201258880093,0.6021640607758867,0.8230140814415934,0.9621021766730352,0.6047631262537667,0.15968172975536027,0.30711857480064997,0.4698003714480099,0.19056631572099186,-0.035734950033318245,0.1041071555973804,0.2955450220428716,0.5827693168865018,2
1183,3,1,3,0.5530866164256558,0.8047373419087596,1.1429688734193455,1.2118434482133082,0.9004250149748941,0.8853915438386961,0.9641704590763827,0.8035731162435463,0.7639210244479557,0.4682911714492408,0.5952539330855916,0.6361587158081898,0.45020177628560887,0.5856083863891842,0.5025156994012515,0.40047743230607485,0.2893143010851724,0.3367343440180826,0.5668635778364102,0.448508066813719,0.6655022421513535,3
1183,3,1,4,0.8781794944635115,1.0903445983932756,1.4460257388364415,1.5608243916170759,1.395336456968454,1.4070679089629532,1.5625908290027377,1.3080852446687625,1.116024123888891,1.266003755696345,0.9644771381843606,0.7992137271383203,1.0029763429107157,1.0288837953659624,0.7645852107996056,0.5912932391701049,0.6885018554172662,0.5911956186777066,0.7080540434645439,0.6523363483643648,1.04109999309957,4
1183,3,1,5,0.40514071386748896,0.6649177036813709,0.8875302996055033,0.682351412573615,0.49666248075447317,0.49412389999770123,0.577380399304503,0.41080472559873904,0.10298147666603046,0.30590904805639785,0.332947648332356,0.006870615547959799,-0.09433157353945479,0.2590370409581658,0.35988656530858565,0.12409020376409095,0.19882719868965382,0.20131660288854233,0.1311715566993508,-0.001818479831765904,0.3272899769461654,5
1183,3,2,1,0.14974919477222454,0.12811179518806046,0.4801066696047522,0.6785395433459733,0.5494062765500523,0.5795478087885005,0.3522622345440499,0.19054768184346177,0.037149925966130745,-0.09607956508636231,0.06681461678506315,-0.16518451492805447,-0.5243933822752598,-0.5389384206318448,-0.4281362022123685,-0.27335346371107494,-0.16996209233288273,-0.1012077820443026,-0.16997340477260142,-0.36641845439181303,0.01892942325008515,6
1183,3,2,2,0.2142921208118071,0.6265115591373966,0.9174469398857392,1.0357132516673926,1.1793147155218362,0.9266106474774733,0.572230957554792,0.34894163046619225,0.09913877771416299,0.0161097377325101,0.11385941371516914,0.30687668269545165,0.15185524841280543,-0.10728860240243895,-0.10462105835807904,0.11349741470399725,-0.050918757662888545,-0.3037123402681997,-0.2268473598668037,-0.3110261717677103,0.2758992403585303,7
1183,3,2,3,1.5054933114680331,1.7702534903385334,1.5466236784060445,1.491261077646923,1.3782053273839319,1.3006797893891786,1.1176815365212955,1.1160794281621915,1.076279505269677,0.5551281406315887,0.4943168759272528,0.8913146962638636,1.0993437955798553,0.7860077505576304,0.5195869613768833,0.710312227474442,0.6074385680681466,0.48425691569086143,0.6654505198456633,0.5182514257570621,0.9816982510879529,8
1183,3,2,4,0.20524643669898568,0.494122302989992,0.6647106756980539,0.6953771280887129,0.5773954052378204,0.3866234611601253,0.37290435560137714,0.11063282714456969,0.18166473832905478,0.2939300426778859,0.1555762267630184,0.44280284470008213,0.6653460402960057,0.23109629659254638,0.13996038427243684,0.4597533853447378,0.35876674316240914,0.2025414847362626,0.12154454909846694,0.37121505890249457,0.35656051937475186,9
1183,3,2,5,0.16357301366367769,0.1333965723391675,0.6559138891271881,1.1967012441419267,1.0666495617650702,0.5757673344064953,0.5940992956944282,0.8355951933302089,0.6905137667044017,0.17574667436871996,0.003573680348094993,0.19213130528746142,0.10951320628034555,-0.006507867232530801,-0.10635216674263251,0.06899132190497374,0.12198165975392534,0.35048497786495997,0.32130720063815743,-0.10878116286395095,0.3517149350390043,10
1183,3,3,1,0.7650218596393306,0.7645945250200877,0.7476261274085083,0.8450418518791594,0.7564067727055622,0.34393525272825065,0.026464392032259948,0.136787083960273,0.019832361846062796,0.061885336963768245,0.024629277959216184,0.18775501183024607,0.26789144693772826,-0.13097583703511428,-0.2136959994836405,-0.20890379286994554,-0.0661508613994099,0.10793920210531695,0.1741376070965343,-0.07896095387092114,0.2265630332726637,11
1183,3,3,2,0.21046026836471476,0.4144586886047913,0.8354361721275377,0.9115619614259807,0.60265223891012,0.4448247279159603,0.563123338602532,0.48730099408641525,0.41661385687254643,0.38141328604574987,0.4872160923070745,0.5010325376561743,0.10774214269175439,0.014497676900004544,0.328807769700162,0.14285248132555475,-0.26764438742318986,-0.27684517905506967,-0.10506494551653596,0.09929693352151805,0.3149868327531897,12
1183,3,3,3,0.10684678961639245,0.665867949217807,0.9999115059322476,0.984278135437516,0.9292868468781987,0.6584655075568859,0.6264910137976182,0.705599392764142,0.5654840325776174,0.34580439306908367,0.1840428684443636,0.11844833102930379,-0.1619624002283773,-0.04011099624447291,0.1892195565319022,0.2685407813324707,0.12272302651505951,-0.0729584747439318,-0.03200494158193145,-0.08670701308539144,0.35386331524082526,13
1183,3,3,4,0.2114188358791906,0.5771255840364842,0.9606508196181829,0.7079565623431787,0.32225303440345476,0.2650726310601757,0.1428999594535775,0.04111871030116475,0.0343630635357186,-0.30803991462510694,-0.2666063745369302,-0.09862720395346021,-0.2076254707015209,-0.030190989454878803,0.050662309764696295,-0.055328975880430495,-0.23199244554632914,0.03309155062667066,0.18786125546438254,0.036299187642769196,0.1186181064715495,14
1183,3,3,5,0.36329244623992935,0.9366619775386518,1.1939983558904466,1.168616929435355,1.17451149924013,0.8481919861867335,0.7002791373810631,0.6748860359500564,0.4397099175407271,0.5535627012229839,0.4803061185109753,0.33077250051303253,0.31910424448647867,0.2985169272959902,0.6240256500692367,0.915153832238181,0.7293913255525427,0.3153983384884492,0.4018267117108845,0.5518317732089437,0.6510019204350396,15
1183,4,1,1,0.0649535368081878,0.25878425124181204,0.7664567759475668,0.8889915116298396,0.5004282609403906,0.10873126760558999,0.09119861808960915,0.32501056259757943,0.3326358091671056,-0.10408219417565472,-0.27645740069074703,-0.2368264051316297,0.04603708793720765,-0.006731464846487484,-0.5284592442090045,-0.4365500253070003,-0.2876046164912732,-0.28226304086329357,-0.453180433110218,-0.5610497428688261,0.01050115571353765,1
1183,4,1,2,0.10674552481236564,0.46663854740084604,0.7437802846180358,0.7897972931740792,0.6410193849979846,0.2087375828744317,0.11731745324896206,0.335920980738567,0.31705612805043415,0.1866032367385889,0.1194640662055682,0.0379287354014967,0.10923299266519176,-0.03976209012222624,-0.2713212254531975,-0.25205834049492093,-0.32286145851326087,-0.09930630012398126,-0.023198768180966695,-0.12386421360851779,0.15239349072147396,2
1183,4,1,3,-0.2042810012795941,0.3046484545105941,0.8815013886833619,0.9279341307656956,0.8153863021621705,0.49118014283625316,0.316338405057243,0.27960223057223277,0.0433788450157047,0.1817118976351184,0.31740091585503827,0.1428636819574588,0.06914946129090674,0.01616245576574215,0.042934141058686995,0.18063598446241563,0.24272952750828494,0.05002848727077869,0.17800652826857627,0.38562309705571873,0.2831467538226194,3
1183,4,1,4,0.5937417147385012,0.6837408250876424,0.8121187974259745,0.6861009221745153,0.5118222718719676,0.4650854337293294,0.017694046249994655,-0.1598389030665511,0.0222631630658826,-0.13302278150876584,-0.1781636958703519,0.07612050340632626,-0.08849214055097965,-0.2449393846327654,0.041316739430758906,0.2535015461841266,0.03222978223182191,-0.07140458597161284,0.07674713735707535,-0.1421874351782253,0.1627216978087332,4
1183,4,1,5,-0.08098680178473369,0.1823180213903995,0.1414403932762329,0.4135531495781104,0.9205595488508571,0.9875344604980617,0.8670725712872709,0.45234659528801724,-0.03642680701391815,0.046622022142025904,0.08221957305656666,-0.05443714851885775,-0.03918336494211335,-0.1486377871954662,-0.16204187147111815,-0.10572112005958985,-0.04205202606434055,-0.034000267702126254,-0.016069068027714004,0.05452033658205648,0.17143152045848098,5
1183,4,2,1,0.20794963459358984,0.37746097359541725,0.6014349044402919,0.9919984919871583,0.7345714040313874,0.3499812717946371,0.08093137352289814,0.020753030479590998,0.09696177133509605,-0.26032150590131325,-0.48649197665560473,-0.8362636985415178,-1.0219477978931484,-0.8597182966857112,-0.7231079965817995,-0.706258682234095,-0.5514992213030746,-0.24162578165711385,-0.31358635260041523,-0.5538739014608679,-0.15463261778672965,6
1183,4,2,2,0.3763334618086831,0.5178024255796236,0.4193087190792478,0.40812368176980884,0.22997764588583194,0.12945887187820485,-0.12765645000090575,-0.28326630160234334,-0.2122047807350296,-0.15791321556222981,-0.3765375104721722,-0.45578171562192665,-0.1824105609970804,-0.2425788219853102,-0.23337300675971465,0.020555526229245204,0.026739355313528945,-0.0207696644347821,-0.08445103471418006,-0.2563557921571317,-0.02524995837493155,7
1183,4,2,3,0.21796470268628326,0.5347396108140603,0.6937856224254386,0.8812846945577949,0.8964379778763776,0.709659538835416,0.30030020866108414,0.12576158091046355,0.1642496775062884,0.028447554697160902,-0.12210996487700355,-0.36014360528299294,-0.3170704145463672,-0.103143701004899,-0.16709326467132168,-0.4054875555845657,-0.687074610163808,-0.8581557975523149,-0.6500991850222225,-0.4849403354082466,0.019865636742831247,8
1183,4,2,4,0.45589444818132707,0.545393666959616,0.6899215783751156,0.9608517471697614,0.9219390543303912,0.6814351217055881,0.47176575993444025,0.3267365311339051,0.15997226625872435,0.18977771441848734,0.532873029444529,0.5211026827115153,0.34353410266869105,0.2121366593179208,0.0571146489012133,0.1302967863298956,0.0680185612770084,-0.24662597826516724,-0.29301198772469483,0.00876169159531505,0.33689440423617917,9
1183,4,2,5,0.17592053505314204,0.21374599353616885,0.3815592614674608,0.49710443704772644,0.6403306579082717,0.5966878493635003,0.24129159813667,-0.0076391355478555,0.10679796590135224,0.12855405958054375,-0.05650832196680995,-0.1356748043716301,-0.14252085062271355,0.041484225229718744,0.1794474612156782,-0.03177050881376705,-0.028399989118159205,0.25543298291443095,0.27053744385316597,0.043773361246258746,0.1685077111006577,10
1183,4,3,1,-0.26435730535988594,0.12929621885157855,0.48005015151914116,0.357279205997466,0.232771339638928,0.15003990096998004,-0.26201065100805127,-0.35475074605693013,-0.4671658364943562,-0.8099150937021047,-0.8450434344834687,-0.891345918014453,-0.9268843573429668,-1.0042906455939467,-1.0297187654608475,-1.0958907265901314,-1.2375524565996234,-1.0793466982302236,-0.7020490654420177,-0.6061114373690357,-0.5113498160385475,11
1183,4,3,2,0.3925965835586931,0.7262510768127167,1.2281369823385486,1.4544595174236519,1.2739099849624234,1.0918053007114703,0.8188179567718912,0.5308977981695686,0.332421095194783,0.40029973926881357,0.45751764715806675,0.3580712611402008,0.29627675876621357,0.5634912254749463,0.8654843659434241,0.660455418819944,0.22685951784344774,0.37686476901742605,0.9162226543774298,1.143677946761271,0.7057258800257464,12
1183,4,3,3,0.2570529611681636,0.6397451499643412,0.954013152038545,0.8572691272669257,0.6029743161071601,0.2716590875375934,0.0257029816183386,-0.0552618562132536,0.10809618859604617,0.3526891095045219,-0.020035989612971566,-0.20811401674589688,-0.024024027342758998,0.23334580398438315,0.43477311096765847,0.0909341578995074,0.06764837840279356,0.18651764794620676,-0.004748853533057748,-0.21548898512309975,0.2277373722215573,13
1183,4,3,4,0.34616768142368104,0.4085554648230516,0.6065159023884474,1.0680790899577493,1.3011483134202013,1.0806094190130644,0.41201255630055816,-0.06688771636096344,0.03806614120633185,0.10013686579831466,-0.02701673831655605,0.0794554494351749,0.0157725807625195,0.29227332276247653,1.2329025001453815,0.9649130014676819,0.13967972258191802,-0.09966448536490509,-0.15094295786600503,-0.34318810777718944,0.36992940029004673,14
1183,4,3,5,0.802399493784234,0.7488879367730576,0.7924770357357618,1.030091330715976,1.3773153587233153,1.1718120519157647,0.6673405196178714,0.1474022876924887,-0.22649710819194255,-0.14186718810598295,0.2454981859590652,0.14930364914823854,-0.09233425869837539,-0.12870075072225756,0.017198633252101747,0.11955571595861539,-0.17296739951059087,-0.30119757676341186,-0.2789880410769626,-0.14735772780290826,0.2889686074202029,15
1185,2,1,1,-0.1499052386819882,0.8240330927099773,0.9353225422398441,0.492460849681819,0.3827730213455929,0.4917939841865799,0.6978135833309904,0.6769249200997771,0.5716187626341465,0.3332556076042024,0.3169487273490986,0.8052670437251066,0.7815793047044286,0.5184604038384656,0.6545189120425686,0.4233720192985967,0.10403719219308166,0.18738315780616577,0.35303753053131703,0.6571787873525996,0.5028937101996185,1
1185,2,1,2,0.819113715357989,1.0796783403829036,1.2685790058042974,1.0885619628750656,1.0775570007978335,1.1653587163105605,1.2525280430663963,1.3243165279312306,1.3729318151072345,1.48497273818631,1.2215238769232888,1.0240492364522513,1.092506470645436,1.1438515111485676,1.1480641518706278,0.7560274428684078,0.6985425385148147,1.1338105226068265,1.1228156794095807,0.9141043519556072,1.1094446824107616,2
1185,2,1,3,0.09051445458090224,0.5129278047460704,0.9089974212097615,0.5694007550260151,-0.10751288716578379,-0.12723373064376317,0.1761250310808449,0.2846142967420433,0.1240506274415529,0.0821174016950097,0.0822116448701922,-0.1679337562379293,-0.29732204181394617,0.0627060894478984,0.2962744409764063,0.14959195879108644,-0.003420964297459056,-0.06880768037412925,-0.11761744749616325,-0.08831021288747411,0.1180686602845567,3
1185,2,1,4,0.40493219376563816,0.5351139201326228,0.647927778788951,0.9153060795605614,0.9351726466556479,0.9548320901670314,0.9051456159931562,0.5486075183679107,0.7011398693229199,1.034889818855726,0.7583515832887892,0.3587653715683063,0.3324896576556846,0.5394157005928324,0.6061653431586562,0.567900327120465,0.4593778119253879,0.1255334549824017,0.08655557572319406,0.20432642210580143,0.5810974389865843,4
1185,2,1,5,-0.28214042368009884,0.5081087196065823,0.5325452849579895,-0.17652011317501465,-0.3888815417653061,-0.22382937804443304,-0.4391825536910119,-0.3527996680546315,-0.17883301503214372,-0.19294464778341355,-0.40502251912581044,-0.41332866800401524,0.09029543378983809,0.23720552288287133,0.03339799201764429,0.1445375805786101,0.2140656163454643,-0.01875116448970115,0.11012514169430206,0.23859584892755134,-0.0481678276022363,5
1185,2,2,1,1.2133393583519498,1.25653897778602,1.5381900194638043,1.6517121909192003,1.4624413330303816,1.7948733973768172,2.0521953870083416,1.6547981454350944,1.4045599996280864,1.428224743920857,1.2563227278991378,1.2781808811646491,1.4880518973652122,1.0096004274008488,0.8412853666967661,1.1376834561586158,1.6114298233585889,1.333904433662055,0.6935370598582848,0.8714806703112764,1.3489175148397994,6
1185,2,2,2,0.4618868251311407,1.2370725547623471,2.1047870958236783,1.8658348810331682,0.7888454172253379,0.564973253251731,0.78640605367694,0.7901365320132057,0.5820451025900956,0.02424114631127805,0.011356775207272352,0.5226213580604367,0.5284813051264017,0.1959684809873205,-0.18277099863537524,0.11931509661969958,0.3598104826922307,-0.0722214935457553,-0.2337771637793013,-0.3239479810407959,0.5065532361755528,7
1185,2,2,3,-0.03525051416516539,0.09383002053975456,0.5724108955632686,0.558268092824125,0.26858193640354844,-0.1925511306153428,0.10735288428729417,0.6505713841501115,0.43067401835017444,0.2610133912774381,0.20851730074236363,0.18930598272252408,0.22990801343733164,0.056165778132274954,-0.0018450932972758488,0.4043395607838987,0.2680522782563127,-0.1363856796474826,0.1560725257319445,0.07556729780034399,0.20822994716387208,8
1185,2,2,4,-0.07607791308769914,0.4437596467691181,0.6071706470611011,0.314980246938275,-0.0384814483525873,-0.05211770432263191,-0.07221849960810955,-0.14661742248371154,-0.018118696583858,-0.11149504106870758,0.24656922671281561,0.5487648300795899,0.25853612025534034,0.5666377910129209,0.5158050145945385,0.007097090590887402,-0.1549158077847328,0.1474658040192145,0.47093045401972544,0.1506534300105051,0.18041638843859964,9
1185,2,2,5,0.628226802897454,0.7224206203883454,0.7826577901502336,1.1217209168712978,1.5050987467722683,1.5260401359837512,1.2141424337785307,0.8088191678427054,0.7531713563701559,0.6546791450112757,0.6834679703655484,1.2542602582945017,1.4634512309255059,0.8856748168519202,0.7491877378411849,0.919550686666196,0.7639493595972038,0.7658652500767714,0.6017535649752379,0.3781164934005744,0.909112724253033,10
1185,2,3,1,-0.0583748638460543,0.3326899218947841,1.3790975327071024,1.5522935587077888,0.8430521372691611,0.8257665204119747,0.9817394241340248,0.487168964778829,-0.1825358338687972,-0.2861371930515651,-0.04633140341153445,0.3682522762673762,0.8177406686028101,0.9049109588194125,0.5606591552224225,0.18506419895044396,0.0659065616383968,0.18135381642320864,0.7106745555102619,1.047583685468977,0.5335287321314512,11
1185,2,3,2,1.338841504732637,1.5395244529735814,1.8816123905759974,1.747201328637816,1.3249715290175081,1.7270749204975804,2.056999458539184,1.4569067510262228,0.9296379661178046,0.6281904169325091,0.7533500009758718,1.0524335060086092,1.0331103422569394,1.0188186550929377,1.1772559694875437,1.116857617824777,1.236071297128874,0.9956240612408557,0.49557238209594257,0.840061099778794,1.217505782547099,12
1185,2,3,3,0.07073174848350536,0.30118929442016124,0.5156443158531483,0.39015305280951584,0.25062823237648946,0.2817665034304909,0.36085420546359265,0.23605848297773233,0.31810414572823176,0.4080565828649776,0.14617093073791151,-0.0501235347322888,-0.18062801708171722,-0.054056565944433144,0.10274906515939211,0.09974144681766506,0.21126263287900165,0.10311857063251618,-0.1639292557140232,0.1132338732392782,0.1730362855200574,13
1185,2,3,4,0.018019397183897556,0.45609391902055074,0.5267200875757521,0.298606790773111,0.3303592852690515,0.7762637655367861,0.7640372971527191,0.1681430798884772,0.14087391786535353,0.1950006273551268,-0.23296787530551305,-0.07219335164394294,0.33924406372441906,0.8541589578077466,1.196900331096031,0.6281460276930517,-0.13117822044699656,-0.24151364726512844,-0.05211952447986185,0.15898885313105082,0.30607918909658405,14
1185,2,3,5,0.7288952795285085,1.2680145706963462,1.5772327013087533,1.541700826160021,1.5371742817247507,1.3560821704825066,0.9278729462249402,0.9183840701834889,1.0883243965030736,1.1434386081243557,0.9904401712716585,0.6302634788802228,0.5356185171832613,0.43845734659132596,0.5322217082393236,1.145930332057735,1.2943622132758446,0.6173826811278156,0.2358018789945437,0.4598036157983098,0.9483700897178393,15
1185,3,1,1,0.07721784874124314,0.41240154901365267,0.925893116086927,0.6602106951234654,0.4109478711065295,0.5784732839767665,0.5863798513946967,0.5025319977552012,0.5222389761248902,0.4588362938940655,0.20104059613196362,0.1086771786702761,0.6118888536803928,0.7402415535861768,0.5794842254390091,0.616552650119499,0.4653577840995807,0.3943294598740666,0.5319424323045292,0.45991470734610995,0.49222804622345206,1
1185,3,1,2,1.5122592654121574,1.6786661418198996,1.4345992209409968,1.3589647678576036,2.0138851598980065,2.004141998010155,1.3576356160350804,1.3548003142126945,1.2936277005097778,0.9990271761955423,1.2646514751011821,1.6538508954074347,1.8693878344111312,2.037866590317827,1.812517751035009,1.4078803231703383,1.486181533958057,1.5131644571287914,1.5468446518230876,1.6328352757818487,1.561639407451331,2
1185,3,1,3,0.29667007578904203,0.2612055455621098,0.4687155858356544,1.0203526328561685,0.7900867247513659,0.23428584616544945,0.42069852682801356,0.3357400098130353,-0.2907774215878002,-0.46261450578916646,0.043451551745637945,0.5420970334116556,0.4283254467315599,0.29378745920413496,0.41772287564852384,0.1172159958132103,-0.18507827633862245,-0.1398899925755895,-0.19674211876677444,-0.16164357561963286,0.2116804709738988,3
1185,3,1,4,1.3111689142471736,1.380796511919873,1.5309313239271551,1.2024134313091923,1.0649488681253136,1.3980119692082247,1.5616667797293515,1.0812110373279107,0.9306263167171669,1.2073700400145357,1.1959039277191246,1.0407830757734073,1.1418386194097412,1.2454769969015114,0.8865459315198296,0.7728464354625504,1.090386069569022,1.3926233384584044,1.5065438888336906,1.190873665660369,1.2066483570916775,4
1185,3,1,5,0.6401822143591144,0.7677521401349652,0.24191679840877045,0.38293794350195515,0.329021477841389,0.05691364998491945,0.2486089004447598,0.43842288396878065,0.23083491182304536,0.496420468963295,0.33046898104190636,-0.1812169819521541,0.14954789470783642,0.2432435635025802,0.057253219283603496,0.1640084910299108,0.3786336080996141,0.4656564510105283,0.18702099615050782,-0.19440575650308034,0.27166109279011236,5
1185,3,2,1,0.6370977669208739,0.8627517425683389,1.1986967394487715,0.9784888179221155,0.9292374484128637,1.3296254382918171,1.502627278932601,1.2835616493534205,0.9707740781632308,0.8319471153568309,0.9366337180219932,0.7872906738225122,0.4880043034183529,0.9556373305085177,1.2056928523423478,0.9450911932309264,0.9391502415753609,0.8773405809359299,0.2154013111293485,0.1296925219532712,0.9002371401154713,6
1185,3,2,2,0.6177984776369305,1.0242123260575062,0.959199115646884,0.4959286500184773,0.5059473280874486,0.6672392650265395,0.40693579859428497,0.17039578226879937,0.6193811657427006,1.1759381737038026,0.7742066813334001,-0.016694999209816958,-0.0694738094454439,0.2748584072826661,0.1482585439644658,0.03931571940133075,0.5685119859975274,1.0199293373674465,0.6724181889081983,-0.05370420050410596,0.5000300968939521,7
1185,3,2,3,-0.5298281180084221,-0.43656569362122455,-0.2131325624926197,0.2773339523197466,0.1543962572553426,-0.34282060761590494,0.050627485673449796,0.25517465198491074,0.21144390485564235,0.5416930830603708,0.3411218860860551,-0.27491709506395173,-0.45021933872431186,-0.03192577993694287,-0.08114478714849496,-0.7028379268100577,-0.7394699289272985,-0.6938359948919309,-0.8110688959608108,-0.5546137329087155,-0.20152946204375838,8
1185,3,2,4,0.8505108669193968,1.068607949172981,1.2675005156051649,1.635413973884533,1.7028567651951811,1.279967318031951,1.2271190224964594,1.3997850290231881,1.3084970902942414,1.3323582652853627,1.630698026140466,1.517982783081818,0.986586118988856,1.1211571493994565,1.1430910773118736,0.6704982892054636,0.6153346013042064,0.99628986047588,0.8476075582005168,0.6789871714588788,1.164042471573794,9
1185,3,2,5,0.18752975782468775,0.4258856306342118,0.6561460326917177,0.8222532313348527,0.6278962180851577,0.5700466546317724,0.3239617307184629,0.1470828864082071,0.2604103945369717,0.18879854893255604,0.23291625136201738,0.35693865953896897,0.5137140901471956,0.6257291428424502,0.583033226271811,0.6583165158911554,0.5909023407810179,0.4810827902544087,0.23246922467349185,0.016289109419741696,0.4250701218490428,10
1185,3,3,1,-0.37860206018439935,-0.12606038808933684,0.11007563131969014,-0.2532359165845523,-0.4690199488334063,-0.2527319441253683,0.02100692401854995,0.363974730615521,0.4497819819611447,0.2891279761315027,0.5765285850519205,0.3913773168294219,-0.22417262985977549,-0.14314137609769975,-0.05018565764660526,0.0641398435467782,0.4149534442595987,0.049679988510495876,-0.22736910084467635,0.27063782676617976,0.0438382613372491,11
1185,3,3,2,0.5266455376588629,0.9301758358441476,1.4111323885811677,1.638386158853482,1.3912470313191774,1.200374696004308,1.0047595768553115,0.8717771432276,1.0822678306526656,1.2448103924287026,1.1790665090758377,1.0407040693465563,1.0484729723318003,1.2066929199487877,1.3994698076011833,1.427279853596155,0.9866636376531375,0.6051349230364843,1.0751240955798091,1.378061927313353,1.1324123653454266,12
1185,3,3,3,-0.08361244869899198,0.2671291195226707,0.0496467797666408,-0.19217133305620074,-0.20518153054875946,-0.0635654269686421,-0.07591368991633804,-0.1708940746613833,-0.2805316661814513,-0.18633568307993797,-0.020638860605659254,-0.09456270136833575,-0.15020235054052006,-0.04407207410689655,0.24804914036294515,0.42701754959209776,0.3826290735049632,0.1450549346294704,-0.11775068189519974,-0.09812399311313436,-0.01320149586813315,13
1185,3,3,4,0.027598770840267902,0.24530389667717187,0.49948400767389534,0.49683408774040727,0.46656276844080835,0.6133951218533047,0.5952341372499994,0.6329247070832118,0.6861456311343167,0.28953038376631557,0.1116791076086182,0.1715999090387309,0.1916150967973625,0.3074211928068269,0.5362949977871554,0.6190490767702079,0.687090002136294,0.3717122644001241,0.32955649981927065,0.3549868037196729,0.4117009231671981,14
1185,3,3,5,0.02891520467918955,0.2930157658055038,0.8063145675620913,0.40306825161065357,0.0826209482920724,0.4582361492270877,0.7023721187339994,0.5842287924018228,0.5739118012956065,0.1954998629771386,-0.18901727281432246,-0.1116948669148363,0.0250613510761547,0.18953247825623998,0.4275646574534778,0.4634115741422715,0.46359476496404667,0.36934897903212716,-0.185352824000787,-0.5106313643968213,0.2535000469691358,15
1185,4,1,1,0.36791016355928813,0.7873932235767794,0.5451905415892436,0.3939409540237012,0.8156102781171526,0.8011558025887947,0.3126839766934757,0.04101800619647445,0.12988500204654504,0.30125601455968953,0.10864380411439474,0.05331449566920579,0.3755419787764893,0.4190346457561621,0.4855361087418584,0.247104032911369,0.136790354059675,0.4463247340522969,0.2564944583449489,0.1472054696357237,0.35860170225066346,1
1185,4,1,2,1.149742631986163,0.942786903429685,0.7194659207083083,0.69121576753666,0.762848389280784,0.668478526489448,0.6127536880496658,0.6881517610077501,0.4971821507400148,0.679635966789699,0.8631180570945602,0.7506722867361432,0.8692867916143932,0.6293537699352784,0.272415406923691,0.3834268043881587,0.42188544815963513,0.45606603613878427,0.6647327825421624,0.574428104329936,0.664882359694046,2
1185,4,1,3,0.26213433837598643,0.39390110899114217,-0.034639285811088216,-0.31805040546699864,-0.12439061575563234,-0.02718897412355825,-0.1479417251251592,-0.16471104132642456,0.09051233186572116,0.057339745472257855,0.03540693823307689,0.40591778210002283,0.475106287711322,0.13886296936306416,-0.14442412061834203,0.0943357041790671,-0.010200941808698127,-0.2864417872459714,-0.2452669388281078,0.1309380609428783,0.029059971556227852,3
1185,4,1,4,-0.1098615157041533,0.1570052397296444,0.6708379995105589,0.30758013367831577,-0.21316017366544748,0.17152883392433882,0.6088265643336557,-0.051324850923327336,-0.1612886826195582,0.030103305075802694,-0.40781909055310506,-0.3058230386147021,0.21847753068353903,0.313021092770816,-0.3280887682846209,-0.6438818079488298,-0.09317312685988366,0.287121163343073,0.1314607575240937,-0.047756663593083754,0.0266892450903563,4
1185,4,1,5,-0.20067670099518184,-0.0528800200281777,-0.2428802993374801,-0.5245523274787154,-0.2876046253980012,-0.14785077545490705,-0.07087177733169026,0.1974483276798602,0.3479350672250666,0.3024239114003215,0.1613454016595696,0.036858188977730896,-0.06636987702349215,-0.2676633900640042,-0.32502589599786313,-0.0579834676420827,0.016425074298067246,-0.0885638239134963,0.09500637304445421,0.26036140196235175,-0.04575596172088345,5
1185,4,2,1,-0.17544805329165095,0.1677786088022989,0.3766505080279096,-0.07285981849108761,0.24061072315267315,0.5620200801459887,0.7186991957527125,1.0525282611568536,1.2276971349131538,0.9953490513783156,0.3232948416170227,0.3455005539217002,0.5641588272461434,0.9549117018062476,1.2101608593370066,0.8199749518310526,0.8972063133604735,1.2272800171936296,0.8428720161390112,0.36463167903252836,0.6321508726515991,6
1185,4,2,2,0.2676677406388406,0.37292438118987015,0.5847311066394969,0.39105304365462734,0.3438823973534457,0.6643885080312513,0.5456430402529712,0.4883079922854114,0.6122522674000183,0.24147405336267183,0.24458309553774568,0.3642193475705854,0.3828168149382878,0.21648262681893535,-0.004144206333247198,0.34544000541020964,0.39201965760906365,0.41214073561988074,0.6067863682517163,0.5073084886689672,0.39899887324503747,7
1185,4,2,3,1.0678408628854479,1.4179731521170087,1.6475667525025672,1.4836431043768152,1.116097029840491,1.0059803139640078,1.354323685423787,1.9223229445060999,1.6980942326015136,0.8397980259541334,0.642569290742675,1.0085827535282594,1.4542430847184695,1.278195445295556,0.9940103150030044,1.3218689244464386,1.5684123584714027,1.0485848262361392,0.8089938252075235,0.9425489167456954,1.231082492228352,8
1185,4,2,4,0.13501337191883594,0.20144593590859283,0.4798466080369834,0.5936643791093781,0.40007695249031683,0.02410455937848753,-0.2308183113484754,0.0503572041812142,0.18498714450111206,-0.27858736193294376,-0.29606387373175336,0.0969240804115868,-0.22058436538047999,-0.10384037977395408,0.5033604642476057,0.1711102489663671,-0.546723255928458,-0.20781347403848582,0.7724064396737028,1.0207347486704652,0.1374800557680049,9
1185,4,2,5,0.23097689463936066,0.1421628012827258,0.12271698351160795,0.29372509574985384,0.9978120598865375,0.8943125802248982,0.5746474221076119,0.8015274041285287,0.5451854879653592,0.32804492277686115,0.706884274739947,0.3484413571091306,-0.13262336179281575,-0.044769646448740305,0.04731169292793326,0.1904931558675502,-0.23976817454680824,-0.3234665316017663,0.0991216282555798,0.04147627093009815,0.2812106158856727,10
1185,4,3,1,-0.16203850853735258,0.005455405993973261,-0.6455978287990489,-0.911814315895555,-0.5188207526329511,-0.4377299101133888,-0.7640544615317766,-0.6618318738719976,-0.43909929745071496,-0.3111416024213145,-0.14842757113410077,-0.22449172838770795,-0.13482732654305055,0.3848875521372092,0.28200337999343766,-0.0932767133190884,-0.023419221628574197,-0.19159927819114864,-0.36798728520401747,-0.20949820418949314,-0.27866547708633305,11
1185,4,3,2,-0.13746791394148983,0.3325891041144632,0.11862934077454709,-0.12459868556914849,-0.06689267653101395,-0.2796161796905449,-0.2436693693441801,0.3296673986762922,0.16161992279856882,-0.5963131878075524,-0.5034303863702019,-0.2626647492672991,-0.14275900793346663,0.2234162209541704,-0.13416645140554986,-0.512407601988849,-0.36322062736804545,-0.288854695172412,-0.20204688222023146,-0.22500874948172395,-0.14585975883868335,12
1185,4,3,3,-0.27363516051210235,0.2418030349474247,0.46169895053492516,0.30393696634099504,0.06196195966052045,0.2821962054816748,0.3997128713566919,-0.0878058141431025,-0.09322396409223445,0.002914961527407098,-0.0279955196698332,-0.014719809626707853,0.019086262942119098,0.28279370972038104,0.1404535106155527,-0.30062353507562695,-0.04834159115037695,0.22356872455785778,-0.29718532560201155,-0.27427982491413083,0.05011583064497115,13
1185,4,3,4,0.6239353345895329,1.2151486178677944,2.0156852676705395,1.6860309405164733,1.2389068133539312,1.6685639717996965,1.5207079375038854,0.983476526761175,0.9494992043255208,1.075084352050906,1.2718947377050993,1.7763607834940798,1.8192484966294535,0.8989950816529534,0.3139604488277261,0.7359881222609967,1.0303637956897114,1.2121748484960386,1.5371669597315107,1.296415867393186,1.2434804054160105,14
1185,4,3,5,-0.02641347040388685,0.4906287032077034,1.0228132688932536,0.9338958987121266,1.0229036741500521,0.8244855070132862,0.4347540742208367,-0.08873620393253286,-0.4637227877815776,-0.3249570815724232,-0.07475546154415624,0.25058847712910015,0.36128201368827906,-0.020403797866453702,0.02426617729551095,0.11647851322374415,-0.4461713373497246,-0.647759200799486,-0.29044164198547273,-0.20785232856426333,0.14454414978669575,15
1189,2,1,1,0.11795663125279035,0.23088849018391094,0.24716142201090296,0.19633745854019402,0.030131786733366805,-0.14542650717857936,-0.18032283235772975,0.025205021709672357,0.4166200493144219,0.5635849734630674,-0.012721696864402665,-0.31885227306567876,0.25750936994020884,0.36049908150507026,-0.070346170447221,-0.5105965101450141,-0.8837498867546074,-0.5411799598670199,-0.41311055734517665,-1.1550914824463474,-0.0892751795909085,1
1189,2,1,2,0.048318871400925896,0.31519777753559214,0.5114336751633933,0.39849244383570925,0.7025655051351173,0.5820760070819729,-0.41060534963782325,-1.2110890089995583,-1.086226129864412,-0.4667655857922398,0.14507935457837223,0.6923056798153171,0.7965920879457464,0.8052999997694215,0.7454016866847976,0.2896283670521957,0.16762548762021612,0.022178525013359457,-0.1776119536577036,0.1616551452903873,0.1515776292985393,2
1189,2,1,3,0.18260432703009788,0.30554139618563736,-0.2066978474785001,-0.780037394928579,-0.7078876916961129,-0.34567118325383817,0.023298314925185297,0.27022143511861135,0.5494102432077881,0.4374963617326324,0.1303405386223428,0.19358678493867174,0.42080755000940395,0.17671531881776892,-0.36044312609819085,-0.6524630679235542,-0.6694175050256648,-0.5129536857020323,-0.5216123459432697,-0.8989366346022882,-0.14830491060319445,3
1189,2,1,4,-0.3325306138667996,0.2546813686100871,0.8620218633138539,0.8770226899734693,0.5554048233959408,0.049421973193210206,-0.5904641154233596,-0.7647827018848341,-0.6390093990110166,-0.7098520194458762,-0.6001715551955631,-0.023380774681387217,0.5669497003760781,0.3148046596655185,-0.2709792248598978,-0.38643408826767645,-0.08251399263094657,0.3076397497060592,0.536337202560474,0.7577243827142022,0.0340944964120768,4
1189,2,1,5,-0.3964842584573356,-0.3848128248681687,-0.021176805913087196,0.2238928957954417,0.0422202178221221,-0.5184482752013787,-0.7441605790239794,-0.23483408310060627,0.0689968946308327,-0.33554739686862006,-0.565281927891381,-0.5308891801194677,-0.6321558892124802,-0.6818932006089127,-0.6429818091216801,-0.5126157304148328,-0.26858226507545996,-0.48914503147877825,-0.9516181678477152,-0.5668989634375531,-0.407120819019652,5
1189,2,2,1,-0.1204465465815556,0.2171693950406602,0.43489928367146063,0.17490062950427884,-0.1707264975497357,-0.28237492322386576,-0.3260323334369369,-0.43124513462579556,-0.5146274044089079,-0.6358601738045401,-0.49112602922092996,-0.2890245622698886,-0.3550667186111846,-0.34136012373135527,-0.19404895816593645,-0.016048921645672204,-0.07320499725492069,-0.42284884025581393,-0.6927615910668032,-0.5551681902533613,-0.2542501318945402,6
1189,2,2,2,0.9001048058497859,0.9291885137055174,0.9026555653718125,0.8266798556671929,1.0710459045495901,1.2362449791022645,1.1188480028534284,0.8499605454051037,0.5603190731861394,0.7121316052316793,1.1257303587501697,1.2268895762962577,1.0936140681785007,0.7388908386092572,0.49293745946697043,0.6402302964958932,0.617004036971992,0.3751773412261371,0.5399979343961656,1.0122371947910405,0.8484943978052449,7
1189,2,2,3,-0.4596022269759439,-0.2239420690089241,0.3600404811562192,0.3425886757847258,-0.20909665592583604,-0.19027824741747967,0.059813395921534146,0.0856770993790784,0.08124323887669446,0.2800616945391562,0.42530939109813454,0.16816057515964233,-0.22751566549592211,-0.287909213390666,-0.12665293568002944,-0.16368725751280233,-0.08538143024604175,0.15049190254125824,0.1967867030669383,-0.436541501182745,-0.0130217022656504,8
1189,2,2,4,1.285221562982845,1.4956242673384885,1.3929401511483919,1.5921452562604892,1.7506755322479335,1.3997967814191403,1.0830002307910613,0.7892726504786314,0.4860752515301818,0.3678677696481184,0.626906464103963,1.0685718049644,1.5013633045014385,1.595741389970987,1.1242998046707322,0.7394738424018813,0.7383899537848662,0.8181628017438982,0.38819135412547523,-0.0843528171456435,1.0079683678483637,9
1189,2,2,5,0.2875260634845289,0.8763367148835145,1.202300333818708,1.1764378909788644,0.8589362517939443,0.23593358438329606,-0.0489564845697021,0.1006131143610052,0.307123737618499,0.05633621862882454,-0.1919252920904855,0.473017264012906,1.1305384341995892,0.9962700183611243,0.3733305618436928,-0.1221267077846577,-0.30358867109247767,-0.47076471311964074,-0.14064912607842434,0.05832386799668471,0.34275065308148955,10
1189,2,3,1,-0.2909170554966908,0.2022132331764306,0.6822037370651008,0.7858759315260008,0.5719022290225635,0.29149566080477235,-0.09413098718048281,-0.37396110466166876,-0.42204206081026885,-0.027238538163612214,0.4450353006371942,0.4010833385254242,0.30234794046498725,0.3459614136390775,0.0005339470574290406,-0.4086334912127543,-0.22682236670844177,0.030671660349148352,0.2879625983808235,0.28093442008110076,0.13922379032480664,11
1189,2,3,2,0.11069936975391291,-0.028235140410677748,0.14140445666708848,0.21352881635632542,-0.316281065417875,-0.421023443349789,0.2784808300128513,0.7429511285564045,0.5935964660741254,0.1674679829742976,0.1568187774951636,0.27459237050737184,0.08591421274986466,0.2420674314417961,0.7388963111652058,0.8638050044368789,0.41986086549373236,0.1616711879341943,0.4605714886769222,0.6021280806335674,0.2744457565875681,12
1189,2,3,3,0.7007912766842461,0.9791804526900088,1.1020417407314858,0.746576742110164,0.2890883167810745,0.36061838746392405,0.38900885898417364,-0.0012754028891154429,-0.1718891884761672,-0.03599225272445255,0.2987485864979419,0.5842300579933265,0.7247293124383165,0.39139361847202825,0.03338022903027625,0.2614086340341471,0.3359762782389557,-0.08025992554423225,-0.6606703279138775,-0.4048062516491863,0.29211395714765187,13
1189,2,3,4,0.17173192051874747,0.5187385309107867,0.7509286533371444,0.7819734714000617,0.5151406104363984,0.3226655304920319,0.24299380869925558,0.19847428674545498,0.39665783627709494,0.4426693761225846,0.15266743346974915,0.11950149997533063,0.4962914753767763,0.6301169438103522,0.5615681511194346,0.6318337547838822,0.8722458921127147,0.7708905790837708,0.5223210550960238,0.7185989358067765,0.4909004872787185,14
1189,2,3,5,0.5896261737196198,0.950693010697402,1.252784061251031,1.0131205890406418,0.7442964151947953,0.823482933580391,0.8540991255889339,0.7417817655829861,0.5419420372692267,0.42144782864284147,0.577874855838955,0.677648235324932,0.6977957043871066,0.8711266881473422,0.756710478600043,0.35294296609007225,0.19672618359592886,0.126300853037326,0.3525813464095167,0.7272622950266412,0.6635121773512866,15
1189,3,1,1,-0.8011105746495095,-0.2892263071742916,0.27654703110314915,0.4045219101113799,0.3357868680003765,0.29838663179152003,0.43714058724836163,0.4303630981287687,0.16076067938873634,-0.39984055555160214,-0.6664039646978143,-0.29659180203863533,-0.03335754672076745,0.08065070157861115,0.11416358688182186,-0.10977366589587154,-0.4556468057374755,-0.22548340945100726,-0.0377447034020143,-0.2872035168967231,-0.053203087899149404,1
1189,3,1,2,-0.30945209144737146,-0.25557378050673807,0.1807926866107863,0.35697921871862937,0.1470097959930963,-0.20189399403257774,-0.31164242383687424,0.1156793715709579,0.5897367654042596,0.7447859163343731,0.708673053315204,0.3003197396662747,0.0551574604278434,0.3679447660249384,0.5683501323809176,0.43634308550811257,0.339089403685112,0.29105724430191243,-0.007766330063562199,-0.3343842302753022,0.1890602894889995,2
1189,3,1,3,0.12893439169158483,0.9805396470704957,1.6342681260157774,1.5446702430517258,1.141258368291195,0.9785152254723195,1.252287244836601,1.2072846259571108,1.1996456406859815,1.4504522663229795,1.4194597001580687,1.3951590255145279,1.3535380297312962,1.3502442365167657,1.625533614232927,1.7652895114293212,1.4612503388128322,0.8876373905692436,0.7712214324693335,0.9796454477591279,1.2263417253294606,3
1189,3,1,4,0.8150427312364261,1.3190788331400836,1.7032805190545357,1.74799671819456,1.443267003552302,0.948422414673173,1.1202231707577768,1.659249838607534,1.8933155383145468,2.0226653223983986,1.6832315436056149,1.4122766645578606,1.463784215035797,1.4289049943780134,1.5408289411347758,1.7005276507800284,1.8853708063674883,1.967384684657032,1.5980297163982562,1.4916583404838237,1.542226982366401,4
1189,3,1,5,-0.25570587801392486,0.2733446146686885,0.6949462380464276,0.8872887365216928,0.8412280953328182,0.8255120948395043,0.9666208252972655,1.0752917140076865,1.3292675515680246,1.4828679759723715,1.161822547920449,0.902990656255185,1.1419470811863819,1.5071188683597614,1.7432893186896488,1.7263928550739212,1.6931830292621517,1.6461407592354806,1.7660974310379352,1.8225166867436946,1.1616080601002583,5
1189,3,2,1,-0.40867786981203486,-0.03140337231359966,0.19246238899463394,0.1161697048131797,0.2655306441628084,0.32630706673562776,0.2401713120833826,0.44618704396998965,0.6594011870634114,0.864041448878996,0.9788425085573146,0.6490946145462746,0.46267212063388663,0.23657247031702533,-0.2533079215215671,-0.2524726704793586,-0.14906534950290765,-0.005546474937180301,0.39537037009448817,0.6903128124220146,0.27113310173531924,6
1189,3,2,2,-0.29005201702327443,0.2710127440247085,0.8155286309740917,1.0380984722337827,1.1014155735747897,0.934160800647847,0.7599875746562708,0.9311740863026148,1.2868337711106266,1.4128527130599529,1.228664553072612,0.8672722097100095,0.8184245175405143,1.0162724162756631,1.1568499587919219,1.3363524269731455,1.324245273511842,1.2566123566826106,1.5282875387822776,1.530259608143622,1.0162126604522812,7
1189,3,2,3,-0.10761631878464434,0.6474662189212782,1.2688592640117606,1.6584234153804407,1.7853394109634073,1.456844483926384,1.2932149989477693,1.6125970067392446,1.7150241448299777,1.7228519423186244,1.8209712624948378,1.8760794353255577,1.9376109726752424,1.7474925479009271,1.8083481462218032,2.349274459209041,2.3332958044779226,1.8895222869493122,1.691812188216388,1.6718444251325058,1.6089628047928888,8
1189,3,2,4,-0.10292046992067494,0.3341681308561936,1.0522873308268743,1.4446029590288827,1.117336650813443,0.9102365327702084,1.05422370781538,0.918685521774732,0.7123749651402644,1.0161730336787025,1.4650313142175126,1.4931108886342734,1.4703341412529287,1.6292861939040517,1.518377018949989,1.1611689677641601,1.0014628267088281,1.203441589804842,1.5380205657804473,1.6177868049859832,1.127759433739351,9
1189,3,2,5,1.2723875589310658,1.3172993551453906,1.2870712995079492,1.5406875228474783,1.4815429448716064,1.1674427827109435,1.3075345248157926,1.8209282323368998,1.8811075909187536,1.5062454750637226,1.494572186811924,1.7520045028387545,1.7662630928416865,1.6338759198028716,1.552340855250376,1.5156093729972808,1.6196370085057739,1.789211277466705,1.438232584053727,0.8419610239070279,1.4992977555812863,10
1189,3,3,1,0.5900833166231879,0.6391299437170463,-0.04908476109927415,-0.020052904329173143,0.34007397997899247,-0.017899058854987146,-0.4941000769167968,-0.6304461094394358,-0.4804185042640729,-0.2031968988515885,0.21470149275505962,0.44547952814735076,0.3787603721511753,0.4764044843647868,0.7602870452470609,0.8353361544506279,0.4501276016659373,-0.16141972363162255,-0.23267282404282333,-0.16654973584876095,0.13372716609113444,11
1189,3,3,2,-0.364703912427089,-0.11891931979392226,0.07433657171194111,0.27659612656801613,0.005579447499411749,0.07710093594100981,0.13341433080326776,0.327233931006172,0.7932784690930157,0.7330795098080158,0.9044671105596505,1.3076707947028254,1.4283481115089125,1.3168819954165298,0.6598219746377672,0.0495968905605776,0.23507582790837284,0.561898768737215,0.6511522163787214,0.540054880858445,0.4795982330739428,12
1189,3,3,3,0.5891446249297304,0.5374449924283171,0.6774214798784204,0.7758469134203811,0.410158035440811,-0.21204282898404175,-0.50755386000136,-0.27429768830668405,0.047816865756007604,-0.2477054865073675,-0.57480389897907,-0.10414474089349014,0.2450092251960041,0.0389233802706269,-0.19092307098224945,-0.29422338372974655,-0.1657441350574395,-0.3331638786837493,-0.9082801470702258,-0.947550009149255,-0.07193338055121905,13
1189,3,3,4,0.5321777646107284,0.6960119538824592,0.6461982616135741,0.4146262130230296,0.06073386870791571,-0.11530436851919,0.0607778370519755,0.25705692110394635,0.2403224846300384,0.11775725669635614,-0.06816531861437565,-0.12069167681833425,-0.3118933308137847,-0.6881356880595648,-0.3806874093449603,0.24427592161318676,0.14741851617532692,-0.05603136211474405,0.43004257708517196,1.008485385470883,0.15574879036898193,14
1189,3,3,5,0.715644454809929,1.0257647786585191,1.4245553325276519,1.555725882355637,1.3564263135313352,1.0666661707850342,1.1586277285501416,1.16676814589468,0.8730875846034845,0.5255026155918395,0.640944908413662,1.0211923462050052,0.945646519282787,0.6542581596462348,0.7244864272091192,1.20136234615821,1.3729749954100732,1.0830541000442795,0.7624878857583668,0.5988775314827839,0.9937027113459387,15
1189,4,1,1,0.13529053514118677,0.6047484314184586,0.8645227760959439,0.8481406122891653,0.48902716817774783,0.29671099853840177,0.4452781458892737,0.6244919155533482,0.9212200446204664,0.6008489211698989,0.0942660557810105,0.1259266053289146,0.23874672963994925,0.24682432682055538,0.13905617301312834,0.08504655233099409,0.2292934321832421,0.18378861130069385,-0.37297685114989143,-0.7515976927902162,0.3024326745676136,1
1189,4,1,2,0.4726558392713094,1.0933870523963523,1.3876568516430194,1.4069349028552205,1.144028211349695,0.9675602183307106,0.8823484174293366,0.5150889380035106,0.546410054543785,0.8231038426796975,0.9733256999178779,0.975580437675259,1.0937339016346335,1.34440729452235,1.1955068153448063,0.9383986812413723,0.9537311331203451,0.796595956699698,0.7969676385636735,1.097486258422074,0.9702454072822362,2
1189,4,1,3,1.0253052437008985,1.3790090898197196,1.506894778583189,1.2869210401370998,1.1434358053208118,1.2783682519370698,1.2681188853725,0.9935916180661447,1.1643439720091393,1.3323031541277492,1.2589096149819823,1.187636958262868,1.1011968989249588,1.1843581932739133,1.1193483130238824,0.7936034506836731,0.8521795209479214,1.2521120147711788,1.0034573620820992,0.6511856245625494,1.1391139895294675,3
1189,4,1,4,0.6583831557361415,1.01988071516704,1.322981674046742,1.4779322911996315,1.5434669901453266,1.51805227344043,1.4890714821570588,1.5943692256266195,1.7432676689932949,1.3018472435349884,1.4096438276081202,1.73370295798136,1.5872165837069536,1.5884825571434464,1.3607121133891367,1.0671033908291303,0.7819545773084797,0.49607103134329816,0.6619709392459981,1.28800752816304,1.2822059113383117,4
1189,4,1,5,0.0015037574069715516,0.2985641354496491,0.6620428375519765,0.7449805367674207,0.4807491793148577,0.12711965352585936,0.29258338007422324,0.7058333778423221,0.7328116377234637,0.7307109137079467,0.6844003628675905,0.5341345223258078,0.32360774126452563,0.07265011497990545,0.27729933477462204,0.4134535951296362,0.20602035680012915,0.07738287656570014,0.21353778139778645,0.14497058029736892,0.38621783378838814,5
1189,4,2,1,-0.12528863911479843,0.3359270526011538,0.9423076647414363,1.1374791215624422,0.6773363007269972,0.2972708370957029,0.4837497000319019,0.6829714942428007,0.4233146152562711,0.09504103975425354,0.05750367365833825,0.37271576937080086,0.5652209468984148,0.5148366977339216,0.33911786468162103,0.2434787710625619,0.27350059321571074,-0.07356082261245869,-0.11022787055323019,0.17831012618684594,0.3655502468270343,6
1189,4,2,2,-0.28442285074572826,0.25627366210365754,1.0362841147434567,1.1170030817687366,0.5669304435583554,0.5316014450951833,0.7073479333153867,0.2936091349553873,0.2602482423650513,0.43696996284865347,0.5503893333259909,1.0021698413325506,1.0954251106592472,0.4226796733519458,0.3668222304500573,0.9045311053563896,1.2486222910470481,0.866163502906633,0.11106824262963638,-0.09940526951788531,0.5695155615774877,7
1189,4,2,3,0.15827873719144375,0.9344499995132091,1.7318555006729297,1.667039102693007,1.379628473778133,1.3660717873153128,1.4883500265364047,1.3602992843145616,0.7799837160745487,0.2816402808421009,0.7077007526660898,1.2760394328922624,1.1111771433903326,0.7467373195467348,0.6255660762622327,0.5172852415043467,0.16326899456611005,0.3671720610124279,0.7091618372378965,0.7449397348664002,0.9058322751438241,8
1189,4,2,4,0.31030095222437704,0.6313036743071008,1.0749530874994977,1.3359903171721106,1.5256433445580426,1.8195532144787216,1.8514251609122345,1.6362634548936237,1.5114775177149409,1.5246861448325362,1.4590193861556442,1.4228717142016,1.3814366130414886,1.374505776596814,1.5861228232435627,1.59825510013337,1.3907721141120981,1.2703854513984356,1.1704865440198373,1.2690560150396828,1.357225420326786,9
1189,4,2,5,-0.018880510528050495,0.1393365631750063,0.23115306856824513,0.04981315210906434,-0.1967147798426328,-0.2012341650737988,-0.18649937431809044,-0.2853733220599465,-0.2486572102074952,-0.1119595459429264,0.2374607996853529,0.5533512763676326,0.5725268862193506,0.3650025541133571,-0.0559970845556763,-0.2134460103884393,-0.144815866603677,0.41769343536612136,0.7197664229665128,0.5686000735593778,0.10955631813046435,10
1189,4,3,1,0.09705884460458739,0.2962309980324232,0.04548947772364481,0.05232275716849005,0.43996528974313576,0.3143100185404025,-0.06821730015003326,-0.2789129990582636,-0.2112202920054663,-0.03528670663333705,0.2827277654994562,0.5129965323326963,0.3322775442191098,-0.06629111249315266,-0.252099863388762,0.10165824185010491,0.10944431073172459,-0.6105829613244491,-0.7001143436242661,-0.5474694611361581,-0.009285662968405651,11
1189,4,3,2,-0.34342212011527745,0.15500773454041084,0.3487382756399193,0.36607476601324823,0.3909296962911777,0.29210010117908886,0.3364813981014819,0.6645772168454674,0.8039576417321614,0.7248600894454992,0.2840321146027527,-0.5249045828757983,-0.480192345216681,0.1806921638974227,0.7081650640154902,0.7451685921817733,0.04853184450094594,-0.504336179960617,-0.4672214717555659,-0.6481081403002658,0.15405659293813168,12
1189,4,3,3,-0.028224981895734802,1.0918665955309033,1.9050581242298232,2.1908033985517967,2.37457264143952,2.3507697185928764,2.2204528878254917,1.9741577114678486,2.1370715903382917,2.1900357259629626,1.8743349918601389,1.9120002738547464,1.9588443355254772,1.7576842169863136,1.6421900278110921,1.8780199018710015,1.770739665130995,1.6999857665197267,2.0700687310830497,2.292169468940372,1.8631300395813346,13
1189,4,3,4,0.6277372001599366,0.8084163044996182,1.3496792826899933,1.5671203325102838,1.692409739375567,1.7269652805861933,1.4413543492480114,1.3959996226791511,1.2827096056375416,1.1555772121980559,1.3608179132443143,1.4140238677115375,1.1746051706694942,0.8965081993519942,0.8417302178715084,0.9926176166603156,1.4420281643985553,1.6430280309164462,1.3274607974053252,1.3069681383656377,1.2723878523089742,14
1189,4,3,5,-0.5966981057949817,0.23212271680356084,0.7049853872840488,0.8774557293611173,1.1527498344153766,1.2140674984339568,0.8094380572902182,0.5857827909971626,0.9777539051892857,1.032327091807896,0.5299305799476376,0.21110985922928865,0.36568786137973586,0.4316345747211233,0.18112422788888033,-0.0277418319169003,-0.1303387992289414,0.1036786117816827,0.4731555825026894,0.5798389554343936,0.4854032263763616,15
1190,2,1,1,0.39032277534884646,1.002767176735766,1.2917300573456654,1.1349378430908599,0.821397112549165,0.6871219316422026,0.7593553407479932,0.6225440268084286,0.3380180807300177,0.5336634384806969,0.6571848459209744,0.5335317936940919,0.5600997104942511,0.6422800201432559,0.75342070162912,0.7064594142714403,0.4380643934335313,0.5656110578095062,0.8026239678910905,0.806196350132255,0.7023665019449579,1
1190,2,1,2,-0.2336222346955578,0.2904734514042646,0.5413522729440283,0.44223759024007125,0.2796164614360278,-0.02929628857962345,0.30387083613282984,0.5994744489696473,0.643275864850288,0.7450755920345,0.6393528120936512,0.5937875067856949,0.6064846249987457,0.3638827463069412,0.37671206333261137,0.7698916721695644,0.9917212164685199,0.9276485768227541,0.842624714403641,0.7425345636925578,0.5218549245905579,2
1190,2,1,3,0.004877455447316853,0.5582888031634959,0.6736289546215521,0.48784504213159646,0.4437518926730665,0.40068691424253267,0.4471390586705962,0.2456203484501565,-0.06340751854328999,-0.060964850640458805,0.1851980072004303,0.2295864844931294,0.21746263006511926,0.3319679968392548,0.5070272771727131,0.6538115952352161,0.44833212421402424,0.369782489908582,0.531254988522186,0.5706175390596254,0.35912536164634223,3
1190,2,1,4,0.48226373854668836,0.5089201524106411,0.514801572658832,0.34208940385185593,0.23124371754657685,0.26711060341243364,0.11038030679872815,0.18493931763280175,0.19119207103760405,0.32917480725103815,0.4285759828250363,0.39330843114961267,0.4624534169805111,0.42713737132189156,0.5987933246019614,0.595459935168524,0.6080456602705087,0.7384347340925435,0.8157493962744209,0.631877661065288,0.4430975802448749,4
1190,2,1,5,-0.24936307699137386,0.21023827271276624,0.48496000289260816,0.10392187112163476,-0.04474990779870125,0.11142952837885155,0.21849240705598993,0.3165343744051139,0.41913599209280616,0.40023033591518303,0.1401887041976082,0.36997094658341834,0.5059909352383087,0.24886834562883153,0.24857891466400975,0.30251066317899805,0.4884623869289078,0.5155421591504259,0.5710849345317587,0.46895258590588834,0.2915490187896517,5
1190,2,2,1,-0.16631492509460152,0.21193149608167722,0.558269081743491,0.6389600449654527,0.6030679153793947,0.7363833940620734,0.8589634577470213,0.5258031581015605,0.2819950681248822,0.45281569465105054,0.736812638269702,0.7613620125713536,0.6216364129638294,0.5825089512541954,0.6111029752433056,0.6345362491791924,0.5505093942277561,0.4558759467059091,0.33326798766550336,0.14523750480315625,0.5067362229322953,6
1190,2,2,2,0.37473498767119795,0.6263070791605182,0.36390443918421583,0.3257736881298863,0.22777074305784095,0.1626642671403507,0.5147139910999843,0.6568955966673444,0.6773234278938883,0.46678721887708696,0.3839914211178436,0.21320808963010984,0.1407985753219713,0.5499564329007186,0.5463753136574478,0.2368826933716603,0.2831455472098984,0.5000450107865445,0.8949365014780061,0.9758291191124786,0.4561022071734496,7
1190,2,2,3,-0.24430472455152125,-0.3649715557403078,-0.066984794574814,0.16240182558286004,0.17923565547310044,0.06089626352804191,-0.04199291487260995,0.12968113653359753,0.191255664968883,0.1657498208342677,0.39991528502158985,0.6486931247680134,0.9162049307044794,0.81178348664288,0.6909953308094652,0.7556107830886494,0.709919236972733,0.8429144067677257,0.9891119467141085,0.8713966805378199,0.3903755794604481,8
1190,2,2,4,-0.5415798095577993,0.1265935569258217,0.3749000545348065,0.11389999070460935,-0.038119619067119206,-0.1392329555651567,0.31817768633859633,0.5433106507623522,0.406203159477371,0.3824082171308938,0.5330735391589813,0.7411769035552895,0.6128067059580407,0.4476505776014018,0.614878222504575,1.0033279155012105,1.125914849657824,0.9085923634992701,0.6749563662623411,0.7448885140037228,0.4476913444693516,9
1190,2,2,5,-0.11884609620536365,0.2724331019559105,0.5448860231433931,0.2815977965135381,0.33164839667001145,0.4161832510489521,0.15583138851103273,0.11551852166707455,0.4897195472796074,0.513901003225786,0.1357693881458575,0.30540335433344845,0.6868347454378738,0.7622557625472192,0.7713111627924614,0.6295760411923286,0.7389885195939516,1.1439278840617868,1.0375805003895664,0.6706096307257652,0.49425649615151,10
1190,2,3,1,-0.8150381307034676,-0.8678989578286005,-0.6547256568711093,-0.64258328304749,-0.8013435318945301,-0.6505164016673897,-0.31449545629937736,-0.2630522568254463,-0.21546228318710106,-0.3083730106068593,-0.34435767723858735,-0.2350925095170445,-0.42242361411461454,-0.43793926507057146,0.07389424667557523,0.23957163315605776,0.25853366365738595,0.42493900021497266,0.078759782838118,0.10930312792507925,-0.28941502902024996,11
1190,2,3,2,-0.7459007928385472,-0.1617534689210118,0.07850401395818041,-0.005541904293542996,-0.052105006901627254,-0.19660103869549783,-0.12461234551153116,-0.0131491371625504,-0.0724159500880552,-0.057716743021408654,0.17889813971772817,0.4023567922981174,0.3589024870416647,0.6701313229530412,0.8781565330923964,0.6265474133468117,0.6158436997621679,0.7557937206634189,0.8030048488222252,0.7243149265581874,0.2331328755390083,12
1190,2,3,3,-0.6057565542465582,-0.42368160011239087,-0.0765548154610899,0.10579328351912665,-0.06689626335592105,0.024529684218832046,0.15095103131302756,0.33107485286167837,0.4320645503065965,0.09283245211804729,0.08541273904749457,0.336814556484136,0.3286853710300608,0.591690240993907,0.6002863236599882,0.449947707937158,0.5988067980882011,0.6363104678361231,0.5686242204715375,0.5580812154757313,0.23595081310928426,13
1190,2,3,4,0.043863218337475196,0.18188517380258276,0.16447898728467514,-0.1776520561978529,-0.11300152780850069,0.079836909985444,0.27061542875666156,0.3145311785287285,0.18656354998107144,0.44128102211651465,0.4655711604305213,0.4458164030386937,0.6436739039153869,0.5903715301786445,0.7943884728719282,0.8591956743486009,0.46893090132169146,0.4646937381420327,0.6587444557002131,0.5337162693829415,0.36587521970587267,14
1190,2,3,5,-0.5213714675500026,-0.3421736037932731,-0.1923952932948064,-0.03939308520493155,0.10600636518907175,0.3489911827405249,0.3699661453173399,0.18381768588569142,0.1642730412772945,0.3293073864802986,0.6118428311122985,0.6790110990565535,0.460809538198643,0.49362912510132706,0.6421482143711985,0.4670619194631256,0.558709189765546,0.7536097626038432,0.7158678953370605,0.567596336872036,0.3178657134464419,15
1190,2,4,1,-0.08012137408489334,0.2136684768761223,0.056448273237604145,0.1872640133994251,0.35367100142856767,-0.0169411130707188,0.07666315493718814,0.3214710508851097,0.5063064046256667,0.6063167279930265,0.5318302739799896,0.7055117951671708,0.9061954629288846,1.024257742070375,0.9458496566566986,0.8141554793270831,0.8342694216977207,0.8777763179979444,0.9055334618867372,0.7549985706959171,0.526256239931781,16
1190,2,4,2,0.03960901405860935,0.2266588875878496,0.5218349669373452,0.3801954259073961,0.1057468663823249,0.3811220971860704,0.5994779621196783,0.542478565165309,0.36866642834990243,0.22013200831859076,0.35881837562293817,0.5217512258960206,0.4520033510301762,0.36384384424816785,0.2573988842559265,0.43744363078947995,0.706942268080397,0.7396104536471795,0.8362880723772546,0.46401593248139017,0.42620191302210036,17
1190,2,4,3,0.017021268488900107,0.006655301786148753,0.0895259723045362,0.2533634957096599,0.33886740053619463,0.381085816558121,0.24192199911393536,0.5520183721254787,0.6580203165816019,0.5615772536264296,0.4425890759447506,0.33995444665128527,0.5688899109113539,0.5502330748416007,0.4526804167554215,0.3964278905278354,0.253895186193526,0.42166673792663695,0.6337362770014876,0.7743829489878411,0.39672565812863725,18
1190,2,4,4,-0.3093017854004202,-0.34578565557836327,-0.2694145797566378,-0.25451563746276207,-0.3273307525952368,-0.2367909701255067,-0.040440019665482205,0.21399250833332262,0.15783774166769934,-0.09454739483988024,0.04057341952842601,0.007942792662154849,-0.23447921127729215,-0.10776057461195634,-0.0034029737363600494,0.28373389692986045,0.3251284870980505,0.11596780765017199,0.2819396451678771,0.4043489837672791,-0.0196152136122528,19
1190,2,4,5,-0.06981802489125286,-0.022266604480330097,0.15211964360512775,0.3336308594464664,0.3528099129042481,0.5632374811683508,0.5670045715374615,0.5546262051694774,0.757960828094727,0.6627915324319721,0.5561384852903919,0.2714460344153013,0.15916758358224203,0.33533007649263574,0.43613743251109505,0.5668708171564605,0.6613890132191836,0.7524598680693532,0.6807199809518087,0.6383466233348597,0.44550511600047893,20
1190,3,1,1,0.4635340498007823,0.4800335566592375,0.05235669394479314,-0.3792193189015284,-0.199197552550052,0.14204343803233685,0.28171334943875787,0.19301996813796124,0.0430617086447649,0.2469754762914399,0.2875470087169606,0.028949509546472053,0.2776459766521503,0.613985319962335,0.5747417820403553,0.3092783990260268,0.2399957476266259,0.3768218909310408,0.3686791420067358,0.22594217786727286,0.2313954161937234,1
1190,3,1,2,-0.2654892582472699,0.0781815285820803,0.18274969192592355,0.03504019901669014,-0.025617718731719696,0.126214007806593,0.34529387737132483,0.11557356093811935,-0.0582210079109783,0.1915255249731503,0.3713483438124262,0.5554585278661122,0.6800002041023125,0.4462255049921304,-0.15421458666503401,-0.29777209571488134,-0.11768383667347636,-0.0457904348061246,0.006593201238113151,0.015003426120038748,0.10922093299977645,2
1190,3,1,3,0.0981754251531966,0.1515070080814664,0.0262030222065642,0.12158320252007206,0.11130669637679394,-0.14972360071900784,0.02162879370244271,0.07053094301588911,-0.022602117790772147,0.1881409180230575,0.22988937332629555,0.025305086165335097,-0.40583370541308755,-0.18149320844965275,0.28556955370952797,0.2435542171837217,0.23222668765286325,0.1971060043046127,-0.1802773587941191,-0.07164886668947978,0.0495574036782859,3
1190,3,1,4,-0.2565194036248917,0.1695867621789054,0.10412919003789785,-0.18459631264941,-0.06345648005624385,0.01720948080994325,-0.0003127242787394485,0.13310016746808317,0.35122677604992314,0.2068168815824622,-0.1521940675130186,-0.08268487412356604,0.17240254086477025,-0.07079416109001585,-0.25642655498997563,-0.014822296904414195,-0.11975052990142485,-0.38836013125238417,-0.29896657327069837,-0.06920592756936389,-0.0401809119116081,4
1190,3,1,5,-0.005675671519382988,0.11280186843920645,0.11906453763167565,-0.19199985643409448,-0.4330279180664417,-0.12561834062408056,0.20594621496539667,0.21976971457143807,-0.06360595866708921,-0.13660274735357994,-0.16402435313659341,-0.1535878300995922,0.0627537590676647,0.043237145148359794,0.20017483012534787,0.30561802934993726,-0.003821037795586249,0.01313029303805191,0.34250764242875353,0.3275314467927278,0.03372858839310585,5
1190,3,2,1,0.03181832304945655,0.07019741616212455,-0.009890628353675643,-0.137503428498652,0.07256384601656041,0.2396176137239904,0.4602446868358402,0.5960088675493955,0.26659521898967653,0.233141991057418,0.5840866126950922,0.690433721514832,0.7173964797289136,0.6778699783427926,0.3435563707024001,0.0943439221041858,0.13567269413444724,0.48497822637226684,0.7403088671554224,0.49553170262298785,0.3393486240952738,6
1190,3,2,2,-0.31437958328148163,0.04691965497921666,0.4745476255762,0.5542976915320044,0.11878234574194907,-0.0770691486213162,0.15068216618313018,0.19171641924407265,0.3437692264412435,0.24036890393798108,0.0284172533486409,0.07845334135425125,0.11559611371917244,0.23157679390499405,0.2200842513556143,0.2521638654089974,0.19522160359425705,0.17984421375064924,0.3309781695787807,0.16560360834855364,0.1763787258048455,7
1190,3,2,3,-0.41158761943096966,-0.38535985776486054,-0.273870707150474,-0.08007712353713806,0.16340704667080294,0.10568142117405149,0.008407033479203053,0.18636056826392491,0.26048847542804165,0.22124672250419636,0.02772834518032819,-0.015961742993919753,0.2004933066964688,0.22724759276584305,-0.05904204063472164,-0.09111815277278641,0.36022880279731684,0.4690233991898679,0.19549709310921276,0.2994503213036043,0.07041214421389955,8
1190,3,2,4,-0.27668320627137305,-0.019168855362618864,0.0620429752845744,-0.0382150871395329,0.0580830695045451,-0.0457439381505709,-0.2626792047018566,-0.0793347017683413,0.23648795464724665,0.2821499225913931,0.0892198382422872,-0.0014949575291596101,0.09529676277354204,-0.04567238908703856,0.1528164648811547,0.4877614166603448,0.3099754224319754,0.2948229081978676,0.560085860387527,0.441818732276685,0.11507844939343254,9
1190,3,2,5,0.02165314239862015,-0.1293784446225156,-0.20473954633850416,-0.2794136933241897,-0.08924989885871835,0.23415259566834165,0.36536727653407824,0.1648959236700222,-0.049004002634044155,0.17119972213145115,0.31543127324136677,0.17861575526447268,0.09045575298899071,0.25072311973032535,0.2737130616318905,0.35381005872842325,0.42136695542891867,0.31582596399692,0.13099002791098371,0.42629513678627884,0.14813550901665556,10
1190,3,3,1,-0.1293603097628068,0.23026686975495056,0.3753195206602301,0.2692178292486647,-0.11159940569014555,-0.3694849514481199,-0.20840997695307065,0.0658584681788563,0.3595786620016036,0.31358241233403733,0.04837250594357585,-0.23061949745718785,-0.011463015083949396,0.26205806268506515,0.3053067633165004,0.5832910207272455,0.527384389849938,0.18540498560584245,0.0540727068973552,0.043854519246312756,0.12813157800274483,11
1190,3,3,2,-0.3119715654863637,0.296010297303421,0.6508769180193248,0.3926462607664557,0.44619311193733535,0.34041696945482075,0.22662106394436474,0.2847160023040664,0.3780452579056447,0.39092424069459186,0.3171886509752334,0.5538989474025843,0.5373380734945975,0.39444011049342603,0.54036290946948,0.6992739519466378,0.5572719271071016,0.4124825987942511,0.43130024800247924,0.4331011565629459,0.3985568565546199,12
1190,3,3,3,0.061748844685072295,0.050163756340350904,-0.0458172284932459,-0.05570840496117,0.23981346129789488,0.41007411823606876,0.4411644012634842,0.2975045384109911,0.2947947565957482,0.5154202958868079,0.4529721229816955,0.4191421720647672,0.41770884353017523,0.6024081214401341,0.9241882772766103,0.7550676181372673,0.6458334203851311,0.5852744234073688,0.3195316415237309,0.5473166250682258,0.3939300902538554,13
1190,3,3,4,-0.037232582782945556,0.20450533502240895,0.3381254476871491,0.4982769269286014,0.7088922844048968,0.6225121918546141,0.6620982928555557,0.8882151723415797,0.910663990833267,1.0083635370709843,1.1141590550626055,1.1161177447335184,1.1592925626684802,1.196568973816332,1.0229599866015644,1.019118531125641,0.7674616445378872,0.5394107188035697,1.0390519854515732,1.087316350454643,0.7932939074735963,14
1190,3,3,5,-0.5095932249995614,-0.1918665518119929,0.2275650434802405,0.11877682787120124,-0.0991719256396095,-0.010780009543502347,0.18388679545244666,0.3179676410771298,0.14199620405423247,0.16367414598146726,0.340295156824573,0.14387192328880494,-0.06283572868991215,-0.05436270878672435,0.1921108249782897,0.3619991760028448,0.2801473303485131,0.0940018845895988,-0.04198083760957855,-0.04138795356853275,0.07771570066499635,15
1190,4,1,1,0.124153123071173,0.3681197159393237,0.17690687517125855,0.1928224510916254,0.44658592553461207,0.16245443655501482,-0.34978750268702424,-0.02203011007897432,0.3677750894476955,0.3192770564895242,0.3543010236743895,0.24978027263699698,-0.04165380484245204,-0.49149117776782186,-0.1876367132436282,0.4740856089099153,0.31997436732181506,-1.636463367194961,-5.846460901569799,-6.868141510784318,-0.5943714571162817,1
1190,4,1,2,0.48628185118109923,0.8359689990730899,1.0688229046940751,1.38915761130809,1.3589206654679606,1.1597545051804157,1.2091051038609426,1.0576379594691987,1.0270729923821063,1.3582129968312013,1.5743434618248815,1.6357781607747328,1.425005953859348,1.2470119865220237,1.0467716828892875,1.0169849002310904,1.2399206954364528,1.41958795907643,1.356813546136006,0.8026800638511372,1.1857917000024787,2
1190,4,1,3,0.03925960095606885,0.06618477811189555,0.35115967031309825,0.5104151104746806,0.5864347088080577,0.8100898475484486,0.8167047129261307,0.7493657049745868,0.5976168943699326,0.7236991481698637,0.6402552766554078,0.5284051892789583,0.9839568592116102,1.066577903973015,0.679991911114687,0.5503559470246573,0.450966372560873,0.25543501776001276,0.22126956552142832,0.5590684124523218,0.5593606316102868,3
1190,4,1,4,0.28030591218728174,0.5639954926463153,0.5741794178755698,0.3736532319692039,0.27389283907080914,0.1754287635057623,0.35474954733770503,0.3823617861308011,0.31898344320784,0.6073663316898611,0.6095796633348509,0.5758469836987198,0.373459486179512,0.3574617050000165,0.4171728529699009,0.3679016849145501,0.7643456336208116,0.906469448171668,0.8522306205065522,0.7196754615255074,0.4924530152771619,4
1190,4,1,5,0.08600315715629187,0.40943665024508813,0.5014790287589469,0.33291468145196357,0.14287766589550585,-0.011727170560148499,0.036071015195896595,0.45074675098259126,0.3835271970836279,0.301456667867601,0.5867104975366254,0.4479040680611256,0.225210777753805,0.23941046227247514,0.4149934153191127,0.38863387080370215,0.12821468789215204,-0.0111790854167312,0.12342387395700041,0.3200450692421596,0.2748076640749396,5
1190,4,2,1,-0.24303701488639384,-0.21287127941289005,0.03862117173120925,-0.001986698139079597,0.0014765639916730008,0.1092903556699456,0.38959055691238526,0.43984380793309896,0.31095759457022965,0.35299739736672825,0.24630606775486802,0.2947168918915566,0.20686900644788356,0.1468200041753888,0.04427253306948706,-0.0015943661834752487,0.06398406286093834,0.07274469385102106,0.2363681290812576,0.27241797036325305,0.1383893724524542,6
1190,4,2,2,-0.1902145674778017,-0.0931794671774923,0.0834670746558846,0.11669822613232969,0.0838015055020951,-0.1091145128591786,0.008319835998390396,0.265105566604602,0.17266152388717615,0.33406611169819556,0.43547036964955355,0.42057161925562453,0.48750861539634727,0.5283720173541223,0.6826560845662311,0.5608358106159039,0.6132593146506901,0.6549918995811048,0.48595289718502266,0.4629602204491886,0.30020950728339946,7
1190,4,2,3,0.23221681715222242,-0.23712609052497896,-0.07655627969508164,0.21786938632311245,0.05455526032285775,0.36031789996490654,0.8836777060091421,0.6591416268017299,0.32090079350781875,0.34901781474759697,0.10066446601862036,-0.0683570601619315,-0.0838981163262994,-0.1008286861091009,-0.004905166177366152,0.4125840185537083,0.4572466617438916,0.13995778337385573,0.22821380742394876,0.12453609945919816,0.19846143712039255,8
1190,4,2,4,0.311029216904923,0.3764656401268588,0.41135810400021167,0.47377597817439787,0.7511214665424728,0.8791535012785718,0.9763662312875969,1.243869543221875,1.603098401059891,1.3928913952891038,0.9023899583896462,0.9440702636145648,1.0330294156442612,1.1690494818818034,1.3409866935969617,1.0436888925017853,0.9620906271337906,1.0418995204413448,1.0045062767817352,0.5954927713268504,0.9228166689599322,9
1190,4,2,5,0.04089651643883735,0.1650099209323557,0.09562539032419765,0.25083830076994645,0.49685479780252395,0.7847982384908028,0.6146652951321302,0.21873768171515215,0.36777680224642917,0.8999234202236103,0.7916383288841999,0.41107139383517743,0.6241416210927839,0.67420086378258,0.505479889115809,0.6053539135817009,0.5981982752720283,0.34296880563663745,0.0660505434061831,0.31014767840382007,0.44321888385434527,10
1190,4,3,1,-0.12604651352910184,0.0359695041775742,0.13998677337205695,0.165843671613114,-0.010328504138400498,0.25145830756130244,0.528409471088301,0.4136299441394079,0.36677212892733513,0.2688625103546325,0.20195092613917826,0.2848337820467382,0.2802308418244075,0.5178505099613038,0.7933822667525949,0.5921133858391302,0.27586954717652656,0.3168604834121348,0.3151265888997963,0.04753145410835615,0.2830153539863195,11
1190,4,3,2,0.000154165712964352,0.2712899653531756,0.10412317723981737,-0.025895251065959607,0.23600243085826336,0.3774423364270977,0.39273321541103423,0.4684350825010183,0.39341685826699946,0.4189617900573349,0.6318214425597991,0.5613828645954565,0.7144934504581083,0.6885750089831054,0.5065377298602158,0.7221924056936486,0.9430517873686437,0.8239257927581085,0.7305568194415986,1.1018587856869682,0.50305299290837,12
1190,4,3,3,-0.47099594632008046,-0.02576065309896279,0.19328936555216691,0.18736172316452498,0.011921775971558697,-0.057530786261356395,0.2574150897364283,0.5242809372263829,0.6696475258944948,0.8320296859227525,0.7559541435890264,0.5505781285602577,0.5498099317608778,0.9285431408484974,0.9499727867030674,0.34608324329475015,0.33335204421814607,0.6074051473206169,0.19134091290634936,0.13622811416872216,0.37354631555791107,13
1190,4,3,4,-0.2449334373052434,0.14985229515341977,0.32262915011790516,0.13595067556603013,0.01816300412789665,0.032101529382060304,0.4901932269879347,0.7390648267340291,0.7146200254933235,0.6848912940662142,0.5561505647535747,0.5023700577433088,0.7137732826999743,0.5330477813847906,0.2924430247136156,0.4202963170864872,0.36752938185558637,0.6057951341203013,0.762304137841208,0.5538637018823076,0.41750529872023623,14
1190,4,3,5,-0.22356662472847383,0.05865898541822305,0.1667654779923529,0.21688521296003924,0.22940200937161356,0.36840831676553454,0.090534171530888,0.14722781286160058,0.4607320522863356,0.6713021117343971,0.8099809124239851,0.5774872494878499,0.5291508046343373,0.761518246803905,0.6114312702217947,0.641133102819806,1.0726702341174776,1.1803691912802439,0.7992886922551712,0.2763702510179614,0.4722874740627522,15
1191,1,1,1,0.030996132064308953,0.28613251996969286,0.4522730812612027,0.30908579373692135,0.1321452957444584,0.3074108789657949,0.41510069985027137,0.42045954855409623,0.4327619119535578,0.3622041589307943,0.5246355398974663,0.7789083374317132,0.7368947588405764,0.6599321654837851,0.6748631715418346,0.47864105981311644,0.3980089135909268,0.502882246123494,0.46161081245731883,0.38324743139288,0.4374097228802105,1
1191,1,1,2,0.0197033338221259,0.4282373114840571,0.6670917866842573,0.8354583934949105,0.6747272580607212,0.0796259696222924,0.14485941739597355,0.4351899017514968,0.33224631317519504,0.361829719458971,0.5511517515483451,0.5077141799996866,0.5061683835080217,0.7804740173742358,1.01521550810623,1.087411351061386,1.0427348096901496,0.8196003787188864,0.6043286305058528,0.6491956518637527,0.5771482033663273,2
1191,1,1,3,0.5037492478789819,0.40529884866631305,0.341719499863659,0.39370853926650845,0.37841224157660275,0.36590627181159874,0.5527551831629083,0.44772407399439634,0.5645961362750043,0.8682508155317388,0.9952292120554853,1.1391677544092365,1.188295121567014,0.8490722890168456,0.38341459923550564,0.3727294580573518,0.6942732961869851,0.8800972514386423,0.6208411556738251,0.40804717524627604,0.617664408545744,3
1191,1,1,4,0.2213668684668533,0.2137469976570627,0.12493527781875775,0.42403486647049,0.5607221792516514,0.27648569940346923,0.1845967828372955,0.35731931834929004,0.6532093309886228,0.751514190882944,0.8129796101269409,0.7625409900621088,0.5569630174324842,0.5066782553228776,0.5409643585439178,0.5346471652993716,0.45980316663203014,0.3054253044610083,0.0833141120658,-0.10252933470136061,0.41143590786858075,4
1191,1,1,5,0.012735640804651054,0.08602010828652246,0.12452515058054581,0.1383667206972453,0.2000653312472536,0.26898606017820414,0.1636636791578348,0.046449009601353355,0.08747459939058545,0.1483704892633616,0.2906450378211496,0.2419059977019498,-0.1390629759714328,-0.33143966159962224,-0.2083364839927884,-0.0421965650224892,0.25358702248933246,0.267157282380654,-0.14860187102659708,-0.015614205857254065,0.07223501830652296,5
1191,1,2,1,-0.02561328406420675,-0.00480850524097885,0.0006055137876770506,0.070579973673976,-0.254805682836471,-0.4631931784451164,-0.004916635610029502,0.4951491648727345,0.4440892552048313,0.22800879046242667,-0.10298396594800044,-0.32337166421145097,-0.07940729504605709,0.09376211499237205,-0.1881301124156899,-0.40759796201557386,-0.38063693896957673,-0.16773640241846616,0.1556978827455454,-0.017407789308329355,-0.04663583603951915,6
1191,1,2,2,-0.40832289744609285,-0.4279352834772081,-0.010946197115180384,0.2467494344705032,0.16473683089479566,0.275372354393467,0.6065721987256043,0.4011460911359575,-0.24998006195426203,-0.5849757411565129,-0.3860039535636668,-0.14853004967097638,-0.00011285096036185716,-0.1300398022234665,-0.657861740631857,-0.9145990270037023,-0.7308708100673242,-0.3513499262091785,-0.18690888224517482,-0.17320450246630956,-0.18335324082854726,7
1191,1,2,3,-0.18194399861100197,-0.10500794799032889,0.02844319615376045,-0.1496483514453876,-0.3544519603028674,-0.3966223516398132,-0.42536800898372196,-0.30229256155165857,-0.02255282267584649,0.0940205553091814,-0.1309031447478486,-0.28711507921508866,-0.17593018444535058,-0.30751041078048,-0.5145299676604264,-0.4456196983427644,-0.3246444523922014,-0.18675177539842536,0.0036585113713701947,0.06804196478590115,-0.20583642442814987,8
1191,1,2,4,0.37373217895867733,0.4450573642075021,0.369796642661108,0.3936519625591009,0.6382192171368293,0.5683907264135637,0.5408248566459883,0.5570284074428605,0.6463459043896282,0.8078568178993576,0.3824558534856867,0.1833038374440335,0.1918834461350437,0.037290688218051746,0.2363686959767875,0.5462624390219999,0.5063266931453688,0.41160904542186927,0.5565725256891403,0.5862928762607482,0.44896350895566717,9
1191,1,2,5,-0.43053831596896597,0.000586856627327853,0.20738594165166552,0.14493639000453928,0.20302335142661185,0.2884184524711577,0.26953272048978405,0.4379630113232132,0.6610244141679705,0.5030333473883861,0.42282796007785795,0.7930118559362982,1.0075318260713175,0.9568757724138177,0.8270992526900507,0.73019074059317,0.40914973526432674,0.2081922600642293,0.3610681987910843,0.4767183585371446,0.4239016065010493,10
1191,2,1,1,0.36025256600051536,0.31837474633993973,0.3416762284070525,0.43512358452225014,0.36384672510524807,0.3560228741245485,0.21278587765135068,0.2740024649106799,0.4884813505749397,0.2488926876882287,-0.00446471403821155,0.0486408673558668,0.32340747663503244,0.45670797373710337,0.31877256823776007,-0.025609482468654493,-0.21585371467469472,-0.008057630170238653,0.2981477091843646,0.3216634876296147,0.2456406823376348,1
1191,2,1,2,-0.18604007505562525,-0.05404332937718064,0.14302231480276661,0.3652159033467648,0.5205651323213049,0.5291299321469107,0.37770207264856814,0.10902492923478604,0.24568466113627255,0.35619059150452137,0.4170736178311857,0.47806281773065573,0.12839866217313675,-0.0384655388610361,-0.010495134991191049,0.13785626972528076,0.4546919158752909,0.514044145782823,0.46147247580913,0.21191875459988305,0.2580505059192123,2
1191,2,1,3,0.0774252128418247,0.3318212516355571,0.7232760110947063,0.9113187957151875,0.8729591362210812,0.7240415551112529,0.7288828895534218,0.5797330639716549,0.46633067791312555,0.46696296054819286,0.41995420905242564,0.42595292576185717,0.4460774251485655,0.5377274984135271,0.4141386208034091,0.2821279575867691,0.3956431157607156,0.54279044026734,0.5839941274078275,0.3868023967317314,0.5158980135770087,3
1191,2,1,4,-0.07898637026105296,0.05132809847394661,0.4142293395969285,0.6158863390561653,0.6033765550537818,0.482845475613928,0.17659667669136864,-0.1732647463364404,-0.0565183502160176,0.24643242610299404,0.20762839684233012,-0.07470942243149754,-0.21536873376568325,-0.09663816541078325,-0.0077307859570914,0.014754355609025601,0.037766122458704,0.03378224706553455,0.13553380988061475,0.35287584362299285,0.1334909555844874,4
1191,2,1,5,-0.12044908440902774,0.16217460554481838,0.43483385534833296,0.4214881290241088,0.3526320809595118,0.43169206503471635,0.5422446039403656,0.3970966040367702,0.2125445167976626,0.27203043651009523,0.5097499227830982,0.6058129550791503,0.6271168422081472,0.8224332239554766,0.8855164357952364,0.9114620336628952,0.9153049476126778,0.7675536759563177,0.7761537144191486,0.7769511291462902,0.5352171346702896,5
1191,2,2,1,-0.5115435450576644,-0.16393553815817308,0.2330514283060884,0.2645619192356541,0.07224568607756515,-0.07172566565600146,-0.13037129188291516,0.059837169342686194,0.07637030430117606,-0.0015702016841740996,-0.056950640448428146,0.013704343646715897,0.09972334287697429,0.039053380038189006,0.0134937562551571,0.07693615769694065,0.2263817444849516,0.0428406133030069,-0.18517872741852445,-0.06556168055933739,0.0015681277349943526,6
1191,2,2,2,-0.38446137368832056,-0.3037214749980479,-0.07921636145030969,0.27608690236268507,0.4104727960406377,0.4036414539729087,0.5974193229658178,0.7875186521232809,0.7435658875509455,0.5414863688665527,0.47378348557118494,0.46676761873965245,0.3538148324272332,0.25024884135340514,0.3040232470265631,0.4453456435959259,0.5129241171090222,0.5884915949908619,0.819721322793598,1.0033641156001232,0.410563849647686,7
1191,2,2,3,0.2542645100030408,0.14608871872727744,0.23609786667725052,0.3572869845154356,0.5443080545560722,0.5405534472035877,0.5323820537942276,0.386680498025168,0.22578360975308626,0.2850387225699414,0.18371049619655996,0.0253417207856526,-0.04419094819178905,0.0223116427628625,0.05624305367463464,0.3040896262733748,0.5374259165032532,0.4217287691088034,0.16736013024848784,-0.08243217893209565,0.25500363471274157,8
1191,2,2,4,-0.29162606130079805,-0.24523864943743606,-0.0734129552709988,0.08867749873551076,0.2540042081128985,0.3261749781329306,0.3537947464789038,-0.01884642331718131,-0.43795351491944134,-0.48488103446855735,-0.47687900709496955,-0.7376761706386927,-0.7826995094567133,-0.3392659127473151,-0.1500321267103349,-0.1797941209447469,-0.15870288718395936,-0.24021455051774246,-0.5084611418162589,-0.711940240897398,-0.240748643763115,9
1191,2,2,5,0.166676554116542,0.32719733800114437,0.6311495326050042,0.8423582457765162,0.9724783688336679,0.9556095371105742,0.7773011777869906,0.4979513985334483,0.49627263753263556,0.5802024947880575,0.5188308361814753,0.4508820284773893,0.1870925723438405,0.0588970309381128,0.08563699551122564,0.1135976951342419,0.1702687792732758,0.2600486556963095,0.34300937452745783,0.32191368852208,0.4378687470844995,10
1191,2,3,1,-0.012582297640264709,0.34703995764057505,0.562730056430057,0.6249641192868329,0.7612995986389741,0.7123754705187436,0.5354394965168647,0.4508439152244471,0.5066618797652849,0.7813865461844418,0.81507401448369,0.5191677619250608,0.01750265712128489,-0.04586629803420869,0.44001723686216454,0.7443737575173843,0.5504891878920035,0.261213767287073,0.2973763980010675,0.3849075517529265,0.4627207388687201,11
1191,2,3,2,0.26254593223496997,0.4960717641699197,0.6722064179574649,0.5064171708504148,0.45912754975674985,0.4829721447971951,0.20378965758223316,0.048256986661192755,0.2618443324002814,0.3182020362637462,0.30038966534266176,0.27381570853502757,0.34259445191149585,0.5760513801614191,0.6400279047542882,0.7550423140659557,0.6789266934807067,0.6172795635960416,0.4348268705364371,-0.05534022144700895,0.41375241618055963,12
1191,2,3,3,0.007202657555333558,-0.15178231831170386,0.3736227472924359,0.7259066792206357,0.5524498947311582,0.39492574143315967,0.5058750637940114,0.5148358727565245,0.3570915398891915,0.2798019654488304,0.31275681351908935,0.5417078188125439,0.3939316849137577,0.03913438687221655,0.1488002035439725,0.4021527461203195,0.6554385257411999,0.6944926208887305,0.3822397969185095,0.17160611203811144,0.3651095276589015,13
1191,2,3,4,-0.0663010895273057,0.09495922017653695,0.4838391819538865,0.7349846353972069,0.5786891959927428,0.5691461409329445,0.5289055042180433,0.6697504008870053,0.7066772676852288,0.40644906532960673,0.2653797532810114,0.27772362852154553,0.3895398874504009,0.5335440002061229,0.5975204224186277,0.4935877948489224,0.587476551976948,0.662512485560981,0.5415290277271367,0.45593821184727223,0.47559256434424324,14
1191,2,3,5,0.1323914536244613,0.7256708537247989,1.0466356554044762,0.7510119003305682,0.7279567271283156,0.7865744068202851,0.743918349621191,0.8498309112172958,0.7168938158427066,0.3655165172595503,0.4061085624368663,0.8113665581759489,1.0522575303307238,1.0864055659255534,0.837399293501522,0.7517209496067112,0.9249389720888085,0.9063698382318081,0.921966021278942,0.9156677531100038,0.7730300817830269,15
1191,3,1,1,-0.5165591802015361,-0.4018244673562871,-0.060016241586120754,0.15098632911901225,0.0644360695099144,0.21866864688038434,0.3511228585466206,0.15661549725376633,0.1392114315187735,0.1813859511137692,0.1611958708627367,-0.076489154860852,-0.1550107452131731,-0.04520528576037585,-0.0462652479696362,-0.14802410931356774,-0.22051357306146335,-0.01667371381251885,0.2106823477268038,0.30463605393369086,0.012617966866497049,1
1191,3,1,2,-0.2027465549574497,0.0577377968451544,0.25253172522064654,0.1261903095830446,0.1280520278729072,0.5352899788549805,0.9040586137128956,0.8288106070794673,0.6304634188462402,0.47956470218203484,0.57478120058563,0.6811226208217689,0.6907685191448243,0.4795840851973856,0.25154914286413743,0.2665585311434357,0.30333670884089836,0.48048978922157026,0.7293009250008158,0.822707550724451,0.45100758493924187,2
1191,3,1,3,0.39647950617020794,0.811695344980338,1.1868557942945406,1.1854772325841454,0.9933294586429674,0.7344945186269434,0.5439224169007982,0.36823362160137685,0.01995782525987401,-0.2285386516090199,-0.2431552862480606,-0.21738670446553304,-0.044958240523201694,0.22965896893024884,0.3725838821873736,0.2395224234507518,-0.2612769622902288,-0.4196325691817485,-0.2798597301443452,-0.2100327096028359,0.2588685069782296,3
1191,3,1,4,0.22379653510184544,0.38103779946649446,0.2365271836249795,0.10721936768339496,-0.10301730624055729,-0.1876543873400879,-0.11317571309301964,-0.29186768189389123,-0.4336490708700971,-0.5360580006753431,-0.4688852413012071,-0.21780412393898663,-0.2622497397018421,-0.38788366306964606,-0.5134598763366214,-0.3718199013586804,-0.2420312491125686,-0.38279111332144766,-0.4793043185265346,-0.4094268960229315,-0.22262486984633734,4
1191,3,1,5,-0.0958390319489622,0.25560357522100174,0.4426033555995986,0.2652537574681071,0.279433382140777,0.21080560418200162,0.13054964638220357,-0.1125287453568567,-0.2644371535299119,0.1574085732271186,0.3901942681425302,0.2435734192636925,0.006754691516044849,0.007761280143087801,0.16465323531325896,0.3246423367755287,0.2705691863119485,0.08030617376367566,-0.18473062008116123,-0.2677226886818913,0.11524271229258955,5
1191,3,2,1,0.3984547661259348,0.37800754899174294,0.3400765225262226,0.22453899430061347,0.13880877229356992,0.22704083468565445,0.418270103232934,0.2674789571475827,0.09420270842284875,0.21253617511570774,0.43989116460209077,0.45099077730427684,0.20744837943408628,0.24601117851220017,0.4277339955542193,0.6876673320573428,0.9275421682598715,0.7698749761652415,0.44700295884231966,0.06796419365564364,0.3685771253615052,6
1191,3,2,2,-1.7110849288645094,-0.07896991443814966,-0.11837567100846048,-0.6004526753592242,-0.5794703140508705,-0.36205444700210876,-0.1170004185514654,0.03898256676364516,0.06534516989431265,-0.05053689834062395,-0.006538346464182249,0.23461417802840037,0.16333648102254894,0.1280008806597937,0.4232850831679539,0.1337951063608112,-0.1252866479486586,0.0854561804846071,0.08510024517731704,-0.057828063565517146,-0.12248412170171899,7
1191,3,2,3,0.0622351221463501,-0.12023388024492705,-0.15137639640530484,-0.11763397120609453,0.1618994479356332,0.39799841486386567,0.1790701509624997,-0.04683530377634974,-0.2536540079301697,-0.3437780872884131,-0.5009168452212132,-0.5263196036123887,-0.16625739980331203,-0.006174646291266749,-0.06088091293052235,-0.26949495329552997,-0.5075299729310948,-0.5483764361122858,-0.3052947405831528,0.04231637224550025,-0.15406188247390878,8
1191,3,2,4,-0.3269289772766853,0.17137298368042234,0.6547831001983138,0.6829261393675767,0.2927426754651721,-0.010019781120462205,-0.0498665144837358,0.13179708110458374,0.026453337330697352,-0.10684531724939975,0.04588626763658736,0.3299800863593285,0.5264158296235666,0.46608887112493264,0.2446800708554794,0.25443754964915355,0.3398285516652346,0.18687349212547372,0.2676607341038232,0.4471088333154706,0.2287687506737766,9
1191,3,2,5,-0.016891319074814157,0.17969394858096488,0.16047881626157845,0.13456964375951125,0.08399970381696716,-0.26688588063830887,-0.47394249935325194,-0.42179600973693376,-0.45808125711543723,-0.26043565902333415,0.0271200983195662,-0.0655400612586439,0.00030395029514379557,0.17818822143204466,0.11865662870429125,0.029624908457734196,0.052283237125497505,0.22498679986592218,0.12058555454312045,-0.19275439173942244,-0.042291778338890196,10
1191,3,3,1,0.37838250189765876,0.3633269992760232,-0.02979614316636106,-0.1946676328446296,-0.049636287592134246,-0.14734117566112484,-0.27486429292406733,-0.3004591125400738,-0.20249006665387564,-0.09441111808743495,-0.12004436016700194,-0.215123820247142,-0.04052246882602675,0.1449267275032782,0.04356143626381295,-0.036402527205844304,0.06026760689348515,0.23419084304782328,0.1445169193261989,-0.0211958349151674,-0.0178890903311301,11
1191,3,3,2,-0.16918258612057002,0.20275527104249755,0.47064141923590386,0.2973909618421312,-0.30995803679211203,-0.6484173573096337,-0.3597493054342371,-0.020895684317879703,-0.16124730212010244,-0.15808419852485464,0.14617651973023235,0.2935897598934759,0.48569698396892685,0.5918687692285791,0.2660662578156666,0.1590689608414802,0.3923222741908693,0.38924689447826705,0.2014321567051891,0.04229137866970295,0.1055506568511766,12
1191,3,3,3,0.40528241744033966,0.31578180533850697,0.08545762527174273,-0.24267101106708036,-0.4440109213368141,-0.33380309637614886,-0.1732534667645756,-0.33016710577009467,-0.6026422862838703,-0.4974990811135238,-0.4191486315488122,-0.4876714073344366,-0.4674235996469961,-0.32699193843985225,-0.3103789961815819,-0.4627278886575561,-0.23736731890518306,0.1503089566725721,0.22508518703970049,-0.0523247249317509,-0.21030827412977074,13
1191,3,3,4,0.19914650631730496,0.32136508162299965,0.45434976715411235,0.41188624026292986,0.24673867348841524,0.20132306808753156,0.1366936246630918,0.034622712868478345,-0.1274064831897728,-0.1052441668307545,0.1023643632234272,-0.09047844338027344,-0.1721835133876229,-0.07585595599964981,-0.006246431548816045,0.0598727096750469,0.06822426870881901,0.11186408925327876,-0.03662323227801235,-0.19900737095333293,0.07677027538786005,14
1191,3,3,5,-0.353960327650209,-0.23391519077447234,-0.1931518226456413,0.0813180632273949,0.1120995740582884,-0.004605812696155703,-0.19063148640407174,-0.3830069986072082,-0.4128436533752926,-0.5544528005265348,-0.7164571584190764,-0.7062313061347107,-0.41765464416459563,-0.3043304343089966,-0.1570380966227688,0.00194032189174275,-0.003164557505444296,-0.1487830570525747,0.008734570876983067,0.1588747112364422,-0.22086300527984504,15
1191,4,1,1,-0.6638740204871862,-0.2555784766030257,0.2214936057052782,0.4781853898810242,0.3349229095004105,0.2021810954405874,0.2358893135871313,0.4171732062762774,0.5734653634246658,0.331256479106519,0.3078801188186604,0.456077626159641,0.3770855116032809,0.2038787366624099,0.19237787153508076,0.2050697402427311,0.045834084722687095,0.045090198267041,-0.0155919555446324,-0.30945500930238823,0.1691680894498096,1
1191,4,1,2,0.39643252926428063,0.5165173750634778,0.7477944389201909,0.8323407617820218,0.35423246462922203,-0.0376559825232118,0.06828908796210259,0.30294746858096194,0.7515648243956223,0.8083781938734051,0.7823700111798457,0.8224037599508505,0.6443998628152112,0.6331033712121412,0.804109065806126,0.8632291679380748,0.8067309799482482,0.6832037367457919,0.8295299028829245,0.8656944442070906,0.6237807732317189,2
1191,4,1,3,-0.1522857593349441,0.2342731358985402,0.9284333899665583,0.7056952780641012,0.47663525220162023,0.44304706786742565,0.33888283476396025,0.45020101380382643,0.5193647892194064,0.5952628669892295,0.6598854409625396,0.571121600734205,0.19851785775221945,0.058318594819545294,0.19942093839711275,0.3013042700066186,0.24295938349800825,0.30272597393025413,0.5100066459939014,0.6836594612205593,0.4133715018377344,3
1191,4,1,4,-0.6486317064362092,-0.27436009859890353,-0.2401060829370683,-0.26352995936525586,-0.04850144233731651,0.05033558517589228,-0.08138320155101575,-0.3581893834483004,-0.4439640003351465,-0.4205786192043831,-0.29296667555871947,-0.014484809724926849,0.37137793012291315,0.5283125892606765,0.3234198199188919,0.10761657350220749,-0.1342994250667987,-0.2096105230145582,-0.23859570831080207,-0.17294642860551043,-0.12305427832571665,4
1191,4,1,5,0.39664208572690973,0.4782502140474945,0.7801615614339297,0.825136854735905,0.7883936121973839,0.5330190263405987,0.3206592935802106,0.5276201389497264,0.6807509595357948,0.6746814142287278,0.6159053420337469,0.5456395366508557,0.4766924155413955,0.22774658809567383,0.19360582082364436,0.41590232576249686,0.5391683448349173,0.5733376500350732,0.5915990621279605,0.6279221219658385,0.5406417184324142,5
1191,4,2,1,0.01864974243645835,0.17656878137344711,0.24234638277898363,0.32115060897342473,0.42417642107331144,0.2326033770445691,0.07256887342107024,-0.08489920763669474,-0.10491820491911255,-0.0647079016403077,-0.04627252241416515,0.19138507128241591,0.33846715732003185,0.41980574134026666,0.3527668758656768,0.08167151545258275,-0.0390043894063498,-0.15213525434534333,-0.017044457120423892,0.0720534076274274,0.1217616009253634,6
1191,4,2,2,0.3930316116302439,0.5726159066926442,0.669187335181463,0.3837535145615797,0.3544598475931736,0.5232954929250513,0.5519476432261401,0.8116502257931224,0.968333292068686,0.8651479177917885,0.5967732626842372,0.38452098858793493,0.4198325601770645,0.6354153073943721,0.7495570545259538,0.6758829359076778,0.7008435612259455,0.582373470032862,0.496383485216889,0.6169754655381154,0.5975990439377472,7
1191,4,2,3,0.2367260753825812,0.41094070290790297,0.7430120834860341,0.6580914991164727,0.22532504882869425,0.2546075235818548,0.22082534846085033,0.3087294298797894,0.6170483676857197,0.6289563688382183,0.6052740113716817,0.6071039585635492,0.4460552720029362,0.40253570143632467,0.4214779841923582,0.331142715562903,0.38752300599486467,0.6154543110867086,0.7901132037244765,0.7051296078252582,0.48080361099645885,8
1191,4,2,4,0.1441857740310118,0.4882320956798371,0.5047203945070653,0.18911016797379354,0.04295400757449455,-0.013886315578753701,0.10524464840614195,0.12507374406516641,0.13627330950420535,0.48376797421509765,0.5904452651059892,0.3258318025452436,0.02295621851244145,0.10797676667073015,0.22255583511392296,0.14589954205499883,0.2674702280985326,0.41303058600589065,0.6300252732011247,0.5931341448119767,0.27625007312494554,9
1191,4,2,5,-0.15717873409207783,0.10080247730648235,0.27582275660949024,0.1566732901139157,0.20192090921774586,0.06755405592548194,-0.0524567359833785,0.06790448299934394,-0.013197115925083852,-0.10631621255748419,0.12281873276986416,0.428968185827833,0.46530304563804026,0.22945866769911888,0.1103775124633512,0.3579977636835933,0.4125680305978522,0.19401005331965787,0.06281376513284645,0.060196225995074445,0.14930205783708334,10
1191,4,3,1,0.4349049938454994,0.7090414495206041,0.5791085436010782,0.6464646794218581,0.7273422532339033,0.8385166670689599,0.9044973627553549,0.7976080258546046,0.8401078857796587,0.8895060858692984,1.082048145387836,1.1707320659972553,1.075016073343799,1.0048703320309276,1.0237969890535403,0.8962613406884699,0.7740950346179187,1.0853954365231804,1.3528503816882416,1.205613606808213,0.90188886765451,11
1191,4,3,2,0.4629297538595222,0.6184083997014709,0.4502841659568545,0.15185708356260916,0.031091471457122852,-0.0341086466219022,0.09138525457846079,0.32756886579486694,0.4501586325691716,0.2673582467221216,-0.016737593071295603,-0.0954507651486266,-0.10385001413927805,-0.008546851558894848,0.0615453407818101,0.08724024361997951,0.152260571626692,0.20291973539188546,0.06344050496841115,-0.0036058670296537504,0.15780742665106634,12
1191,4,3,3,0.24477491847075775,0.2865394854360965,0.13160300273546485,-0.2744952486381057,-0.6880450200244783,-0.5727465471701505,-0.37076952166132027,-0.21983909122568002,-0.0856364004171502,-0.1369246608564673,-0.19582082387818905,-0.09488904827320034,-0.04277934394749125,-0.05665503412531805,0.1310485358633098,0.2631762324752331,0.23645071190920594,0.26265301549744885,0.2298995567768708,-0.20063402601461391,-0.05765446535338885,13
1191,4,3,4,0.1578263199286666,0.1102276617376107,0.112072515642081,-0.019372228308039655,-0.2122031187366072,-0.18366857459110825,0.010468072086568345,0.2652956763921165,0.5074760019479979,0.2805414996983124,0.0027304991953925,-0.0455125875261287,-0.15009375845322032,-0.1281538603354124,0.004642364645822947,-0.031759199334549,-0.10090984779867555,-0.09633020219103344,-0.040799037543281604,0.18801177911446695,0.031524498778549,14
1191,4,3,5,-0.29054354459468934,-0.06952676272506655,0.2732398084034271,0.17331703155281647,-0.1877118021654705,-0.29821051681942345,-0.3535008846592213,-0.1984775577319852,-0.0726096725575924,-0.0494700316004458,0.10697915805335355,0.207428617884689,0.16108418405524866,-0.016835948664102554,0.006488988957266489,0.258463228832587,0.33613488369375766,0.5439284081868614,0.46400829380579484,0.19556385183958175,0.0594874866873693,15
1193,1,1,1,-0.005062257998432698,0.4127979590489078,0.7842820061956597,0.8655674852514967,0.6276072037173516,0.3544208424286489,0.28878399369194496,-0.1910126833548688,-0.5951139018894782,-0.44855375965933814,-0.011080922301430068,-0.24938942239923667,-0.8735254173586111,-0.7061706104455465,-0.47483627574531095,-0.8774388241756492,-1.3094323625361772,-1.2694696172227966,-1.1796049288917945,-0.9061955290610308,-0.2881713511352846,1
1193,1,1,2,-0.015573242208594296,0.5391455440621394,0.8856764847473027,0.7686202940079117,0.6544199603627671,0.4531288200010025,0.514140066430683,0.446524183800423,0.1141762142514948,-0.10336243178971039,-0.0911554528170123,0.3494687506217176,0.4743926894252341,0.22338044268709986,0.3619917030336157,0.5722849732605542,0.29541342361169265,0.1065786525573976,0.17660008633428453,0.1021425201098326,0.3413996841244918,2
1193,1,1,3,-0.1447880575106385,-0.23285045145863412,-0.0734479284278801,0.031894237353948356,0.0411128980080528,-0.2630355998323637,-0.4486777965369101,-0.6413011595968913,-0.8818858985033743,-0.8377099106557764,-0.9110397555148122,-1.08538602808995,-0.9531867760604742,-0.9525663147037995,-1.1191185390104175,-1.1064356134961355,-0.9310662902412593,-0.7668197554729761,-0.5851310888827126,-0.4414375432089205,-0.6151438685920962,3
1193,1,1,4,0.5669702887391342,0.6330982662141639,0.9178218103256554,0.946190617336038,0.789423627978951,0.6061466020518641,0.4600017305994417,0.2755604384173498,0.44821126610183737,0.6053932523142074,0.470876556839245,0.35286352232713625,0.7055480241740626,0.8377021250593942,0.5760762636749684,0.5888063562038671,0.8032332420075523,0.637962987104655,0.36185597373986533,0.34688221636358296,0.5965312583786486,4
1193,1,1,5,-0.05227355535276865,0.32263424754130754,0.36829288210597866,0.1401914753134417,-0.01994798302631795,0.29715097206196067,0.6287210083914699,0.547188659833886,0.2292189671746158,0.2056004558259004,0.33585912164203324,0.3556019519652256,0.3310435228752425,0.33822042000229763,0.38446286226563664,0.5501010100131556,0.6521354600353131,0.6243158186062463,0.5817830670527248,0.3750229235532617,0.35976616439403053,5
1193,1,2,1,-0.6276561760232415,-0.35564616701608937,0.1686584627691861,0.513861943690417,0.5844451619537057,0.6066573008585283,0.9079076246268398,1.048288707166115,0.9080090638429861,0.8699462134292169,0.7821860523342725,0.8543473216998829,0.7700277084618246,0.8508510745106885,0.93595361715441,0.8983781811089517,0.8851540665973087,0.6695242640861119,0.40740743775380023,0.2740972320932667,0.5976199545549091,6
1193,1,2,2,0.36735865662344264,0.7488201832895425,0.9956959491328736,0.9509528842661475,0.7706676425935183,0.7652119063187006,0.847850698164233,0.6894583746273784,0.49513378439264394,0.4602811537967887,0.38015362379393125,0.19107107799275996,0.15392315484120944,0.33469842413302187,0.4349856382028372,0.4095229803946937,0.5251147182779405,0.6775445162843238,0.7101353181544808,0.7661230699197457,0.5837351877600108,7
1193,1,2,3,0.36541852700133,0.8684424168289115,1.2414983559126347,1.0728628176764476,0.5202206616943161,0.40537997683061755,0.6963878820160929,1.1774290311249824,1.135579608428216,1.1364740710569607,1.2487611019539007,1.0194445748466392,1.0759136348629212,1.2966363511363777,1.3303219898979728,1.066260777897793,1.0657885314052482,1.0956704230515135,1.1530679459282145,1.1165854488060116,1.0044072064178549,8
1193,1,2,4,0.04435384764202595,0.3477438578874083,0.6505120035656013,0.8107090574478424,0.7249533458265848,0.4731626456015954,0.38770370766515544,0.1593931735821301,0.14302213959914842,0.31704964988152806,0.34617610798325704,0.3684996706807015,0.5236834023564942,0.5200093848664207,0.31120893838513297,0.6306181674044864,0.7540254892479263,0.5015948446120801,0.6891773590409852,1.0568067760450122,0.48802017846607587,9
1193,1,2,5,0.14500596475304214,0.30198950069521024,0.5882669032895486,0.8773383726309247,0.8206041894935008,0.712782707642376,0.7039151398808133,0.656847414060664,0.6034788445106157,0.6506703414528794,0.48168378511354426,0.38114855777505774,0.5533476129923822,0.6222894903787498,0.6722744597651644,0.7808312654988626,0.7537390059445974,0.8838922310141921,0.8709513379975915,0.8577110400330304,0.6459384082461375,10
1193,2,1,1,0.03701884845982134,0.47396685293995977,0.5775987386456272,0.40581398777552574,0.3347696861999912,0.36827714112261756,0.6764698355046455,0.8787892592167936,0.8585821872996859,0.7152485994783798,0.4442460271989739,0.4813738431260696,0.7855569075266835,0.628311420347562,0.2212618595115921,0.2771328987540401,0.394747118736427,0.2112865316119617,0.30117433763364043,0.301105576524399,0.46863658288071985,1
1193,2,1,2,0.33026192474052035,0.4733233862087071,0.7158536266951783,0.7457549604853131,0.8761838067512251,0.8226154680651376,0.636359084407713,0.3299949230476081,0.46527491872543136,0.7798800621561155,0.643822813484751,0.6421227006140451,1.0302505938396354,0.925963933470644,0.520797089407117,0.45949319985348,0.5325434711534346,0.522942505516549,0.623001278503327,0.565453613533947,0.632094668032994,2
1193,2,1,3,-0.2165534070161535,-0.10224416434172509,0.3309855300607064,0.6410671706918817,0.7213106573216845,0.985285129087976,1.1556455750596806,1.1739092469075652,1.248900950545988,1.066179949254516,1.0099951041987665,1.149646410716342,0.9802958497299625,0.6340973869422432,0.4500691916628752,0.6248436274475255,0.7298441368825234,0.7340462539606543,1.0831234478541294,1.226965576430031,0.7813706811698586,3
1193,2,1,4,0.21224282233029124,0.3354568795121585,0.5041332886773349,0.8364286246587527,1.2171719136602628,0.8669244775653586,0.44818098967657183,0.4974406985317603,0.5581369034138361,0.5523337949452569,0.33133796657095127,-0.04366054782827865,0.07317464224700646,0.5781496795080568,0.7152937726230156,0.38823598357441663,0.4840416918940383,0.8610397110164155,0.717379106010549,0.615856318636916,0.5374649358612336,4
1193,2,1,5,-0.3957459077382175,0.20884847584028468,0.7850702459765422,0.6064575061887795,0.30413569534415963,0.20298513101905952,0.20014650648980445,0.3768306784773378,0.4436996012821168,0.15564704167834165,-0.31317417449297297,-0.20286522170651475,0.09464432634559095,0.2169847760190446,0.25672872808765096,0.037476927839490096,-0.2496045601955397,-0.3370899427765557,-0.1405884890648156,-0.30085347524506534,0.097486693468426,5
1193,2,2,1,-0.007282578680167448,0.24438522084984524,0.6188167484741568,1.1684974447360597,1.1089927314297106,0.8967541927291036,0.9100585006368339,0.7272208892338663,0.6230251537007457,0.5411336165115592,0.33739885128409913,0.3648319943023999,0.6313185902100802,0.6779435247229748,0.5913104093783115,0.4561862757439405,0.446671875288615,0.5378802530092854,0.5865161241796708,0.6980325166459039,0.6079846167193497,6
1193,2,2,2,0.13290701607675579,0.4162699189883088,0.7028481550552068,0.7960787965044582,1.0674237066560184,1.0039275184182217,1.1353079022228758,1.0224492759168273,0.7263306490169124,0.6698381444609902,0.6127223313720607,0.3879554131731437,0.4342742204875345,0.6797441339905048,0.532519258659321,0.4913482711230388,0.3835649800858866,0.18418874127845736,0.21483030154168353,0.03770751354853914,0.5816118124288374,7
1193,2,2,3,0.7370684011455242,1.0326787167673075,1.55209857444059,1.641689014445594,1.57004158070156,1.4610607997098584,1.1062881192942084,0.9779171735634892,0.7960666141538824,0.6693086096215168,0.7316632154985827,0.6653125734514409,0.6328008568726387,0.6032988480692438,0.42047408282586435,0.572476099130905,0.5892586388242087,0.31018331087630824,0.2710557906777535,0.017391056040979652,0.8179066038055727,8
1193,2,2,4,0.5843323431676207,1.0530455273609602,1.34903070066814,1.2181537223498322,1.1000722120430266,1.1585888849978434,1.2297418329599663,1.307589084337111,1.139597839815874,0.6859369432290751,0.5518746948462382,0.7248289131079272,0.5801530356177651,0.40540777921364024,0.3329891009298395,0.33394358621745357,0.5765320056619454,0.5014396958973968,0.28697473380467864,0.4473977620153814,0.7783815199120858,9
1193,2,2,5,0.5680111233572911,0.8395660796827564,0.9254198223914037,0.762734456884152,0.8327949919689603,0.8801141197842672,0.8288161338783334,0.7646715028539353,0.57335727423296,0.6207837215022072,0.7203619319982045,0.9065411009903439,1.0649912350980155,0.6947683281842271,0.7301743351712993,0.7478495285676696,0.5154525166375047,0.6203784467315133,0.9360537708348284,0.7649459020731902,0.7648893161411532,10
1193,3,1,1,-0.008477373700310556,0.5342747946603456,0.8270791681447192,0.5707451640447112,0.44305844869991107,0.6206900182592574,0.7442794281291265,0.4972919727891111,0.3965690410408801,0.5632991223055935,0.48203717075124386,0.4502269155766825,0.6401327760948825,0.7718089213013535,0.430044121286984,0.2932404797041853,0.46299340040946,0.4039141845434143,0.3560974505925052,0.2544462594668284,0.4866875732050442,1
1193,3,1,2,0.27992365323754104,0.45257131795600514,0.4015090838815666,0.27110525321735524,0.3856176333120795,0.518888171741547,0.15024919336247886,-0.2505217564797998,-0.4949423786357574,-0.2504589942735721,0.013686861365434538,-0.18738948964164695,-0.11776560208090679,-0.2353924928115831,-0.21731781005969722,-0.0749528982567358,0.13525088654844708,0.34544921977990833,0.09599966027257634,0.12736525016496233,0.0674437381300101,2
1193,3,1,3,0.2060436793125405,0.3005444496239059,0.6949504951055936,0.5668797758408484,0.43258239302825807,0.5663000464600487,0.4289310958993263,0.15804698523474836,-0.13597538893069006,-0.15994248406603234,-0.16085129886605246,-0.2207235029877738,-0.19099603537925375,-0.47599308249690847,-0.6494201901317593,-0.5709945435063193,-0.48067332463245516,-0.4236146376724237,-0.20772854857328724,0.009242179049325748,-0.01566959688441805,3
1193,3,1,4,-0.3226646505926276,0.008199818736818132,0.4477311071910046,0.31441212016611003,0.1287076005562953,0.29267004688294374,0.45441154873086764,0.26325408327706057,0.26891071445936326,0.5077680982320543,0.5714898716808416,0.2458385615493518,0.03700985681919876,0.2485133199128129,0.15091854767154245,-0.2633229695305585,-0.404916981770609,-0.3260315272318193,-0.35679445900314605,-0.3166791953438079,0.09747127561968474,4
1193,3,1,5,0.3136918279393994,0.6174443813493233,0.5636290102898474,0.375115927386509,0.5685753345184733,0.6150613220774772,0.3058665161228798,0.1744078860890858,0.2428511023290551,0.030024987362096897,-0.25918216017897233,-0.1716705272164454,-0.12459049059023496,-0.03618711768603025,0.0572640417706014,-0.1376284120011565,-0.28601077650162576,-0.1936201731262007,-0.2031067912101855,-0.40608514178865046,0.1022925373467623,5
1193,3,2,1,0.5934684676348569,0.8173182617817453,0.6926885266344717,0.602657282092408,0.6363568143783445,0.4973484454436605,0.2164331971233689,0.11466826671019535,0.5887122817427556,0.77103935805257,0.2691443008645181,0.18642149539028136,0.4678795433297095,0.6533385189993208,0.6271359761963335,0.6089313048736786,0.49353656649632094,0.39084757888372057,0.47829441262697464,0.42897783251099314,0.5067599215883115,6
1193,3,2,2,0.48876490955683494,0.946802601222644,-0.4296779716379313,-3.6523170586728915,-0.8542680838549335,1.243620674066681,0.23854280068095074,0.07781893579341664,-0.4161385485896501,-0.8168190835171693,-1.0677104984143695,-0.7939096402422998,-0.5711556718095767,-0.37968158997574786,-0.3279837823205979,-0.31086043151553466,0.0503531587614677,0.23210335397867066,0.23524772351951112,0.40040881222736396,-0.28534296953715804,7
1193,3,2,3,0.4970310462177483,0.20179645438659274,0.1447423350459175,0.37344670778253736,0.6363866749046204,0.7446411997579766,0.6684442925682084,0.5242166571065265,0.360294329272554,0.1594274460861998,0.16634920617048515,-0.030345718460116744,0.30695574670939924,0.4774281409621213,0.4144580088938886,0.4506295700306293,0.32228634677279555,0.5946109269764954,0.543684887431648,0.49816507333672655,0.4027324665976477,8
1193,3,2,4,0.9604028843961533,0.8744985321549592,0.9958760154294812,0.9940545016134665,1.0485628636028141,1.1764511855671582,0.8474854869326985,0.40140711999787637,0.04130030355204942,-0.2440472608469269,-0.09848554354483025,-0.1305234097915856,-0.2140303235617605,0.031471562595593194,-0.011622790146950904,-0.20259738533600158,-0.28209529588606985,-0.09934156302731419,-0.15883168340270704,-0.167529436659883,0.28812028818191093,9
1193,3,2,5,0.6907522195681612,1.506042224465906,1.834778784987466,1.5580669887558378,1.1257752714766964,0.8684831536679274,0.44022019565911774,0.23662901497125544,0.09753310624608641,-0.006353194747906549,-0.03537830946518865,-0.2408343791104175,-0.29053295940100393,-0.33371791417922136,-0.26899399372151483,-0.12647681447713055,-0.038733853850469346,-0.3799571192965015,-0.5691371455291863,-0.6582930957905204,0.27049360901146957,10
1193,3,3,1,0.3930454320757113,0.5672350439395103,0.30695574617731197,0.17740214379713465,0.2584513274054096,0.1578116833347368,0.0685939236742841,0.1126054506534694,-0.034252287483874,-0.057822504055489096,0.12138182756174355,0.013343705677808945,-0.35407683171077536,-0.32372844114383703,-0.11635664582559545,-0.1843955708513837,-0.2556160728294386,-0.20306113746442805,-0.290055708696605,-0.258314149079303,0.00495734675781955,11
1193,3,3,2,0.3310516212917852,0.39535429532400546,0.33745662434374535,0.0540385286288987,0.04741902268465355,0.27579952631318483,0.22366605701248168,0.058184365256744495,0.061323747447388305,-0.08877195339744365,-0.217233838874101,-0.23671633177903126,-0.09407630544853168,-0.18058605298253871,-0.5363303798578029,-0.5582189978272611,-0.39224223692034677,-0.35612591589263726,0.008804229457835683,0.159227515512454,-0.03539882398532585,12
1193,3,3,3,0.1943705862452988,0.35081882892104543,0.4096857950705753,0.549879968275404,0.42513762086850826,0.121794551142821,0.1691153996376959,0.21683616459841004,0.13171628969979482,0.05913008225144295,-0.014571032211396502,0.07980445551242174,0.015379570372161797,-0.28320042558714426,-0.3270669217551458,-0.3773835974355577,-0.2685182419010733,0.054288281139316295,-0.1302003845236458,-0.22095059164514497,0.05780331993378936,13
1193,3,3,4,0.2664341174406565,0.22987876133890833,0.47039800240244434,0.8961057284521423,0.7461795460419574,0.6248948586402916,0.7098883657920405,0.413136786813204,0.3211272085469738,0.3579702484230748,0.14532699562543766,0.28638254653014883,0.48538365826892566,0.20605442357709336,-0.015408846388778048,0.23940837200401716,0.2860758129970445,-0.020144326127366413,-0.12020809039681024,0.09194496101358571,0.3310414565497496,14
1193,3,3,5,0.26688731287588174,0.11953536384409581,0.074677488537587,0.557471712928989,1.0356933480263302,0.9606912952702301,0.6149833205960897,0.5628261305540758,0.4135954590411949,0.4129017801816704,0.5047083407829756,0.4636996203624111,0.3890604604705677,0.36075613608260093,0.3964054304835426,0.22266584058608324,0.193653175163146,0.410511857409394,0.35712533760467097,0.24655946283290986,0.42822044368172235,15
1193,4,1,1,0.8545564721998538,0.8574835007131472,1.1000786363357333,1.5070963252684428,1.606593497956673,1.8216138307337109,1.8654016827802007,1.5112474351469263,1.3429886056176685,1.634550630685664,1.773435626082262,1.537077283687406,1.576923257645241,1.569850233007637,1.2906500700056232,1.4562044185943175,1.473367659251906,1.014728837344359,0.8518360749218121,0.7509044930443337,1.3698294285511459,1
1193,4,1,2,0.752120207488014,1.0225667047437326,1.3356950904077811,1.39763274053018,1.506845756976558,1.5991502021809743,1.3730706815758211,1.0811670844950254,0.8450625880509498,0.829698759382517,0.8050413555539921,0.43505051385334315,0.35005160235599897,0.4773475545765222,0.3665687420100835,0.2867426720399558,0.3616739620643288,0.394017183510477,0.38563179117847235,0.267467553712302,0.7936301373343515,2
1193,4,1,3,0.48285568088381525,0.9092938016890781,1.186624259208979,1.3195625180142299,1.1311879506411617,1.0375470575158054,1.1113855207474903,0.9016642498294196,0.6146462741954571,0.578982516654803,0.5221059927741797,0.5637688312331757,0.8621625189418266,0.7340942110562313,0.7463608835784076,1.0224733944982454,0.9020875671721933,0.5729519686055693,0.4408187142513894,0.5640417881129784,0.8102307849802217,3
1193,4,1,4,0.4979156989695843,0.9968186563054534,1.4071147356873417,1.2760831828673893,0.9765971192328584,1.1489639337432311,1.1506737333074601,0.6041501817323386,0.46919305385809007,0.8950207159241708,0.8369421180403052,0.6462735575191343,0.799290594873433,0.5621583704396965,0.5720629350474447,0.8065874262578753,0.8980983897476603,0.6004052021117605,0.25426835009484305,0.39235321842608323,0.7895485587093075,4
1193,4,1,5,0.3270921886172455,0.7206784811953262,1.1820807097996302,1.0545922106935537,1.251139766039885,1.5838732487238016,1.6121529276265376,1.0514346590036465,0.5636544391178631,0.5940553111126138,0.3831910013984735,0.36399655900126454,0.8112656884649657,0.9569235017387678,0.6998743624950111,0.7918396236338576,0.9290480898759443,0.7558534382097337,0.5959595010346399,0.5904342138860867,0.8409569960834424,5
1193,4,2,1,-0.3015972808123162,0.4199121366146412,0.9236775178600131,0.8515496634094821,0.8108899755987619,0.8359135189023328,0.4181970987234913,0.0786386009519379,-0.0032567773813311496,0.2697024936378624,0.5815579580352159,0.736574570665674,0.7589939723670394,0.5769000840438012,0.3361524030934784,0.2010748998974401,0.2715034930535716,0.4472301050004116,0.411124318411483,0.34949974894225033,0.44871192505076196,6
1193,4,2,2,0.3096846504814288,0.9501333447969443,1.2202463169856106,0.938931926277735,0.7590753646292105,0.6683948290423103,0.673009490569791,0.6730090716053305,0.5078574683823396,0.6105711947136707,1.0228911629049589,1.1906913930354937,0.9911731354764787,0.9170652313507436,0.8334768010708341,0.6995395817390052,0.9601867450713729,1.0019220294016176,0.6933764194872609,0.7116687059182152,0.8166452431470177,7
1193,4,2,3,0.7439317465818016,0.9815886586025769,1.4004439242162947,1.4416733662924393,1.2626710991203511,1.3544424876939694,1.3248205218859264,1.1750378861941182,0.9921698254085998,0.8438739633910339,0.9334445655021042,0.9968919573050086,1.2549443577470358,1.4596031143803727,1.1871725988147044,1.0715139914683653,1.1173824775988261,1.2137663145920123,1.3487467529000075,1.4240670745556678,1.1764093342125608,8
1193,4,2,4,0.2706338851429121,0.4625172714175929,0.7966367819568304,0.9964885795369343,1.2967346665933683,1.2692338300579245,1.0183406812229328,0.8169759747977341,0.6784232731941655,0.6283852155122073,0.6870280451593261,0.8460137446775913,0.8277125616827692,0.6295074938078937,0.6049424722255828,0.7682738602569014,0.8214939099339955,0.7630094193035171,0.6961175595241765,0.6963714465813836,0.778742033629287,9
1193,4,2,5,0.40710107921396166,0.6787484647637105,0.9999287840906417,0.8579071996551941,0.6259736421670233,0.6858105452433034,0.7195778181456682,0.6248496650315649,0.5881571117492778,0.39532748877094953,0.47395520288528514,0.7920998506832203,0.5557238060541158,0.31884395320770675,0.4416216530710314,0.3309547314559257,0.2752638010327672,0.3564779576006874,0.07508468753485,0.15870466430628455,0.5181056053331585,10
1193,4,3,1,-0.06146254410391065,0.5901383468970525,1.0494361625328736,0.9801213958524719,0.771155191300189,0.6687165585932637,0.3490716609439934,0.14783810702360925,0.21898131700799278,0.3678544311191025,0.3910149771984417,0.41449173985396415,0.638269044108189,0.4284937582991854,-0.09937583068618164,-0.22850826624567364,0.09067216997508926,0.270890322586238,0.09431756431434615,0.25650990548973746,0.3669313006029986,11
1193,4,3,2,0.4122032640270426,0.6513337039557596,0.9622576676887018,1.210995037052851,1.3320370404250357,1.4820565224832087,1.482440454817739,1.2347534842541616,1.2542781519842654,1.2744050265142046,0.896881634874777,0.7760574192839763,0.7573930811850798,0.8623458229795506,0.39317737677053016,-0.22842658143538005,-0.06518085649547295,0.1438985666752014,0.12741883921150596,0.06983483366096535,0.7515080244956851,12
1193,4,3,3,0.5488054319392802,0.8241679380032504,1.0138087111690415,1.2110481417623706,1.1720476147770142,1.0184685538777722,1.301622029637492,1.2848770822090954,1.0598205130411538,1.0246191050082638,0.9654189449987016,0.9371743647721819,1.0598476483132684,1.0081670417630437,0.8695511627489176,0.9533998070729373,0.5670857648048027,0.30139141195600777,0.6103631099117142,0.7345411459940336,0.9233112761880172,13
1193,4,3,4,0.27360481941867476,0.28082247273973615,0.7048526681960781,0.7751902963613908,0.8346998218357149,0.7889632234571011,0.818044796016578,0.9433531603264101,0.6987915908445193,0.6663580543413821,0.8561949674377713,0.9242779052692569,0.6813897055348703,0.46618946243115533,0.7580863752721384,0.7862790147203319,0.8292457480492278,0.7917192648132347,0.6428344435332463,0.9671917618376973,0.7244044776218259,14
1193,4,3,5,-0.11089011258147434,0.4907042402034203,1.3473641063039155,1.2279745795846695,0.9483583229381678,0.9914149938348518,0.9770672355441885,0.777479077069017,0.5279141765732194,0.5800362609069322,0.6220238188905267,0.3294926102737033,0.3743637063187567,0.7795926408194549,1.0320838385372344,1.1159922094767591,1.0189224520004307,0.8622905691616355,0.9269313860034449,1.2045787923902158,0.8011847452124535,15
1197,2,1,1,0.3236563773167948,0.6296831737848172,0.7649724175247714,1.0473317105377982,0.9912822033477877,0.25534867839815684,0.039582496349217844,0.1778364273940542,0.25564662474853056,0.4042554351279831,0.41355321963552105,0.46147124982443116,0.5044516039815843,0.6521054614274338,0.6727504384251116,0.5591412509934799,0.7789093182057736,0.820768124197072,0.6099385472175898,0.5080865702031433,0.5435385664320525,1
1197,2,1,2,0.7500004806207157,1.0024278701656673,0.8244631366445232,1.0058135288535242,1.118627788232252,0.8327954459650799,0.9460380552133719,1.0016604338224162,0.644711916171489,0.6365235450602964,0.7837115074331322,0.8567676718896335,1.013210344214927,0.730678825153422,0.6220370878691346,0.8046869323294741,0.6792075850869537,0.4570734391744698,0.38703124000055245,0.46916720206991,0.7783317017985472,2
1197,2,1,3,0.8545256613084542,1.118995515632873,1.0583458960788013,0.9617052918569629,0.6512434683880262,0.1648341164916568,-0.11570184569013671,0.13923194344010248,0.43022714088057656,0.19555374320862803,0.23826436304793613,0.5536585992714731,0.6665593942219075,0.6301285403198713,0.3770944853851646,0.41027169093742055,0.5165953216703929,0.6750807424871119,0.7390979711097261,0.5313319586662636,0.5398521999356606,3
1197,2,1,4,-0.4145995333964129,0.2241737698228877,0.5856460718508723,0.40465929618485724,0.17109807337436267,0.325349267644812,0.3120239928572754,0.23249950799669078,0.757149390469808,0.9311278951140065,0.8071891828911109,0.8141200152003857,0.814119009053799,0.6968729793385569,0.8057318243322513,1.166986130043199,1.2558327878532305,1.125903818607384,0.6260091842706069,0.3237129506868355,0.598280280709826,4
1197,2,1,5,0.39301698294830434,0.3970578729244882,0.30433547614979545,0.13377447352322716,0.12531886498967496,-0.011491846921765234,-0.16628057167987445,0.24479534885883614,0.6973157660377786,0.6300539609404087,0.4892182110798182,0.7008864549530017,0.9816304794439346,1.2616044372534019,0.9984170124668743,0.6078030033319424,0.6066833451682468,0.5211014838323946,0.26945803462930373,0.47856146959954876,0.483163012976467,5
1197,2,2,1,0.004048435564228292,-0.05539687630570747,-0.6255154266230206,-0.49404925608155603,-0.6703522255224851,-1.3042172166469224,-1.43811905681768,-1.2489612636552505,-1.1808241171677434,-0.7087023484286664,-0.1356001282573675,0.22547592883437684,0.86313745259336,0.8240212295251101,0.6171241986944692,0.9173386742938903,1.0989130868901689,1.1407852587183434,1.5273226266215643,1.8140209241423668,0.0585224950185739,6
1197,2,2,2,-0.12739510044128777,-0.2521183121306925,-0.5197857081599598,-0.7031819904105905,-0.7809287332873951,-0.7036342285553743,-0.35157661941681506,0.02018531286814615,0.03496633539303545,0.1668821480020003,0.5088486567042922,0.7652187464933343,0.8032306081403685,0.7627896388143296,0.932214805841725,1.3930140231870574,1.577963394390431,1.2882297690175948,1.1195723520696537,0.9412377416051361,0.3437866420062494,7
1197,2,2,3,1.3283006884485915,1.7527454939382565,1.8602591275699325,1.9239397061055512,1.703298879768251,1.692485159131824,1.8838785528213524,1.9594802709731018,1.858244158431456,1.6101514196601352,1.6568237493045472,1.747588445037303,1.9396153928219113,1.8953757934979965,2.0170703807421937,2.2585999552459297,2.069645432011596,2.0249955822418633,2.398700157496239,2.2862932771565863,1.893374581120231,8
1197,2,2,4,0.8337253473698735,1.019066709479716,0.9205700230300159,0.7319445750865574,0.652213152359453,0.6684835277892407,0.6124136639155762,0.6799514692247625,1.1147848313339224,1.049594009748182,1.0532383191802306,1.1183981618166667,0.7464599177071825,0.5514598478581776,0.6110072040316736,0.9645749451162957,0.9926087652698108,0.9075106312200786,1.1094773571683918,0.9996498194797354,0.8668566139092773,9
1197,2,2,5,1.503886019481692,1.7635344121003649,1.8939131730688878,1.8804804526474963,1.873424324721873,1.5370663630815173,1.1989324834239725,1.2712862922978663,1.4040196493312713,1.5956431726966558,1.6796786678089735,1.5756640269782385,1.5556142237370274,1.4744613903039987,1.2549939780133013,1.3493598132949618,1.4726575107202646,1.3232066138326464,1.5172908860113465,1.5948064631056034,1.5359959958328977,10
1197,2,3,1,-0.06364291147006715,-0.3261509769337901,-0.08646835860028784,0.11136911448329816,0.1489911498054015,0.25194501982784223,0.3383727104998526,0.05655277411126504,0.005154616885307939,-0.009558932048372909,0.05825847247951374,0.1278760189087842,0.0026817501743875496,0.1971335607098356,0.1834809318614431,-0.2710656791897039,-0.2815378125420859,0.11240207842830631,0.3873153662944374,0.37925964349377306,0.066118426858957,11
1197,2,3,2,0.8214802172320823,1.1078085898659138,1.2702240428721134,1.206530208966218,1.3853971509566172,1.659887531064912,1.6050301870614465,1.5867181693266939,1.6816672430413044,1.7248531025182596,1.7274872112770627,1.669409700623942,1.5129218819403918,1.2226195095251495,1.1267991130842518,1.2437362465215116,1.2340255184780125,1.3054851227711903,1.5946210286328222,1.734882433547181,1.4210792104653538,12
1197,2,3,3,-0.19224337136431435,0.0746622606520804,0.22860783836972132,0.2782724987967572,0.1958488815257364,0.1526270654058086,0.24420602760036275,0.49393928957441746,0.9513148693165169,1.1507208045253456,1.181924162590293,0.856191808164412,0.4602810267120045,0.5920120969036686,0.6251634073360727,0.6030639845690919,0.5619989882938499,0.32907516387016345,0.4382200209860386,0.5558267850077687,0.4890856804417898,13
1197,2,3,4,0.9204563515479336,1.1542546176814543,1.342416830171028,1.2362930875729958,0.9921039319871763,0.8834771905550042,0.923087692831184,0.8400844887117325,0.8998625397463993,0.7287697053604857,0.32219984483685227,0.4604462562736608,0.7192625605306364,0.7319089323490091,0.7899225896861404,0.8770831151308516,0.9399790941621743,1.1966601664489152,1.3320919775060989,1.1654006504497003,0.9227880811769716,14
1197,2,3,5,0.66378242279014,0.9579859151563059,1.146597408900671,1.1874456329063188,0.991924379899024,0.7032593297080381,0.7756542899508865,0.7406233004010649,0.6715744671120605,0.6681989589799553,0.6545486566974171,0.7873944593874014,0.6715111422291709,0.5021786830715327,0.5332652049241564,0.6569089526229257,0.6422849024996842,0.469157419501517,0.44601466351766217,0.6667084923681383,0.7268509341312036,15
1197,3,1,1,0.31810098698341244,0.15740610843099923,0.4933449022102316,0.5713507307022107,0.5285994898798407,0.5298813737696633,0.5132795240896719,0.490266781117045,0.4074782932358819,0.2097822709321527,-0.07938201642031895,-0.017660003748259497,0.09683603463379585,-0.055958855850205644,-0.1313761559390062,-0.08562398424285331,-0.18498925230773394,-0.25189137483509827,-0.023915597839147554,0.09796321429710514,0.17917462345496932,1
1197,3,1,2,0.6377908211398791,0.8567351177171295,0.9514183970975726,0.970444823383182,0.9616738852653677,0.8812958716601895,0.8776209034720032,0.929578517736767,0.9078529251408638,0.8372657153082156,0.7172831616974165,0.8232839345550936,0.8924696226139291,0.8768581023359747,0.9921300793461456,0.9599231522736632,0.9759939529749978,0.9237080461155798,0.8607803380137344,0.95633268993361,0.8895220028890656,2
1197,3,1,3,0.4953426772203171,0.6057029348436652,0.747208528952695,0.4222194742133026,0.2198301305394765,0.27839889318456396,0.20821119805107985,0.23945034226353318,0.24779902198682205,0.3160660157102315,0.36944033985780284,0.15009753445689836,0.16967249105494955,0.23543378565189738,0.42222896726519066,0.39669725881966,-0.041786149248412854,0.058944997304285485,0.4631749991783908,0.5659488605087137,0.32850411509075317,3
1197,3,1,4,0.3777876613608542,0.5160165171291968,0.5497002774530273,0.674844004462734,0.7391142278438267,0.9983079604685172,1.0571893868078033,1.060521858038916,1.048729624757519,0.926849041335098,0.8284243439953247,0.9642130621650189,1.1354962402245432,1.1684635751460504,0.896568528152587,0.8041949172719396,0.8222858014879912,0.7755297498661239,0.7921757860724186,0.8109754433117795,0.8473694003675636,4
1197,3,1,5,-0.2749815265525133,-0.08010238428297126,0.49878437243399193,0.7663389175410585,0.5760845713052296,0.39624658819285136,0.1490363815605249,0.445765541866716,0.6250715652048435,0.4563180941805359,0.6417273598690435,0.4199136470132953,0.26155338124023614,0.5571464956688533,0.7760161778410866,0.8530449685028718,0.6866729007205732,0.4281110338185785,0.5414761806650265,0.4769756147573312,0.4600599940773582,5
1197,3,2,1,0.13722534703603714,0.12337184303031615,0.1701836121007698,-0.0393994850312017,-0.6512118738997801,-1.0400591860845476,-0.7058788840555184,-0.5187460847503534,-0.5780949895679277,-0.48386958575115724,-0.39372129898047514,-0.4258310892329571,-0.37564263319707575,-0.18081145750947336,0.1257830328189221,0.052954988132417335,-0.1498791884173401,-0.14270608278629426,-0.13795794006276374,-0.3286063550565776,-0.277144865563249,6
1197,3,2,2,0.3570821751988051,0.17077214058621726,0.1403723968252771,0.14526658690787925,-0.2613579802387189,-0.20350799825083107,-0.13162588090717964,-0.18022715274346565,-0.1412010085315814,-0.4838472900877845,-0.20406570073788174,0.1970301625624179,0.054312643746081954,-0.0282579197055186,-0.0020787008119566,0.0804418872779898,-0.07883992962041415,-0.153450231827045,0.0857873204634103,0.24394569350456713,-0.0196724393194865,7
1197,3,2,3,0.4007480201746767,0.3994651787793329,0.5231875913931465,0.5223582058982884,0.40936137034549464,0.2218330374749795,0.2975041349112533,0.10112217566054157,0.03604563552884221,0.41139305957193845,0.27066363203879856,0.14093738943733647,-0.04648758154253384,0.09642498571115166,0.4448245928306179,0.4208092574589528,0.387102036176298,0.1204372493817457,0.1283529152334119,0.4459821505625825,0.2866032518513428,8
1197,3,2,4,0.6271798709570935,0.6120423883924722,0.5192651159718112,0.4081554242777104,0.09724766612289018,0.09980581991534945,0.22802904605952795,0.1105295565964414,0.14968683244122954,0.35921731367459664,0.43386368287882326,0.25897278960240916,-0.008799320052919543,-0.002947474330769549,0.24983045002334348,0.33479809703493935,0.2261260649724016,0.09625241918695279,-0.07255316967504966,-0.006024119965422349,0.2360339227041915,9
1197,3,2,5,-0.05350327874230605,-0.0420638407408692,0.13280451274697563,0.6268479019279225,0.14129122723081505,-0.6342217693612202,-0.4258573385476023,-0.150206141788979,-0.29321744285821527,-0.33727283164366056,-0.28199521142098083,-0.4561221680717642,-0.2620259571436241,-0.1264398975969355,-0.04255967143298704,0.12224626957605735,0.1485907327974569,-0.09210379292339431,-0.2851047787447555,-0.20419572586176024,-0.1257554601299913,10
1197,3,3,1,0.32445060436630657,0.5814263936522566,0.7464864551931205,0.81308792888985,0.6181052185304571,0.5520174562557018,0.456584242512007,0.1321480277832744,0.1295399058234783,0.37917224536445493,0.3798918950750706,0.11545552024497475,0.1625706786846634,0.1284451910941902,0.12198047961234579,0.4462520209262316,0.6780129412808813,0.5943259460056427,0.3998784484167157,0.4780390897003518,0.41189353447059873,11
1197,3,3,2,0.24281315063069492,0.2618427755483915,0.37830865207204845,0.3891184790006995,0.10828588234081184,-0.30388913638805826,-0.6937654538596272,-0.7834373434115984,-0.6095541908020552,-0.3946175746978103,-0.12040037228360106,0.3522201938969063,0.40626394329523163,0.39594520273624056,0.39457267180454114,0.5360022540371019,0.8175140870507152,0.6320065634804661,0.5537604264333014,0.6565222063545011,0.160975620861945,12
1197,3,3,3,0.15630697237572067,-0.01743861277439735,0.0942598098080076,0.06921347713696825,0.0422885919718754,0.1355888664967432,0.04969924372972995,-0.0488853868948172,-0.04644599646042065,0.0643448040253496,0.1654425076382878,0.1972973030921666,0.0689125729885976,-0.0105344755839848,-0.054346809739027696,-0.198049889720945,-0.1670125910004155,0.22997179759911932,0.48133285845327667,0.4244302249276131,0.08181876340347236,13
1197,3,3,4,0.019839698717861953,0.17912548530108696,0.008040900226335246,-0.3562264333695157,-0.7244529119520323,-0.7385622747352945,-0.6396983912466279,-0.45319911972770366,-0.43976893802426037,-0.3885673288625134,0.08055203991669456,0.06975653649956261,-0.0054198325847835405,0.2297354574540182,0.19019536244329055,0.20018956798503645,0.3317852203017365,0.5201543301067799,0.4631028218102105,0.25522960736112793,-0.059909410118949444,14
1197,3,3,5,0.7007149752909283,0.6856717977913784,0.802667358885101,0.7621732854202862,1.0090755290958302,1.0410183658511674,1.1699510229192713,1.1164909908102985,0.5682760860311813,0.5025874455091731,0.602740856186611,0.930418380330783,0.9995791215793515,0.7521102563946034,0.5843113293503331,0.8190813288087135,0.736257357040413,0.47698621958196974,0.624994013413736,0.7299176248508297,0.7807511672570981,15
1197,4,1,1,0.28752469143577364,0.474383044752112,0.8391748845126787,0.9308807054265791,0.7789523201777588,0.5043030329126061,0.5803983239264887,0.6494940183765252,0.38157676329605317,0.4621144062822445,0.8380277370192699,0.6619994292000954,0.409474705557642,0.4313199247691009,0.4684607915930047,0.47527357476302384,0.554587550999026,0.4342664759504712,0.2233482481969662,0.43979862934879643,0.5412679629248108,1
1197,4,1,2,0.29372098787999595,0.09603330194945775,0.2645346749939797,0.44345863902914473,0.39619842177510695,0.5463363689085949,0.8081619930627371,0.8354420762633954,0.7674587684444727,0.7092218598046405,0.5769670814872773,0.54738205931751,0.49663988756592164,0.5460134679880657,0.7158150692009632,0.4926195788595097,0.39427078374671665,0.6763695303245104,0.6846129924023822,0.37833633383774723,0.5334796938421064,2
1197,4,1,3,0.36464096258741785,0.40550087228418386,0.318853900602755,0.36981629067673927,0.704009763974565,0.7018432932808017,0.5658557594241911,0.6857727106916655,0.46884997825424823,0.4934574825180914,0.647793563290907,0.4156774251707278,0.5012133476641687,0.6931551730111816,0.7283500794254837,0.628672904682639,0.4464007299345111,0.5525832005856222,0.7573713117689895,0.5928620855683445,0.5521340417698617,3
1197,4,1,4,0.618779632872448,0.678474067804573,0.8827814725466596,1.127554258084873,1.019960991878265,0.691661313503258,0.6474410894607567,0.8011167588344241,0.931294477927325,0.731582963111382,0.4288322839694711,0.4286143625239919,0.3832185419536215,0.3680290838413066,0.5303709913052645,0.5344701306095736,0.43806510594220416,0.2989350098405801,0.14641124260187124,0.26918097104068184,0.5978387374826265,4
1197,4,1,5,-0.29371579220086963,0.019008360876445696,0.4090897372171094,0.34705630567715084,-0.07678775123326324,-0.29142453223045545,-0.30129084498589054,-0.2879696795215698,-0.22545652889465964,-0.21534415357129116,0.012474836364110398,0.08026885155030947,-0.024666964522417345,0.35706732775096023,0.4907729839585925,0.2532890010793996,0.2151917021493836,0.029177853331081055,0.2784962611624456,0.5935660996655554,0.0684401536811063,5
1197,4,2,1,0.15975445418938755,0.6399600006170097,0.663523085534719,0.33528288808875256,0.3368025734818151,0.1089398137288781,-0.2453857462465205,0.22601389221152676,0.47286302511378786,0.29190337253082677,0.07172085164195999,0.0654484747326758,0.4126497973526606,0.4341162338222828,0.3454440419378596,0.44629884582981005,0.4170344346802789,0.26063496816682896,0.32009991772631313,0.5592660188576887,0.3161185471999271,6
1197,4,2,2,-0.0470747390526669,0.30565862566204977,0.4832336271641229,0.3958848004499131,0.39748792032760394,0.5686428443936933,0.6950403079346452,0.319406654234375,0.38145200685431796,0.6959164265759967,0.6031622334601174,0.5353221310009937,0.6211972024543668,0.4337064770387209,0.3428177244040518,0.5396822089341219,0.3620972859810565,0.37973571614807783,0.47250825193437457,0.43652489759494045,0.4461201301747436,7
1197,4,2,3,0.2982675917365184,0.5031256111820601,0.640981071597854,0.6007365679773131,0.45228650336391757,0.35951385763256183,0.6465788059077873,0.54707611462619,0.32580174761126324,0.5038408261357576,0.863762368429434,1.0815519861160916,1.115415474826138,1.0068596692931364,0.842466727910037,0.873171696984407,0.7140258733852696,0.6032800851407237,0.6579935681349361,0.7879120786097729,0.6712324113300585,8
1197,4,2,4,0.7858856087806648,0.8448946275963288,0.9713452549910943,0.8926967556645282,0.9027646233452369,0.7011313554216043,0.48137789373984197,0.5926440167697885,0.9191643611709474,1.149250809189422,1.0791371853593197,0.8803692380479891,0.7259539722448214,0.5406677834789877,0.5984398259435808,0.8645455913838545,0.9302628791470597,0.9535944409768021,1.012537826277383,0.8715011139050204,0.8349082581717138,9
1197,4,2,5,0.8727358330479575,1.0203542469277567,0.6231213503549706,0.19505037123976068,0.2864960678062237,0.588619297279583,0.59969788179898,0.7510294507490352,0.9059331062431577,1.2039279844050101,1.2175797183439365,0.9363449596236906,0.9842478132383922,1.061136098647662,1.1430050116947599,1.0233346138427883,0.9997454460256788,1.0515074946077096,0.9296652080447101,0.9795655003111141,0.8686548727116439,10
1197,4,3,1,0.5557821777999543,0.5021898332383342,0.6901340931767239,0.6903547367773202,0.5937526991359584,0.5354729202956856,0.4565516104364776,0.11335267379350779,-0.0735839035737889,-0.031979828553613254,0.1870763992799747,0.346342324515887,0.20681860733090077,0.1454047639499696,0.07829595346776955,0.04895419767216745,-0.014590934563914706,-0.059960886300389954,-0.10144882914764985,-0.3978315453772392,0.22355435316770175,11
1197,4,3,2,0.5553632146453134,0.30231275020442155,0.10884571601191095,0.05071998916911675,-0.1306503702128889,-0.13441714600297994,-0.06309430597057801,-0.0833940438219646,-0.09994111673189475,-0.3380591390911105,-0.34251659104338095,-0.18451855513394394,-0.06823297581192704,0.017350803567397946,0.0032858276828897,0.1325360240518873,0.20512743751180662,0.15855236580033083,-0.06108950266043245,-0.1800429544906956,-0.007593128616336105,12
1197,4,3,3,-0.4410754470968909,-0.7337183162225334,-0.5939599646351965,-0.24461613379111546,0.0066673446129728985,0.03989625048137705,0.2901684283180747,0.5622482611037395,0.5421097746483565,0.6849271301640755,0.8698770663331644,0.927990807039521,1.0082655907976834,1.2439045883345727,1.4576515790927473,1.3632390107446857,1.1926178267724965,0.9609520183439986,0.8272974124528784,0.9894769691395506,0.5476960098317079,13
1197,4,3,4,-0.14249766925038804,0.4656049834413969,0.5998151698894658,0.6173883634926742,0.3207440826290332,0.198258098751388,0.3134278949335765,0.03639260919850606,0.341337859311927,0.8860778152897415,0.9151730053477323,0.9178329484243553,1.0996773163200853,1.1350715131439308,1.2509723667043942,1.1377756399272534,0.8774314265069636,0.9135814464451331,0.9077249265041164,0.9909281296890693,0.6891358963350178,14
1197,4,3,5,-0.06965629563581155,0.0957792026659416,0.13196811457459265,0.16117333269627399,0.1286433136664601,0.0517880286522244,0.14397030606375497,0.5821647266682911,0.9769512845087793,0.9618940805193239,0.6869232414700823,0.3762401139342797,0.21016317009599916,0.2508365677417799,0.1951357385618818,0.31799336813401413,0.38294789930276957,0.15237767979375075,0.13731595317708623,0.2261019933417688,0.3050355909966621,15
1198,2,1,1,0.4436328523184067,0.5098763221956617,0.4001498945860142,0.1602748818528913,0.11680966496780755,0.07590908149349425,0.044998672663113796,0.13356857630676489,0.1217538366623197,0.17047758288620163,0.20710020592904185,0.0868805943475722,-0.2505380309296846,-0.1439239815159303,0.09479416543750155,0.02310871217907735,-0.1097252955585995,0.005581991783829204,0.15142419292594825,0.15695910541692304,0.1199556512974177,1
1198,2,1,2,0.0931621683344405,0.13565587703247695,0.06351138846796961,-0.04787498807720505,-0.155937110012208,-0.2657144504394769,-0.16878278378014522,-0.0915312790139533,-0.081581221717346,-0.11223740306237465,-0.08744059439518614,-0.24670481741318445,-0.2960524722812308,-0.09953870524835545,-0.0661545514262465,-0.05577537117232685,-0.0430776619721324,0.003562529642161749,0.1665140153428073,0.12112750821442289,-0.0617434961488546,2
1198,2,1,3,0.19027336048974813,0.0912840587958908,0.1767699907349073,0.44624707391932494,0.8096005999907236,0.7510425812167556,0.7123263650616013,0.8176544585764971,0.7428533662653881,0.8206401172614785,0.7501205239195083,0.5192370241180708,0.4524784233432409,0.45314243757271205,0.4661406598490187,0.6018867425353809,0.7596664849365928,0.7436796872105575,0.718656896875988,0.6548783314583393,0.5839289592065864,3
1198,2,1,4,0.555907098354339,0.5583516886720425,0.2740766696778214,0.3857808872988787,0.7275426090365024,0.748876906669905,0.47711913333452755,0.3806893067643528,0.41298090538748766,0.19704565384470124,0.0884861532993931,-0.021540202657083944,0.1013364919071748,0.6092629319032076,0.9206830239983529,0.7297498995611037,0.4705007709217207,0.4290515547783619,0.5207213165361785,0.4033034253291439,0.44849631123090555,4
1198,2,1,5,1.2541277454192798,1.6871471704628562,1.9244367541178278,1.956917583912241,1.9337785273121533,1.7833714864756218,1.8465968622862294,2.1404879593597386,2.268156427122487,2.1806058524035445,1.8746559678413812,1.6021042126860228,1.377861147873159,1.0514484499434,0.9325038529986979,1.0057974985530618,1.3439662503817627,1.5165755891169208,1.5864495645284191,1.5514900550264028,1.6409239478910604,5
1198,2,2,1,0.4350229622242823,0.4619667939920774,0.6286134090722852,0.7489908864661431,0.7440708988050821,0.5672768323808335,0.4055833061916372,0.2756815873160118,0.2510601399872658,0.5284105990989596,0.6692910001799706,0.5107298221763993,0.23802961030832218,0.09928511339919335,0.19906739945881918,0.2747005616502825,0.3348201165410178,0.6038254736732934,0.6541697961497239,0.4724769035299268,0.45515366063007634,6
1198,2,2,2,0.33222068329919446,0.6234827761458032,0.6097840756083901,0.4720561415537905,0.5788299016077251,0.6543636993967695,0.841559594590892,1.0272142164393614,1.0152335407517836,0.9083397296517557,0.7998624955841409,0.7776872118340444,0.7247488644472375,0.7530805453082252,0.790769941731218,0.8797700695679979,1.0154671861730404,0.9649752032918827,0.8014486763772196,0.7442490881982219,0.7657571820779346,7
1198,2,2,3,0.5489087793300367,0.8694874674684387,1.2236189224793472,1.46859238182718,1.743287973269629,1.781359840512832,1.6253692218548939,1.474304143364574,1.5588914065804937,1.5210759706703578,1.5247186299384272,1.2698060007965064,1.3013371284725894,0.3095653097458242,-0.4521690497825117,0.3385188036773764,-0.4788543791605594,0.4078223520334786,1.3030460707034925,1.104033908045568,1.022136044091399,8
1198,2,2,4,0.29959127697974175,0.2546473961640397,0.603237962029235,0.8243593915947163,0.6478432175205298,0.7553572217417751,0.7776739700176591,0.7908033007949772,0.8370667719025828,0.8071987453400064,0.9811057651787158,0.9697166174011593,0.7983455749983521,0.8306565592027471,0.7474227884322513,0.6633085190652941,0.6444799020541598,0.6599419761816642,0.5084200327284114,0.7498973573465993,0.707553717333731,9
1198,2,2,5,0.508084406307343,0.5620192977710977,0.6796586265089114,0.9375407135389586,1.127587563317785,1.1278413679922794,0.8800251522932176,0.6566479400185479,0.7474984531407418,0.6057241866051831,-2.074657535785468,-1.5249391470938638,1.2224786170376776,0.5312701647328237,0.34581205459292363,0.604873247669542,0.689406741838847,0.7847316100257045,0.6791046269831778,0.6866228857185319,0.488866548660698,10
1198,2,3,1,0.7431886865013644,0.11269230045073264,0.47319273803502954,1.294889419880795,1.104457218735898,1.0763891517354243,1.1296936386331562,1.371636280735975,1.58877027291941,1.448461620704418,1.1030143849282283,1.0370857074618727,1.1785889583088345,1.184192668427908,1.0436072185351246,1.1286076300378456,1.1512026198523266,0.9807820760028964,1.1089085347118393,1.1102051735164202,1.0684783150057748,11
1198,2,3,2,0.4819335274407419,0.7435043322168665,1.1369623098182569,1.2207234185386624,1.3192222304719963,1.2751822438874156,1.3502367027358164,1.4312725450600374,1.1399674133999604,0.9148153713649966,1.036193016239682,1.055612853760235,1.0272322316125668,1.1202499210686396,1.302202229068815,1.30653757931131,0.9925904867753212,0.9003680604352982,0.9224830533766546,1.019403045514134,1.0848346286048702,12
1198,2,3,3,-0.4785342535625548,-0.22571574257747615,-0.0525502827568397,0.08869755337613806,0.143371765988014,0.10321095546475725,0.3923734777979404,0.6173501630883594,0.4336871273338663,0.3775443743046203,0.4340161554357308,0.4584085819174162,0.5685711797735484,0.6171932191742787,0.5352994167666962,0.5104538934081133,0.4944981174061397,0.2314594130582689,0.20703563833681393,0.272216410188199,0.28642935819610155,13
1198,2,3,4,0.8115945373153783,1.1175164171928593,1.5196247284835374,1.6099265427995142,1.4493774243328987,1.4117961367366472,1.5767579557586082,1.818855470003887,1.9840811919729286,1.7758553457457338,1.543297795832348,1.5061486279299479,1.3644959270388224,1.3695727001069204,1.5885172747690106,1.6928185346758298,1.5700760503580142,1.430746039736258,1.4582219460826507,1.482586261274005,1.50409334540729,14
1198,2,3,5,0.6229280890800262,0.8199264350304187,0.9578470829334234,1.1345876876323175,1.2874279461490015,1.3230259250443122,0.9978249154973434,0.6612205224591399,0.7281668150146078,0.8199002630383592,0.63155037573556,0.5667447917129194,0.7927935019730878,0.9512036778473378,0.9268718883294864,0.9877041698377136,0.8216609160030828,0.7835900530944704,0.8311160788421372,0.5179919226855862,0.8582041528970166,15
1198,2,4,1,0.7538121830897098,1.0851908260611915,1.239579007375617,1.1848850739010546,1.2081763537462027,1.2185650367978982,1.0303731647442083,0.8255652476779582,1.0185762561500882,1.1777066315806808,1.1485507680878948,1.1523846087281227,1.022555825206339,1.0024626360908322,1.1009369444304762,1.1305142081273818,1.105682409710333,1.147683638176288,1.2157568626130861,1.0612943712405887,1.0915126026767976,16
1198,2,4,2,0.592280668929138,0.49227367109000797,0.712058210249936,0.6770299349071888,0.4722699620003684,0.5873064834398241,0.8772698967656116,0.9724895788590877,0.7992795565733327,0.7489113937977582,0.8219479535433056,0.813577681191699,0.8296593325574533,0.9270202247906648,0.7854548172982262,0.5127702471072285,0.5927405777721804,0.47637975845035707,0.5942061651217687,0.5331782206181536,0.6909052167531644,17
1198,2,4,3,0.5182966947028279,0.5982142978541116,0.9458572492382166,1.0715161927519345,0.8148792225555496,0.6011758638489311,0.5395045680385535,0.6168893356142139,0.7475273748832809,0.8362434425331593,0.8269609196108629,0.6293771382361608,0.2891308920154616,0.22848303365318157,0.4264588918003358,0.706863566828758,0.6825075861323415,0.7199503098759813,0.6941038051752966,0.7091920942794567,0.6601566239814309,18
1198,2,4,4,1.0596729158720746,1.2439997444477418,1.6663025581050093,1.0057877237661996,0.22632081268910584,1.0177575245658412,1.1578530824478015,1.0928967710624506,1.3866814209517488,1.4131959850391866,1.5546607182890861,1.5754992576148799,1.5899441041766225,1.5108248411237835,1.3820050179246346,1.471854196001984,1.4563577078486838,1.4363977999944841,1.5876259277848872,1.2218949977163522,1.302876655371128,19
1198,2,4,5,0.4878404337276872,0.5755225219191791,0.6732560300432255,0.7492003699155585,0.7099059450478973,0.6605076200240748,0.7091133953921005,0.774698295287346,0.6539793968390402,0.47056819015781776,0.36703705923300634,0.3035270187006156,0.3358831663218434,0.25092094289983347,0.13507130827530756,0.11721453365446335,0.26404799168485477,0.3992229390479276,0.29180388203465457,0.10399314700566716,0.451665709360605,20
1198,3,1,1,0.3702282327965478,0.5727070442044866,0.5125217713451559,0.5376848136667052,0.6134500692564879,0.816757050705481,0.9788567047415607,0.990007101503948,0.9282177917654517,0.7694954226360733,0.8413881999289838,0.9836305289548233,0.9276956235794993,0.9028154258558538,0.7908314074907254,0.7989366993285378,0.8699106133116495,0.7210834624444484,0.7058012074276195,0.6256308222257053,0.7628824996584871,1
1198,3,1,2,0.8171601198229982,1.2062884704317247,1.3040539768395734,1.3424051618012807,1.2404593840838292,1.1246590753159884,1.135743179462426,1.072108794443526,1.0719736209814106,1.187030377061304,1.2368336177972301,1.1011769875734603,0.9410341043180961,1.052294234235165,1.2444817319175692,1.4224291943186262,1.471284971219494,1.3596081278901968,1.1262639573328237,0.6297318614328637,1.1543510474139793,2
1198,3,1,3,0.2561815133859235,0.581883952682545,1.0206811791904442,1.0528094143277924,0.9823000129065932,1.147961975845826,1.4458793257804285,1.5244801271171737,1.5605232040549417,1.6223823261759747,1.618219908419281,1.8149504581286937,1.932280695100937,2.0945094997194795,2.157659478160077,1.9966400925886174,1.8113325705072878,1.7675012893756006,1.8031714239947376,2.016351232735772,1.5103849840099064,3
1198,3,1,4,0.9867337841557375,1.0055962573018569,1.3928181690982995,1.9258786153884815,2.105743557874987,2.03960109940612,2.0570519266667207,2.0333670048587655,1.9589825690964267,1.95140831374618,1.9784455148213944,2.2686297135326603,2.4328859926601907,2.2260771249541547,1.8727663233885936,1.6276218546144308,1.7463353107558701,1.7953147477454983,1.5962920354767065,1.4909295966643845,1.8246239756103728,4
1198,3,1,5,0.8718142190450164,1.01421606240253,0.6003213759660411,0.24162068709722445,0.12458790131354935,0.045504074509524456,0.04190864959953185,0.35265769072211955,0.8001319534306568,1.1266797239441815,1.5413804253049315,1.673791381102941,1.6099461441258691,1.5576985830616235,1.5651447504401104,1.800239872202554,1.9566182008089412,2.0607090500914733,2.2379004195299608,2.207449082529356,1.1715160123614068,5
1198,3,2,1,0.08713664666925901,0.5304388431959162,0.7441132488351014,0.6349884157337127,0.6092833123026569,0.6654391438926412,0.5975639208004293,0.4424209999271135,0.3307138518664101,0.595584742752764,0.9410422638633937,0.8176283404559029,0.7621707741721477,1.0535445505535748,1.2873313073586719,1.2611482147744635,1.3491663847051192,1.4450078154814983,1.3582716376276824,1.3772021940196415,0.8445098304494052,6
1198,3,2,2,0.9016528794029085,1.1331472339117186,1.638212951481091,1.9948482616068015,2.0619204165230385,2.031160047202633,2.123100739308337,2.3830808829920507,2.549304464521536,2.353598311493311,1.9686445714167984,1.9905540459821736,2.2771558325953305,2.3910911942893778,2.6115130717478365,2.6065689497700344,2.3093968457982035,2.15474958874871,2.1956566111661218,2.337550489439437,2.100645369469872,7
1198,3,2,3,0.27352585137722785,0.785371877914411,1.1588270262120055,0.9155980690758246,1.0232575782428448,1.3098704031471673,1.3787624696375365,1.475313735006959,1.6924936480935124,1.6223437874363957,1.5142902483613105,1.4940867983376291,1.4819327141999623,1.4748494961882004,1.398367134108037,1.4700274176741899,1.5145061352810572,1.4209188946382274,1.5695160371723627,1.7195638862390061,1.334671160417193,8
1198,3,2,4,0.9935633859193929,1.3185222628509115,1.5771137563718072,1.6721733856242103,1.6732072833950797,1.8580896889550949,2.021437607072289,2.1785734319396495,2.154800068575542,1.929501347466522,1.8905889454545968,1.985019826633699,1.9531489590810498,1.934580938379289,1.7791848514307909,1.4433955475292664,1.2949227366045786,1.2648938497349385,1.3067192772177514,1.2207587036251497,1.6725097926930803,9
1198,3,2,5,-0.053886744598755656,0.07538013279122249,0.38034074967144194,0.47608482379260286,0.1510383001699721,0.19015091797311906,0.2587999769420878,0.20862692195417581,0.4101674464948045,0.5483882957161696,0.6537839846785691,0.7698820028688949,0.6140722633529742,0.6911858617199517,0.8219157231624719,0.642606105439556,0.8442512620669416,1.0884651672438608,1.0761465775381114,1.0119628852488836,0.5429681327113528,10
1198,3,3,1,0.0967053014738551,0.2962487114920942,0.5120678410344879,0.5664621045171079,0.45173840396793585,0.6202335861348584,0.7394500123115142,0.6309873934833776,0.6747658988170855,0.9432583034196895,0.9924323281052906,0.9248893946392955,0.9883515481677541,0.7790005988203965,0.6887981368603937,1.0010188932438673,1.094242577077018,1.0009719420804684,1.0431442885723852,0.8662579189251631,0.7455512591572019,11
1198,3,3,2,0.7464821293949386,1.022228984325388,1.2405693280521146,1.2624745948765212,1.3478943822167422,1.5690392224814362,1.758293062972531,1.9640365552681769,2.0987046761402564,2.0173347315219683,2.0289850677275454,2.1771248168633663,2.23277376274405,2.1690350302020796,2.0818279793568593,2.012850307704833,1.8936751849866211,1.7824539728593032,1.7762745423013746,1.6116243708896214,1.739684135144286,12
1198,3,3,3,0.3254273669954204,0.3836671273628548,0.4938620330782171,0.7071329260591717,0.7833325616193697,0.7964739166694172,0.7216677912436731,0.48571490927893135,0.18688393229827496,0.07534387438035764,0.15388761823011143,0.24835298962881613,0.38336796571982956,0.49663418882043386,0.4244127085384217,0.35604241170168094,0.32602930482371095,0.20199051436310328,0.2276020700915723,0.3045368758625951,0.4041181543382981,13
1198,3,3,4,0.3319436254661565,0.271341286924095,0.474486637500869,0.7908165080510223,0.9236966556866432,0.8032006744115849,0.7221371459325756,0.9099177876891179,0.9856494418816075,0.8939327772560827,0.9171097356128286,0.9595970960429747,1.037153535783407,1.0731548063299605,1.1127141685357347,0.9153168564550179,0.742391033622519,0.6611602908615641,0.4868230111061474,0.5630560401602069,0.7787799557655057,14
1198,3,3,5,0.042264457677162345,0.09488804313436194,0.2024791763883613,0.4847381765021468,0.5843105079082109,0.2793395182074609,0.0975659913544915,0.14522987922679595,0.04763974701469175,0.0095391608400551,0.0007310895254002501,0.215172921126231,0.5382168813610027,0.5663818583998637,0.5903928062213852,0.3829109643572369,0.1906811590236695,0.2081779515910249,0.2050490450620886,0.38204648816060344,0.26338779115411226,15
1198,3,4,1,0.38217030211023784,0.45802163539250906,0.6092761793646628,0.5339342086134755,0.4503086821554633,0.44351159142414764,0.4429466641514015,0.5141330004470455,0.2936194794185611,-0.006878575508005651,-0.11902048259681594,-0.23521074330868985,-0.22949523908606545,-0.11612011594913205,-0.11916887164266605,-0.053165914253946046,-0.040511508722790246,-0.0615648109764787,-0.11128943384473064,-0.26465277005438886,0.13854216385668972,16
1198,3,4,2,0.3755451568689586,0.658671728644316,0.8495348125065311,0.8874562487695543,0.7224618551825849,0.5487978201539883,0.5951059266960768,0.8864684389462882,1.0052886476641867,0.7252130791372067,0.6847015446727682,0.8729604257934971,0.9216270159476748,1.0748089059125912,0.8742284043131602,0.5594308216805803,0.39406054454735,0.517331197453021,0.6530689950214559,0.5616419259716854,0.7184201747941737,17
1198,3,4,3,-0.030560467527245422,0.418991888219233,0.838830884376914,1.1421826841242424,1.1815279361023592,1.181664646042371,1.1657343385553725,1.2784615638956685,1.5589034509324105,1.8538870102240042,2.0432861423568687,2.2292418176237865,2.418136183875559,2.29261481888554,2.1326809022556663,2.2128333453127107,2.0229192149586863,1.7535987573388636,1.8091185118780158,1.8960499089233827,1.5700051769177206,18
1198,3,4,4,-0.03805400033934175,0.06880924128170218,0.4338586948657305,0.6480501938136959,0.7430666322995181,0.6121808970432234,0.7210382561045068,1.0638000876956815,1.0791795663130217,1.082139629168594,1.1668816038058583,1.08018110243473,0.9874376724674172,0.9046828948322052,0.7622047033183601,0.6676384523664615,0.6125097748077175,0.7234194055839129,0.8764027230734835,0.826930511120928,0.7511179021028704,19
1198,3,4,5,0.8408787958465123,1.141043376589758,1.0812549312504658,1.125438953474353,1.3105029345424595,1.357628916674054,1.4695357284879733,1.6129853570049635,1.4787002459361602,1.33750359782902,1.2721619434587512,1.21096271572366,1.3619304177055485,1.4512000835267993,1.3358364282172508,1.350425740509808,1.2539873958172425,1.1438943545261346,1.3347090335097818,1.286990519803282,1.2878785735216989,20
1198,4,1,1,1.058514282071478,1.6977426521941978,1.8870190126145925,1.7933981645812567,1.733334673288292,1.684260060987647,1.6654428422467698,1.891591274009182,2.104799602093926,2.141111180618151,2.0367063802179515,1.9550733021613622,1.9867094843913975,1.536264586971134,1.3191396935084492,1.5017273883341735,1.4899395501857546,1.4362216345174728,1.3646516214319555,1.358714014654859,1.682118070054,1
1198,4,1,2,0.6878829054652114,0.7608544279602534,0.9673978824026837,1.1433102620126463,1.3284222597746544,1.5255798824059998,1.4678344668827288,1.377095829348458,1.473480471788312,1.3614838407362606,1.3575988707131001,1.6268388508830713,1.8199973153019728,1.6683582574760991,1.3514524163238704,1.453769725820387,1.5095289925613362,1.5520860434892216,1.7734805453629514,1.807729655572428,1.4007091451140823,2
1198,4,1,3,0.48797474327338797,0.8642281983811448,1.348211695618717,1.6042628702401693,1.498731227904627,1.1660758702249467,1.1977281009878595,1.372028020028981,1.4488098583870883,1.2630800988635278,0.9274837816711623,0.6643616006307009,0.5448020260673705,0.8087188458269035,0.8639231342778175,0.7766552262556405,0.6957374001838242,0.5972921567940682,0.555192879690185,0.6527267203960847,0.9669012227852103,3
1198,4,1,4,1.076713540215723,1.2685875117035084,1.296568439984197,1.1419400451284447,1.002125298834575,1.0033778110086478,1.05315045342532,0.9756405394955461,0.8767234252610464,0.7152571412571169,0.5369908533362338,0.5117977257875332,0.5680647840627375,0.7720276047093668,0.8490310815402986,0.7912958129712622,0.7047886539743617,0.65121527927269,0.6750726312930303,0.9068568135741237,0.868861272341788,4
1198,4,1,5,0.8250569217494441,1.2492367681252827,1.6784402754527612,1.7915315466491455,1.672202965981835,1.4708713339309925,1.2715180724934516,1.2180135946888324,1.2267249211625249,0.9015915561736169,0.6313294124167507,0.6523088001400053,1.0030254543678292,1.0771858721655765,0.7353029065431778,0.3896052403279601,0.2764709035346042,0.6861423758403047,1.1055490900671057,1.1311036202556903,1.0496605816033444,5
1198,4,2,1,-0.5499739224694983,-0.23603884555539556,0.23056241201139122,0.32454586400406815,0.3285173267715914,0.542673410362645,0.6667242572489728,0.5878173482159215,0.4702441291056812,0.35035567417429403,0.5433304520091999,0.8578110434125693,0.7131362234466079,0.6417952024504456,0.6570760965151408,0.8139849027956833,0.9571200471516339,0.7335851078536888,0.6369039926924261,0.6960392042698589,0.49831049632334634,6
1198,4,2,2,0.07783513620750429,0.48935493870980235,0.9568190846273315,0.6935948203139288,0.645109983859118,0.9445230761694411,0.8705102269240953,0.6918744037120316,0.4141772281670682,0.29250699027039295,0.4735652177863691,0.6221989319247403,0.7056353452492168,0.8240019942324772,0.853184222421169,0.7100872077703091,0.6312189722693292,0.6468436972041922,0.7453460971634749,0.8148633201099217,0.6551625447545958,7
1198,4,2,3,0.9621550344847428,0.998763065885923,1.0316544519339028,0.9615490359966324,1.187520260709534,1.385063547762123,1.3161493508105329,1.250146220223713,1.3254700370603256,1.2214007995467449,0.975830465916647,0.8873737258954717,0.7703156717127888,0.8371660441660442,1.2152319836211622,1.221530153252991,0.9891997277524677,0.8867264794002351,0.9720391896799605,1.1411125173625307,1.0768198881587234,8
1198,4,2,4,0.4054651658697695,0.5443894385741308,0.8501378980760763,1.0123072240119724,0.8551197773917683,0.9086817883820444,0.9402051674591672,0.6284485344678186,0.6773080074379428,0.6965007221395276,0.7012910003490505,0.723887239126632,0.9119551784618778,1.0238727654028685,0.6164773459162294,0.549379867830715,0.5417115800015977,0.48901829520695483,0.6912334804419171,0.6862042256092825,0.7226797351078671,9
1198,4,2,5,-0.10599140348878223,0.158118556375207,0.28526189174944283,0.5164510876253531,0.6187855281761003,0.7512196971251746,0.8636489274770403,0.7376971777772763,0.664568617361273,0.7194457008189611,0.6200891931467993,0.42780197699387795,0.3537348857710313,0.43532220370478814,0.6164285302043422,0.5414931897912717,0.5251091646576251,0.7121803840041636,0.784684197316872,0.727128130262515,0.5476588818425165,10
1198,4,3,1,0.18232088088381934,0.4294990481413916,0.4315432870378523,0.31007560880837937,0.5737474904441349,0.7697028225786293,0.9347392551112659,1.203877352196157,1.1811103180525733,1.0641244123481053,1.033016558934355,1.2122201036373126,1.3751079227338914,1.3809397679031425,1.2866603413372897,1.1815770041144715,1.0705105491502942,1.0975265393712184,1.23964601742111,0.9963140191685509,0.9477129649686972,11
1198,4,3,2,0.5813531820109544,0.8530054743972018,1.286222194972782,1.504463830407315,1.4684234505646363,1.5476499968031638,1.5409612005763549,1.425792482938625,1.3557696855075374,1.347050822839474,1.3685468617425596,1.1212839142716036,0.9618592814703304,1.1259449931750547,1.190795649336609,1.1329980011296095,1.0498277493338213,1.0976386162026561,1.3115986602248695,1.4468812424813615,1.2359033645193258,12
1198,4,3,3,0.6217505452985044,0.41933834933309544,0.3893295901718962,0.21874093496636618,0.3581649953897077,0.5774699296694981,0.5699104569781084,0.6030234949789087,0.49575495422261595,0.33802392360480904,0.3186949898856294,0.43804014949732706,0.6451166589288717,0.7436031780106843,0.5012666383153332,0.22023138654057525,0.2003004311885827,0.3093790346665435,0.39196135981175684,0.1924449327601192,0.4276272967109467,13
1198,4,3,4,0.5536546113818918,0.9319206860028838,1.2236159403985702,1.2847652101257725,1.3971100590358985,1.4377897301248446,1.532869979962679,1.6614633678574604,1.555480275096571,1.3248969658103729,1.1829689443353744,1.010753023477586,0.8503335477557744,0.8040601834688039,0.9302084865425768,0.977336052832469,0.8953159160175292,0.8838821012776016,0.880031547840558,0.9279005348952769,1.112317858212025,14
1198,4,3,5,0.4309699103916695,0.7268529228187833,0.8499177599801802,0.9961883512515529,0.8549634438299933,0.4978137422230241,0.8097464685809197,1.122877144424089,0.9045575858266803,0.7970323385635321,1.01027404811411,1.207627281711384,1.1568797800371184,0.8823120222210035,0.5557589557387144,0.6747438471003946,1.0178658783814765,1.2986208405188395,1.2300362113879144,0.7952278179955592,0.8910133175548469,15
1200,2,1,1,0.10006311790987243,0.5464308072177494,0.33474820387517473,0.28517520382025213,0.46898802169370946,0.2077445943089424,-0.0791256948929253,-0.2140418011429442,-0.22592961262321748,-0.16583292687054293,-0.23267426489441256,-0.3318504276450151,-0.3388961762107233,0.08186410064653019,0.36240949131249234,-0.06709165625817376,-0.3489204910027087,-0.31115727988452635,-0.2538309043396482,-0.3570046040753579,-0.0269466149527736,1
1200,2,1,2,0.6989234855387225,1.2016649237812573,1.1531311286877508,0.6628498612219196,0.5192654690903977,0.37202953401632244,0.1543163319557764,0.3866717859609367,0.2925050036417232,-0.09012522902847075,-0.1411069568237321,-0.15426435568483565,-0.30039938896204926,-0.5006892404111833,-0.5222320983146084,-0.37653339033123356,-0.1205235680921941,0.033605629530146494,0.12128234407622406,0.24307021464373652,0.18167207422483034,2
1200,2,1,3,0.4326661484825497,0.8249586888128129,0.8186293793399602,0.5460580427570193,0.4865872779010729,0.289183043337286,0.17787490018401705,0.09054794412453909,0.21055632715363878,0.37213001235385057,0.34618316931399273,0.0974483577628059,-0.3623656440124408,-0.48505574348992553,-0.3783503160507023,-0.21589111394342636,-0.19012872160150684,-0.1290935658001207,0.01966237439701385,0.15269066644985563,0.1552145613736146,3
1200,2,1,4,0.1219451115513134,0.4222921189228416,0.5437357705324053,0.28443973364082115,0.0262299238814728,-0.3130747748700901,-0.5621723867028996,-0.5317094120214625,-0.5155397048988668,-0.3633537681676855,-0.18772344895468962,-0.11705348621899131,-0.1403824509739851,-0.15483715671741735,-0.16124661690569494,-0.08076641358355505,-0.023951295734962054,-0.037282914866816994,0.23740000003354536,0.4144324104095908,-0.05693093808225626,4
1200,2,1,5,-0.3912351292063032,-0.035315536689366656,0.2730625030960039,0.2618259931211878,0.2583641153507298,-0.0324045925215273,-0.47119515568262454,-0.6224535240453286,-0.6169397431439132,-0.6501093233403542,-0.5986405283393922,-0.3342297077651111,-0.18619184128159327,-0.11296538270913739,-0.0160428154246825,0.0864741929273916,0.21314787899265056,0.17604485256288466,-0.0025072552610606452,-0.13032556133604906,-0.1465818280347797,5
1200,2,2,1,0.1405216360558646,0.5864591242274224,0.42352782922524956,0.07990127672526284,-0.1125028893945604,-0.18054361551926612,-0.13472978679761674,-0.37990445664360006,-0.5139757487616691,-0.29178794557611415,-0.2980037564559757,-0.338566069361391,-0.1791146104752868,0.05722723904356224,0.16527778380942793,0.2655175469640084,0.43505292292792264,0.35702674589947836,0.2291693933109468,0.3475182479107063,0.0329035433557186,6
1200,2,2,2,0.5715733197993332,0.8833124675462669,1.0117513967253686,1.0279154455555806,0.8193405907439849,0.6509221690411175,0.572473581984033,0.5200533586697459,0.5377966837866355,0.6078051547810256,0.7367695489504441,0.7791775246997119,0.6239404228210621,0.5229088671720096,0.32298129677879084,0.4069680689287488,0.568025218635585,0.5947647176747085,0.7638483126422713,0.6088114072910564,0.6565569777113739,7
1200,2,2,3,0.48798995968395353,0.9909782041347104,1.2385966034374891,0.8474540599500268,0.3978994435637595,0.5092466884973489,0.6662301988236374,0.328126617258931,0.032699168875024553,-0.006477961219086248,0.2434283471327398,0.48856654941973066,0.2181516349439947,0.04828236390230675,0.1805278296254948,0.37668226119019266,0.4582793286598294,0.6467866451589684,0.6133116443873304,0.423795163064254,0.4595277375245319,8
1200,2,2,4,0.8675446542846411,1.2665387313675596,1.3763597237457326,1.1096526787343808,0.7427412579388408,0.4751360581376038,0.41570316742723046,0.3973859962945244,0.11274752339123925,0.0908048639097831,0.3542285580714567,0.49958659301673913,0.46515185319297747,0.45957611417958044,0.5236151344976412,0.4980342347280008,0.5293456020358249,0.6605276773087272,0.7963159784992098,0.7301755824167961,0.6185585991589244,9
1200,2,2,5,0.5769107759817835,0.5652423211970949,0.5547333947078591,0.48829757366113685,0.2225059534282191,-0.04607096550647105,0.04107762347686754,0.08018939409538683,-0.1303755617556519,-0.15591833303851566,-0.3159847427917962,-0.2694147859764957,-0.24348619889301004,-0.368012361293256,-0.16345895540123737,0.02442415806785775,0.20669310545194,0.2826369650716106,0.2204639109907513,0.04816244478892601,0.08093078581314996,10
1200,2,3,1,0.2577833101930288,0.908412081285913,1.1394326459485482,0.42254888252652845,0.1268350098943362,0.2814547556604732,-0.0018875708240609912,-0.24957988374136603,-0.3973105291147434,-0.4645019257986125,-0.469235350902393,-0.5825571037958344,-0.3342669084335752,-0.11461528032146125,-0.3886917220013315,-0.5229976447959792,-0.2421180160287612,-0.12272930305717555,-0.017282854210298543,0.02021556601576495,-0.03755459207504995,11
1200,2,3,2,0.6547899996190722,0.9327280596695164,0.9584885143179485,0.7052284070325763,0.5818853813422566,0.48548014074489304,0.19115384495903645,-0.20461618245454471,-0.20929913765167601,0.11355221555113655,0.2589634121690104,0.14973921129210585,-0.05375166281015925,-0.20697407263864645,-0.2842789418836978,-0.058526829683228046,0.1021716780896675,0.15593164931881845,0.1267781916519145,0.04323304142538055,0.22213384600306907,12
1200,2,3,3,0.12701362154463028,0.6511841816173216,0.710293842190257,0.48244844417164223,0.1268070327052594,-0.10979685525693514,-0.30268895818760505,-0.47915487916191946,-0.43024095366591253,-0.4533343565381709,-0.6256764310252987,-0.593049971561164,-0.2685378809758701,-0.15258088023938035,-0.2751642755286539,-0.33924618686610225,-0.11423795907880076,-0.14202491098393663,-0.4112883079695129,-0.29817358701584945,-0.14487246359130004,13
1200,2,3,4,0.8031303228012674,1.6551255594888707,1.2346347439468195,0.2873211933016542,-0.12317268636996849,-0.770548752354218,-1.1802713354057146,-1.1245240467148632,-0.8987803495793398,-0.6701323133999213,-0.5946230199019076,-0.44002834434424953,-0.0554157024214119,0.24585275625239406,0.3836355343197063,0.4432672317626405,0.45717179959619,0.4779934041904949,0.31421695632484803,0.08544597611412899,0.026514946380371003,14
1200,2,3,5,0.9490151324056376,1.0447254681092466,0.5533569495356472,0.1487649925357061,-0.14511943458379084,-0.44295354862777814,-0.5984432807268917,-0.5827543393051162,-0.5726028208340299,-0.4715313130120556,-0.35053933860379494,-0.33258082017856827,-0.30858418150679484,-0.216217712998523,-0.21435587005748802,-0.3409476359269929,-0.2609694344479937,-0.3685248947725562,-0.4697379524078514,-0.2799380488466198,-0.1629969042125304,15
1200,2,4,1,-0.010435526607225201,0.33217714650707264,0.45030826847730254,0.058955554391995804,-0.3524309854187628,-0.5032316141944553,-0.3870853719266981,-0.3741661162988712,-0.33218958081079,-0.2672991850672469,-0.2586641103952569,-0.2520840489326601,-0.41750959118300135,-0.28966697246354994,-0.1891675611804034,-0.2848650332907747,-0.04602930777206335,0.03661950597924805,-0.16859930869224685,-0.39021651736142493,-0.1822790178119906,16
1200,2,4,2,0.014718960890493096,0.0185936326535765,-0.05272941838780385,-0.1716221072813524,-0.18363987428993345,-0.25033349923668924,-0.37707868215313356,-0.3743227508778155,-0.1570397790275461,-0.046278899657656344,-0.0010493176901854515,-0.039459063674445204,0.07695899429576254,0.0645363698766125,-0.16417418205328474,-0.08163821491427725,-0.2152011812208188,-0.2638624579956603,-0.1861997906002288,-0.1575164812817493,-0.12736688713130673,17
1200,2,4,3,0.49990611446015826,1.1103617771729235,0.9725512761062689,0.5514745716193555,0.07519589019203951,-0.3098620122158712,-0.4573328578795639,-0.5316236054643266,-0.4070469910075552,-0.43295923834920913,-0.4320276022850068,-0.20832387000271613,-0.10682139818490495,0.12214432691221605,0.31474931619021895,0.2703985787236819,0.18547384400718395,0.0637018779342933,0.11396206924952115,0.27287850929323376,0.08334002882359695,18
1200,2,4,4,0.06604301812421855,0.38786783345262343,0.3419979881345304,-0.03432605115954125,-0.11962626972988949,-0.2817434992433857,-0.16065298916542436,-0.08555976203078663,-0.1286673863289435,0.0150367159110028,0.1170698488136612,0.3030051777083632,0.19207325193052904,-0.014371082384797151,-0.0897046706941969,-0.01854684314436745,0.05095768636368775,-0.06356186111900444,0.07971413338620251,0.408305883961255,0.048265556139286805,19
1200,2,4,5,0.32313302580637177,0.4203614650423594,0.2819318307433835,0.4172615271951904,0.5417810791287782,0.5065714445475581,0.45882483931071316,0.4664221539455936,0.5881347958461793,0.6586193878878385,0.6835661650571608,0.7226136941028427,0.7778041891688374,0.7607832778473846,0.894519349176917,1.0308596457715136,0.7765107264927458,0.9180811843542316,1.1100682750125126,0.734649857823428,0.6536248957130769,20
1200,3,1,1,0.3413463002000466,0.8688663255898263,0.8119057522260489,0.38686458325228024,0.35944944795643696,0.4115333235554486,0.31929722094076796,0.07477587571383426,-0.08928096693787714,0.007220473360480498,0.11062648703109815,-0.0695319571278904,-0.15820400548792055,-0.0353362192213426,0.09087266573551404,0.3105361544293156,0.40494367523044744,0.3588991411502471,0.3637660537476218,0.33477254627059794,0.26016614388074905,1
1200,3,1,2,0.05649931547736339,0.40861885692713495,0.6036568736051304,0.7282419491540861,0.802849568867301,0.6348451206518612,0.4325270138009706,0.3590874276483489,0.4902105559140296,0.6110369300478653,0.4760442558980499,0.42148681086514916,0.7758032043024718,0.9235202192970735,0.7671372880778156,0.5558170700045811,0.42581682933895215,0.5637233946536135,0.9383790000296641,1.021202334368326,0.5998252009464893,2
1200,3,1,3,0.28486233306102504,0.4524699890070624,0.560772165076638,0.5937279917251844,0.49752160134890955,0.31203540871990104,0.2570254419007501,0.2808016745726076,0.2914283789919289,0.25654005217230136,0.041312970550642494,0.14193078080251403,0.32076931343517795,0.2401205763612843,0.26763605138108437,0.5410047242646518,0.532404920039349,0.2895710614051599,0.2841292786470805,0.18114893521724373,0.33136068243402483,3
1200,3,1,4,0.40632637648528286,0.7630984689395717,0.9711509404240819,0.753921462984606,0.5624560776636613,0.4261784002069633,0.20610289352642794,0.1463837167973456,0.16220592297102845,0.09079044986002145,0.034793407605173354,0.18960665507008115,0.3183011431488728,0.12802358504225858,-0.02763696564836765,0.3463993261036258,0.644182707063331,0.4118552756887316,0.13512674014519901,0.21965791209802119,0.34444622480879594,4
1200,3,1,5,0.2542033253534177,0.4410564002439109,0.5139371834446445,0.6346702353219492,0.7302865401486822,0.5745632991060551,0.5722273463044855,0.4563068635485973,0.20094559797635894,0.29169756780863504,0.49596065372549486,0.30355725202881745,0.29115275359995185,0.6447463811612573,0.6779749226499425,0.5113884621263213,0.46394838459568444,0.5374415307915394,0.717615382192035,0.9228644145819955,0.5118272248354888,5
1200,3,2,1,0.21991452030979206,0.5568885538425258,0.7958971456267179,0.65237318719363,0.4722806948501004,0.4091923163694255,0.4533809242932597,0.4666701922477362,0.4909093095546096,0.34735393797890635,0.21288387260360936,0.261397564258503,0.3583415212513287,0.5685227155854788,0.8417346187247082,1.0075405115797083,0.9469030229341806,0.8867020717363687,0.837503042925319,0.5759921547707972,0.5681190939318352,6
1200,3,2,2,0.2756853096832972,0.5399943063608688,0.8631672534681809,0.6169643306168503,0.18935339585390643,0.09831812614827609,0.07058701261475055,0.010905269814265948,-0.0055658415222729005,0.0623464692173661,0.1734547408786527,0.2958916472195767,0.2351784385689267,0.000699854324381903,0.005481333939755702,0.01808383216842345,-0.16716828797046246,-0.2386077662093594,-0.28852726482852414,-0.2466321889743533,0.12548049856862536,7
1200,3,2,3,0.07021153969092885,0.5735865414337445,0.9875510054665395,0.8123004024485059,0.39135242358566186,0.1648161515325068,-0.09452367165166725,0.15174977897249164,0.4397614919759732,0.24891550919206834,0.20888157541622177,0.3469858926483746,0.4427884314533971,0.3023015030105618,0.1584182961608924,0.20742914973904134,0.2702275698459474,0.2902517711665955,0.2136961584967882,-0.047840402701954554,0.30694305589413096,8
1200,3,2,4,0.33530995341431247,0.38813980686267263,0.2840476673964375,0.49331190095081157,0.4590845999294961,0.2269510726545351,0.2868421527565186,0.3994650864226251,0.370205098708119,0.21212095042354265,0.24567821789580135,0.35133576937746974,0.3782075755304052,0.4493082974725602,0.3497905799610328,0.15921350832911574,0.019904833494474847,0.2647804924268198,0.5611248519573233,0.43676216931387585,0.3335792292638975,9
1200,3,2,5,0.21635653281547007,0.3724743106854992,0.15810228654521352,-0.260908158607033,-0.16180219245773794,0.2042712547903193,0.5356368928870088,0.45076923222560095,0.210020197496689,0.4291890611367841,0.515939286033229,0.22044873027088624,0.14213684105236335,0.3175174112123089,0.36919874561597593,0.4665070600211003,0.6191466654302366,0.3892378811302143,0.14783662319866775,0.2181495824237734,0.27801141219532843,10
1200,3,3,1,0.7761270383966952,0.9443037228036073,0.6590150667189814,0.5318427491844318,0.5140537617159551,0.27713287697777633,0.3158898679073088,0.5701588317419599,0.7796405091703695,0.6617859543401281,0.3286646302993887,0.1586596570442399,-0.09799544112690389,-0.3773931336137825,-0.26285407778420145,0.0798434311591755,0.24329993518354676,0.23874597810066928,0.12823533484063984,0.0090694517818845,0.3239113072420935,11
1200,3,3,2,0.3536560355366373,0.6741568675798351,0.5780246835075825,0.2006492235864224,0.2029984784628046,0.1308234126265129,0.030670046352819648,0.045017918250102346,-0.16220515421246487,-0.38431646932466196,-0.49986934618985257,-0.3670544539160717,-0.19181017638972145,-0.057196497362596355,-0.009952706995901145,0.08875031412866205,0.18607259573296653,0.240056189156843,0.5102495691469997,0.7155679384299427,0.11421442340534295,12
1200,3,3,3,0.3612900422328371,0.625410732185895,0.736072163565016,0.6684525669959349,0.4108752667428337,0.09985756131010474,-0.10577091835194795,-0.20328586282457864,-0.015785119676977044,0.21107720642760563,-0.12928194775005575,-0.276878264819924,0.11384388749180556,0.3633241870826398,0.3568067395224968,0.29962194109390483,0.1519442761854198,-0.0362103611544429,-0.06305539465770545,0.0343239489238823,0.18013163252623726,13
1200,3,3,4,0.24585243824266265,0.40498062890987235,0.36759832944571624,0.1603711128326787,0.0555904137859615,-0.00028975205612349897,0.05848086261295695,0.16448529827952085,0.07319024054238435,-0.11249222045333115,-0.2910155911401387,-0.34294829363301255,-0.22338915033501514,0.0697566978283827,0.21736511611616283,0.11403568214659554,0.057785989552279746,-0.030701686349444902,-0.13664361773574502,-0.007363988803747654,0.04223242548943075,14
1200,3,3,5,0.2011049250862775,0.6903429164286305,0.8212074086798083,0.41482632615970905,0.25640884945098624,0.31845024227394564,0.1907876290542789,0.18940655798899617,0.3030292008166811,0.31010836232398326,0.18062378036114785,-0.12884167000682106,-0.12207954634324615,0.1292303062792385,0.2738762385277696,0.3297021103048673,0.44555569439593223,0.331642737628928,0.2508230740846042,0.3566224504458283,0.2871413796970773,15
1200,3,4,1,0.18327060415208268,0.24578173900696942,0.1420945797787468,-0.05910299997879575,0.012403329270273648,0.2625950261211964,0.3703781000033062,0.07097556388207515,-0.28498191952082935,-0.34406451058222454,-0.3693595474056912,-0.4480671108723253,-0.3939592827932386,-0.1477587989769865,0.2283812154882831,0.1932254956692325,-0.04542812921120705,0.0294746666266583,0.08337085071117055,0.12010742138214126,-0.0075331853624580995,16
1200,3,4,2,0.052360548946788196,0.17070048909129934,0.26544263986002625,0.27931945032669203,0.35661926104572717,0.3134945136713331,0.07039418766042195,-0.0138729517467333,0.1872417617015334,0.5928586398635274,0.6151529765352352,0.023757745013788634,-0.19274355676451255,-0.0414527614202582,0.052691733238178905,0.289251479647287,0.39621551816273165,0.30697084226782934,0.05856484402554671,0.0394745470752962,0.19112209541008685,17
1200,3,4,3,0.3076823945931282,0.6055403991705062,0.6554156682857244,0.2014640353195946,0.1493732516297833,0.0669389933357405,-0.2525503587017087,-0.20416152854266,0.09663522798185924,0.31498030017780165,0.12825139185503043,-0.15737784435309707,-0.2769534973104274,-0.17970194934107445,0.071510723433512,0.12204597114610935,0.07877317326109615,-0.0559987045875136,-0.015955718401020044,0.12921498681286586,0.0892563457882625,18
1200,3,4,4,0.2421776143623639,0.5125643908252983,0.890131744002566,0.7982089387527763,0.3063890098090235,-0.05582274850140655,-0.06041075833134045,-0.2675905746165091,-0.7795790025343526,-0.7987528565701361,-0.6484066611779158,-0.647024666240523,-0.3704254229987343,-0.04451416803858815,0.0570574556052485,0.31775385268965994,0.6575659662120851,0.48476437926756655,0.3966128298433445,0.77682947268073,0.08837643975205775,19
1200,3,4,5,0.2200401349918801,0.36389769964283847,0.48112523755399156,0.3601684056954247,0.27849849516027847,0.1565102775772321,-0.048219795579267546,0.18583673489439456,0.31182601179250496,0.46824690859479756,0.7036235440682906,0.4564146485905489,0.32570599430208436,0.21498083875463664,0.24922479665896938,0.4124990108555294,0.265060341024619,0.2501970751807056,0.2989068246415002,0.20392627383879242,0.30792347291198763,20
1200,4,1,1,-0.09683954903542605,0.1476281591116348,0.41974199616617236,0.2916860833732902,0.1739503567399999,0.3582459555957674,0.4749726980164243,0.22578560590865146,0.1865228931766804,0.3380635880562368,0.42083650677230894,0.6167893921108821,0.8336193351566156,0.877301326417735,0.8093984523278756,0.8512640306047368,0.6697950761982864,0.6336965648521771,0.5831306422659797,0.3874287729341269,0.4601508943375078,1
1200,4,1,2,-0.19695012297899708,-0.05278510208842515,0.0959665642485348,0.1000409355817473,-0.1118747177670808,-0.15906958442824876,-0.06464815288311175,-0.1700473265851718,-0.214746211518059,-0.04806423984778975,0.27419475248530206,0.3962053480913304,0.10647078452109665,-0.15578677747699074,-0.236867785502623,-0.2897338048518553,-0.11946580389936204,0.16527699608246785,0.1831954451221787,-0.11669320274890224,-0.030769100322197936,2
1200,4,1,3,0.4436250959663338,0.6728374428752026,0.8838227650098949,0.7441531802922432,0.46410891270712085,0.4546710239833607,0.19484311517003466,0.1085418246164074,0.535575498408978,0.7216308297014307,0.5699111962256789,0.3396570327957138,0.31413918613629516,0.4758775295033176,0.74603588073055,0.881056123177238,0.7994223674399774,0.8128062444615998,0.7328561893672085,0.543502961933243,0.5719537200250915,3
1200,4,1,4,0.4253879637062771,0.5637400547253556,0.4838326530553934,0.45363570412654053,0.5717654615134342,0.4761784256886976,0.33905548030062027,0.21246053141833435,-0.06519948935602696,-0.0194951502948994,0.2798784569901246,0.48009875449873674,0.7138908904442353,0.6713453318419601,0.4926400396283399,0.5533030470090299,0.5860408182950382,0.5831820939807372,0.7649493915459101,0.976110088935414,0.4771400274026626,4
1200,4,1,5,0.05563741335089,0.07286262987341285,0.2718348586763144,0.33482349787040133,0.3235039006155346,0.22971573747499607,-0.026333718418058344,-0.1580111867653617,0.042662786908292956,0.18277645971299167,0.1509503988098374,0.04699883729807515,0.18604474549975616,0.31010448633481713,0.22495916175618574,0.3023983135844719,0.4490578308972772,0.6236167432844602,0.645928518616752,0.5233403416159765,0.2396435878498511,5
1200,4,2,1,0.1491910614270151,0.16628796653465688,0.1216354607425582,0.24431812415784232,0.1513043964403672,-0.07181304613483926,-0.06414181608536869,-0.23644146401568075,-0.2461100241420463,-0.08261994642774706,0.14503360963781434,0.5216759352849462,0.4758313610272997,-0.07675267296188268,-0.29809264848110956,0.1514183309751083,0.35832899110965355,0.044680375999439595,-0.1285118158534771,-0.029082648718759197,0.0648069765257895,6
1200,4,2,2,0.58626202636917,0.8684933452116467,0.7319679302994191,0.4209595970623701,0.2613815691247072,0.1596346102108468,0.12254336318555065,-0.060606844579647746,-0.1710643845130935,0.0831321044025754,0.18246149343728124,0.01764126689725505,0.0734808760107153,0.3889687905303508,0.4538410404528876,0.2925120247306478,0.3882213170953074,0.42404367040371826,0.24195627294965627,0.26475613920769614,0.286529310424453,7
1200,4,2,3,0.06183124900090389,0.08521889433284635,0.16561183057598977,0.31157945991229496,0.3614505851056954,0.29570571701631154,0.3143526403162723,0.3745547240583989,0.46012729151893705,0.4945363555668247,0.5041679192156991,0.3240777642996675,0.20645871217139855,0.24191449161477435,0.26432661792655054,0.2763472613858541,0.5252411006842366,0.8572629018887851,0.730420921368101,0.4437272381602695,0.3649456838059906,8
1200,4,2,4,-0.033822279285993004,0.3033482367799186,0.4869192742938286,0.3131921548394121,0.28836523449317414,0.5373453348827482,0.6128561700197129,0.6093707904303072,0.5274457214366082,0.19053363644912888,0.017376302151280602,0.11389360065792456,0.34748906146216657,0.5145680540550074,0.4378217601488027,0.27251539715817813,0.2978155436315866,0.39904234621732326,0.3246770158217417,0.1247946029295379,0.33427739792861977,9
1200,4,2,5,0.355588755671703,0.38580472268486465,0.34223838484305924,0.22553201087720695,0.029424894535005505,-0.1517598518330066,-0.10214238598219244,0.05817751151313205,0.17050285452098407,-0.04273684091341545,-0.20751525761309625,-0.1090384071469515,-0.2385191128933306,-0.2553805893354098,-0.021626769270123698,-0.010042486308822249,-0.0638027971326947,-0.06741978778619565,0.048974987150705945,0.0900832835385675,0.0218171559559995,10
1200,4,3,1,0.3501069234404801,0.11895712041980026,-0.25478272476663844,-0.39156361171294096,-0.5192420051265823,-0.43880509650662614,-0.4100208602511186,-0.636878681956133,-0.5978077665851634,-0.5504981038725852,-0.5603858013915098,-0.45606298069054946,-0.5758770960413339,-0.5870586777520072,-0.3434286229615194,-0.2010803196431296,-0.3272253013319766,-0.5873873230048164,-0.6397749528124232,-0.5059102228109886,-0.4057363052678882,11
1200,4,3,2,0.35239886969299256,0.2816032349958819,-0.006986929905376499,-0.489484016679601,-0.6693636574002068,-0.6304588209325191,-0.6356453958380883,-0.6177171452577328,-0.610160834959112,-0.6271479125649629,-0.4833492957555513,-0.19022776503695937,-0.012015432791904151,-0.09569809085318415,-0.1643858840396599,-0.29832300841596676,-0.38273831155179117,-0.22337972849415438,0.19116937859247846,0.322723145071028,-0.24945938010621946,12
1200,4,3,3,-0.08293388834994106,-0.07199228632156014,0.0747992821096402,0.0737258646167863,0.09370838213615304,0.17960261576018816,0.06142379017388545,0.016863625610613046,0.0920027651719037,0.1023854649564557,0.14389945836851625,0.34037077682129957,0.534649331329031,0.42916765418302727,0.2995840098770278,0.4756876473565851,0.6663203629294774,0.5618054877711592,0.3783565815510502,0.44395367909701455,0.24066903025741565,13
1200,4,3,4,0.00671012507291209,0.3068313190307,0.27563365157160874,0.1260564712764725,0.19271103845906296,0.5095721461133114,0.5671628269179282,0.23343225015171845,0.0515219473009743,0.0828055264649196,0.2176400528097174,0.3624751776864634,0.47949579042134105,0.686815960157332,0.5259077194308298,0.3580872486789295,0.5527515334377114,0.761791229919393,1.0221493365663499,1.2039451677922788,0.4261748259629977,14
1200,4,3,5,0.0818048921237948,0.30384317498965024,0.45799932353332784,0.38594410851498023,0.14305210886721084,-0.0283671064116816,-0.24098081394782794,-0.28438982853296507,-0.21199122073680896,-0.31914892713428455,-0.37385450602267695,-0.22259002161754324,0.08227488914194189,0.2808071509565306,0.45361387014653004,0.5311735924484169,0.5615943468836484,0.5949000383847232,0.3206875339615883,0.1303995624508412,0.13233860839996975,15
1202,2,1,1,-0.14086438798209394,0.30647630932264214,0.48069085258094857,0.3831768314157121,0.2073841192330556,-0.0865241958529583,-0.2700577675187734,-0.2842995634147314,-0.1597430862348742,-0.12916096647942985,-0.14026927921830684,-0.05629103054871655,-0.16792424442751144,-0.1533116121798044,0.15049583799038338,0.2812833941128232,0.5302956529934099,0.4840260679468428,0.3758334031794412,0.7031017560022378,0.11571590454601476,1
1202,2,1,2,0.08647484945854764,-0.31113619076191495,-0.16689420664611943,-0.21481543485656396,-0.6169884429155643,-1.0458964892422422,-1.2448609753077875,-1.0947052071588685,-0.8711672012113059,-0.7004172342009443,-0.5129761104668622,-0.4374422127179868,-0.49652821559345983,-0.5583003281844333,-0.4030122362025005,-0.22107555917198174,-0.10629926947102515,-0.05645888146664731,-0.30023060811594793,-0.32591994427490073,-0.4799324949254254,2
1202,2,1,3,0.3798615509308276,0.7037247151488815,0.7863353039729735,0.6235294944402214,0.5342193309107108,0.53549690580408,0.441464906411809,0.5326741445667824,0.9429671860128501,1.125027822043297,1.097806994166496,0.8241798313950559,0.5072817165159207,0.6642523650574261,0.7976720386329248,0.7456309351253925,0.841156041105251,0.8767345175206793,0.8789738627604775,0.9213387053011288,0.7380164183911593,3
1202,2,1,4,-0.19763967579902642,-0.020348030828792704,0.26453931215839527,0.3894307243549676,0.0344427219937809,-0.2773101614695497,-0.12414293099222896,0.11986133492188521,0.13342279425286907,-0.21840049565834965,-0.3865802682735971,-0.2106873813475699,-0.17322067444466785,-0.13027673681784296,-0.07426933608387505,-0.0707123684236674,0.043334969998398996,-0.014222723511586252,-0.096169557333266,0.002363963550205697,-0.05032922598767585,4
1202,2,1,5,-0.19369567604495305,-0.061293319603310296,0.007717845338014048,0.08429986561533424,-0.040845778785689256,-0.2493281713054778,-0.06000597352742554,0.1572386333767766,0.19178472302405095,-0.0243533380943686,-0.13894980376127725,-0.0804688756920929,-0.19376517267669047,-0.18442972674058034,-0.2352864443740362,-0.19502055702903223,0.13155069444408304,0.5187124920866346,0.44373423094991726,-0.09583426386420324,-0.010911930833216302,5
1202,2,2,1,-0.4556216288821252,-0.128057960716233,0.11195406526137675,0.0645835473829533,0.015068844920954002,-0.1843112776118044,-0.2675540818967409,-0.09323932790844475,-0.14864037079747955,-0.2924416719188634,-0.45724645464209057,-0.18492911704737067,0.09952247026335276,-0.22056872021944784,-0.4571419731672157,-0.5471126849188831,-0.5952470442414357,-0.40930447619740584,-0.3185185213137683,-0.5437554805878015,-0.25062809321192364,6
1202,2,2,2,0.4369731441077548,0.5150302459593978,0.3952943776558401,0.1326164514949693,-0.28390174808406354,-0.8465797536039505,-0.5280206141697347,-0.42373288734083886,-0.46645596849021664,-0.42599766263625183,-0.5701958809295857,-0.5370962647196026,-0.391546262334891,-0.3781456553822831,-0.3833966007168754,-0.31636009588507774,-0.6538499311717132,-0.6988213657593312,-0.5007125350437287,-0.603985786286528,-0.3264442396668355,7
1202,2,2,3,0.3996251990323741,0.6662569137957944,0.3925937106476853,-0.04483313449380916,0.17525320505940872,-0.111695399735496,0.05344760808501031,-0.17549215899401094,-0.4536222103423238,0.40021209605318625,0.5670963991271263,0.2918570895554679,0.008727598206746207,-0.21959933656906663,0.0431939820026436,0.33600719770912246,-0.01005891798759781,-0.4360571583551717,-0.18305676906829155,0.10246124342806665,0.0901158578578432,8
1202,2,2,4,-0.3830714322222146,-0.3988480855339032,-0.38679473646181567,-0.39073735021911593,-0.21417737542647586,-0.1931456445563332,-0.4263125346147207,-0.49615741727927964,-0.562755304428926,-0.6477888360469074,-0.7439337045374463,-0.7438566235516804,-0.5155766310497512,-0.4739778442114027,-0.5461039746722856,-0.3188277626457349,-0.1331852321464802,-0.16364557909531197,-0.21127779525155835,-0.26918058970500225,-0.41096772268281734,9
1202,2,2,5,-0.030312184383028504,0.18075009703518186,0.4965321235222496,0.6060311062682482,0.3443139720158335,0.01606593139398805,-0.1060952635712705,-0.3149855974364242,-0.17162309504536843,0.09233327754147211,-0.033105511406006455,-0.08633078693468176,-0.08539801683381425,-0.16838249451190584,-0.1423807389490033,-0.13781650550534955,-0.38758789353429,-0.3619179309922749,-0.26013806161629727,-0.1503000709425592,-0.035017382194265,10
1202,2,3,1,-0.3298838517489626,0.023809880351192858,0.20289117105613047,0.0252999867951842,-0.02263958942082725,-0.0682384031492496,-0.2966126137925257,-0.526768773237097,-0.7963521052470564,-0.9464896061148863,-0.9956772195363717,-1.0420846400567774,-0.8920788875843789,-0.6729265251972254,-0.3289123587686056,-0.03907134862850414,-0.13589077025228344,-0.31815195805520075,-0.31795606727703085,-0.37675404107298893,-0.3927243860468732,11
1202,2,3,2,-0.2322907582554382,-0.057527310407739146,0.3308106304193524,0.5998296230759521,0.537442308558408,0.22295067574083094,-0.08017384740372414,-0.09520007898011154,-0.16000303123539691,-0.22093627019800968,-0.0270127536909787,0.0105526520441854,-0.07338696434528295,-0.2613325906862557,-0.5957779653866606,-0.698346025619988,-0.37698406808846785,-0.16774740990634723,-0.44257733019934903,-0.5898227546042366,-0.11887666345846284,12
1202,2,3,3,-0.39920338819374696,-0.17987390903891176,-0.025382234394628597,0.026305833280925117,-0.016443511597661303,-0.47976681442052815,-0.7338008251565111,-0.9099633755514999,-0.8143528455004831,-0.49117623787322656,-0.24684924316010148,0.028351351917366097,0.0006820813870223943,-0.06667299640754469,-0.1339661602529034,-0.1692162780198165,-1.3760512004236962,-1.3802240048468428,-0.0935999469048426,-0.09206300480186196,-0.3776633354979747,13
1202,2,3,4,0.38167482722788937,0.5853826117523417,0.6415667099839274,0.4742898014526912,0.2699799865104048,0.26865865647989456,0.36749169124196956,0.3727032403217741,0.21540387936176825,0.3500248405384986,0.18532587172331108,-0.13325976917933594,0.1146745450780409,0.6007002482467501,0.9776149464663848,0.7717817611875815,0.16611650607493067,-0.4221338888847672,-0.5014285713517009,-0.21444229974881623,0.2736062797241769,14
1202,2,3,5,-0.21281749687305523,-0.0591329019676394,0.1866663076918314,0.2526295163254,0.23458578309909464,0.23347519020337187,0.41837255933001044,0.3903259354009324,0.04475597923987519,-0.0648497040921818,-0.032975974867659304,-0.3560735979089719,-0.507288628498387,-0.5215342475636606,-0.5908625832265435,-0.591309595372538,-0.7525385429954864,-0.869159560223498,-0.674786512690857,-0.26490967325480225,-0.1868713874122382,15
1202,3,1,1,0.1705056817529989,-0.10485943312908949,-0.11923403361400255,-0.41396630748516067,-0.7952654491285883,-0.9689788150361756,-0.8689111344754195,-0.6187100918333666,-0.6462645180571474,-0.5070585513495849,-0.2300892523594259,-0.1921261939747636,0.1645615739700298,0.47486828963532807,0.433764891118129,0.008972003095581549,-0.6115757440716871,-0.967752469788833,-1.0548525036921577,-0.9570198056892161,-0.3901995932056276,1
1202,3,1,2,0.8824248382033657,1.0953215044372229,1.0673978340447108,0.8512863235916637,0.3810843172104427,0.17114950032125809,0.11110125250894459,0.24978159966921654,0.6125142603796334,0.7396528498939492,0.6319687032352758,0.39900194139137557,0.1790837510537054,-0.13624179390646554,-0.3281019387104088,-0.19984456772567744,-0.17718390868539566,-0.23292202821490293,-0.047459663226041796,-0.027730090943673652,0.31111423422640994,2
1202,3,1,3,0.06647898493428249,0.15025860834591254,0.5844070019027184,1.009227358268177,1.0080424008196482,1.1175516982301463,0.856353354275623,0.1815481205107261,-0.23396686670182365,-0.4504485729901881,-0.5992489799972703,-0.46136897947766325,-0.2330920007967029,-0.17157350366148122,-0.18285543565829998,-0.3782779609599319,-0.6211606506980506,-0.39185813058778224,-0.11478065851321015,0.43114434630479426,0.07831900667748115,3
1202,3,1,4,0.0755316038098546,-0.00811002404257645,0.05274902579422444,-0.20502500064399304,-0.5367905245489148,-1.0329381050861868,-1.5488865576058504,-1.597776986619913,-1.485874888305602,-1.3983920623511623,-1.0244245492066686,-0.6515071798260688,-0.07865059991057755,0.1340092956211858,-0.35574570057395577,-0.6966694518509939,-0.9793443327524708,-1.0548641900181965,-0.6117455439293675,-0.2193050316748953,-0.6611880401861063,4
1202,3,1,5,-0.5190441123914674,-0.5087464481600802,-0.31373855369082015,0.03996916895834046,0.3069979236917501,-0.20095384361094848,-0.463615509146069,-0.5332217741321583,-0.8945035394934517,-0.823958300959966,-0.8861618979541808,-0.6198174613350462,-0.026545097903839198,0.15433983048090313,0.41322220999151216,0.46298452128708434,0.3104261973379229,0.097304239970015,-0.0590697030216037,0.09351556475030726,-0.1985308292665898,5
1202,3,2,1,-0.028931650648841352,0.20856668636114165,0.25888925230870913,-0.00138983446758505,-0.0719177985029583,-0.0603045925162589,-0.05824365453647645,-0.0622189991934417,-0.19337880149665648,-0.3214142901689284,-0.2654866065264521,-0.2782310265866167,-0.09223061934709496,0.24669599375583715,0.2489074742081651,0.07144264870403305,-0.22622070653575704,-0.0901940959330626,0.09447840735788975,-0.30397369430765636,-0.0462577954036005,6
1202,3,2,2,0.22596418049799005,0.4140006840389665,0.36285468168704826,0.23245729105599322,0.0814323125566476,0.008013339130418802,0.1409400896297155,0.3726242889575428,0.5332456066378966,0.34007955128258455,0.15938130414058,0.1319996291030933,0.0910184937676176,-0.0520485269941947,0.014060933027568154,0.521719894203198,0.7304186741808616,0.5270040206324669,0.14881386521099974,-0.02478298476430915,0.24795986639913425,7
1202,3,2,3,-0.14723276005192396,0.13518080108751346,0.3076754402591819,0.22262023767260586,-0.06588922788444314,-0.3093903439453373,-0.1333612170372272,0.02276738013084216,0.197322777172962,0.3353677367208313,0.3863641483546838,0.18858803573829652,-0.0195327841345457,-0.032989855903727,-0.13494703727478852,-0.1390283853483687,-0.0022422011517375523,-0.13351997334000978,-0.1596342651683371,0.00788975916172675,0.0263004132529099,8
1202,3,2,4,-0.36786532604742583,-0.29748383492274033,-0.26498939813409683,-0.3760226056160249,-0.49820208412529443,-0.5559364681766008,-0.26778194891136853,-0.5443843163645676,-1.0716930864178367,-1.0397687132303874,-0.8932246324260962,-0.8262416692349476,-0.7700596071285584,-1.0066562300430197,-1.1137616176405387,-0.8258732258260484,-0.44002880471170197,-0.3758720501395622,-0.5264650233222911,-0.4464418109576582,-0.6254376226688383,9
1202,3,2,5,-0.29272088594651274,0.13617251391547186,0.5383170331194204,0.26079182713689336,-0.30283973227923033,-0.2517340691992567,-0.2256259299567578,-0.5823751097483832,-0.8803012518912496,-1.0456806941865615,-0.8814676909474675,-0.5862596200925942,-0.39419008113899334,-0.5427938104205046,-0.6335581037262131,-0.5639434196202746,-0.7587651911540081,-0.9294956689525202,-0.9817824535647321,-0.7978623641811421,-0.48580573514173075,10
1202,3,3,1,0.23314006387570205,0.3821355665248836,0.12575211077881754,0.1531202132027654,0.4394710908588155,0.3634931343094361,0.15972827260990446,0.2050551174621138,-0.0008026586566644567,-0.17780200108587685,-0.0874439244489514,-0.3106583832704939,-0.5399924696501605,-0.318231666054496,-0.2113542714281258,-0.3346212492806432,-0.3258424109937794,-0.31382915181781834,-0.2469947914383007,-0.1873611257918397,-0.04965192671473555,11
1202,3,3,2,0.020549827894135342,0.35647378090172566,0.14927182578508263,-0.14375408959375074,-0.20503640547308974,-0.0300813009576026,-0.002022205201499497,-0.22652273956889565,-0.3676432792067734,-0.41045749173850854,-0.4949345641869375,-0.4036573643730395,-0.14048057203450115,-0.31069229882588223,-0.3896733299952657,-0.28141000725496623,-0.33431189646220416,-0.4167554541454189,-0.5048879386307156,-0.3290825116746795,-0.22325540073713931,12
1202,3,3,3,-0.11474403526547905,0.09922018416969634,0.7388621909293236,1.0498317839140157,0.7827698338997862,0.36293555443827097,-0.23927697363748726,-0.25493236765568167,0.0982179382460977,0.20451117943740382,0.3955200632684439,0.46360090500842255,0.19515761913148874,-0.08210122813384815,-0.2631084993295363,-0.11828095600316575,0.004363239982073948,-0.14442274272990668,-0.0649322957342123,0.026713115634658148,0.15699522547851816,13
1202,3,3,4,-0.1604675148595959,0.4637061270342405,0.780447124211523,0.9604371498195657,0.9360802818355732,0.5939761004173596,0.6915833815857712,0.4996900202341915,0.1528036765777637,0.04919154394061335,0.24408977025915668,0.49467190786937276,0.2774147955070252,0.1159529672240987,0.10142899768873226,0.06547130487707935,0.0216016911118789,0.2444926864128315,0.44965194071405545,0.04057867719128419,0.351140131482626,14
1202,3,3,5,-0.015444251424396097,0.478598635304859,0.8239208153606843,0.37721602101410134,0.0294234212864163,0.1405417188377292,0.4992186235889723,0.6090798423107089,0.5898583359062518,0.6226251139416379,0.3499002191722815,-0.15683476851900696,-0.4193262870693981,-0.33271636210089084,-0.1519672610339902,0.19712724743988144,0.36232653526780484,0.28645620359678736,0.096613799494118,-0.11405795255300225,0.21362798249107745,15
1202,3,4,1,-0.06619568835345466,0.2753802672843654,0.3009783545167275,0.0350067620122767,-0.0489857174414461,-0.1038403929799484,-0.1887459551056746,-0.08438586573019176,-0.2344612893672855,-0.23687989504172044,0.038645350772210096,0.12520764442220986,0.1732493016144416,-0.23642059400073914,-0.3311114997392279,-0.07068220596909085,0.4039659027637667,0.7249380696243535,0.3544225180907292,-0.046955119541442956,0.03915649739154285,16
1202,3,4,2,-0.05231546438682315,0.32090064143431857,0.5901998051855124,0.5654872109514393,0.3052938882453619,0.36503417244893943,0.6493109081626895,0.5060826317098697,0.3798671847387183,0.4516291581285842,0.01889112807510898,-0.35495967844923454,-0.1495242509384241,0.1064413981711655,0.34652209207371104,0.5318212151175031,0.43656670519451596,0.18404520237233662,-0.018461353319941295,0.007195612343007959,0.2595014103629179,17
1202,3,4,3,0.0965652453849839,0.011601468552941648,0.1306852928669204,0.16125284433305048,-0.0031013009743249484,-0.25683652251272615,-0.2750478499062625,-0.27438900897113316,-0.22185792059590898,0.0525277891615695,0.12019445350058286,-0.014955093205484753,-0.18712346104687505,-0.17802499430841728,-0.10979410254113145,-0.16308330052500325,-0.012943989156719307,0.4550894504753692,0.3664636708626161,-0.27346982492741456,-0.02881235767666835,18
1202,3,4,4,0.030336400271252673,0.20675782291457656,0.02038007988353034,0.4711574650225684,0.8586981494871014,0.7893454658060566,0.6336802250127236,0.6693110276754484,0.7516445312316857,0.9505452440856734,0.9047663018350387,0.6141194530217133,0.5609115313218243,0.5239048109669563,0.2093138245069408,-0.08917912159297994,-0.049217222444941346,0.015191386822614648,-0.0675443422752239,-0.140358027623755,0.3931882502964402,19
1202,3,4,5,0.14587494593072103,0.23714267176396148,0.35084338195302067,0.6260785542545801,0.7418089148708645,0.6311814395905231,0.5867230317000833,0.786972702092721,1.0001952582739557,0.6883740670964336,0.14361875872176633,0.19454287878342028,0.3776365864475174,0.1407537666666703,0.0490210459782102,0.14829158305420576,0.2520449366534901,0.3319930909835715,0.27805732418676093,0.4054199537545949,0.4058287446378537,20
1202,4,1,1,0.14915365028784255,0.3546729098716067,0.5601460189801248,0.7364806889562456,0.7612782478946819,0.7154135316875605,0.5227366910781346,0.3165128560712433,-0.009564522269518747,-0.1101994706674586,0.1531132786640482,0.142552030094257,0.06326546442107919,0.11521699006580086,0.13744712984829635,0.041721483349848903,-0.0036014574968264504,0.025999962872951702,-0.1625342971589924,-0.23363165361997007,0.2138089766465477,1
1202,4,1,2,0.37892923994717254,0.4632040735662458,0.41427944561841357,0.4689513321564434,0.6197780259874186,0.7392309034902159,0.7843279628346929,0.46180757447866666,-0.05990242877000275,0.04808644873105049,0.25127179479480544,0.031814026842332956,-0.131580394473175,-0.1173479339672076,-0.1590342118827836,-0.21806656342624303,-0.20260065340683045,-0.058888080362747945,0.14978367262742104,0.013440430733100237,0.19387423327594944,2
1202,4,1,3,1.0599498141897001,1.2480828138375422,1.2066517420890237,1.142535096293176,1.2877494071547524,1.5487307997061792,1.718207844488546,1.7228862214448872,1.5135536698133663,1.0668040238947216,1.0075615924461756,1.168616058646823,0.8391571373454578,0.5541082047068713,0.5261795233009591,0.603165711925804,0.7839980085529836,0.5719468177198183,0.6642800251713288,1.1489489358141758,1.0691556724271147,3
1202,4,1,4,0.27123652473908744,0.5582494209681187,0.36462967208575214,0.41039440279549494,0.7671748535254727,0.8976333625766071,0.5816482669738696,0.36705331528164636,0.32429438060284055,0.4171286664754686,0.3423203294742457,0.1538121500308555,0.0908960572692332,0.12143344174087378,-0.05132554667251478,-0.27778249715844644,-0.09972503853880664,0.36731731701701603,0.4657484492212118,-0.026282396477759,0.30229275659651333,4
1202,4,1,5,0.4164201796677184,0.4950358411375684,0.608183635305048,0.602565708189359,0.7267993183640515,0.5461025353550283,0.2607531949080861,0.19084201357753555,0.0166931888728849,-0.022496984472401345,-0.13672439139104894,-0.1764055459868163,-0.016534053252100597,0.024299913716307353,-0.1194384052079606,-0.23642863991819998,-0.049628627237847556,0.12821472434495784,0.2356358718922709,0.20831666754904704,0.18511030727067435,5
1202,4,2,1,-0.2258627612827276,0.16493483454185326,0.49125462561440314,0.24392543830188296,-0.1481068594157085,-0.2768634257072946,-0.28623115020897194,-0.13296091165421955,0.059248048670059256,-0.17997803240562943,-0.49479657478911376,-0.5275630148015034,-0.630825544627525,-0.8155782410316235,-0.724959472770063,-0.5704469019790993,-0.6018283218241114,-0.7625504766910463,-0.6543604641560262,-0.3380178907680625,-0.32057835484922637,6
1202,4,2,2,0.09859880690504524,0.18845964367321405,0.3018667408431509,0.4169705943849065,0.6093984076298333,0.3279748604437657,0.00974045216355605,-0.0106600755123906,0.41411146363241313,0.6971116043498438,0.41956841484359086,0.3129783747003676,0.026192970044354558,-0.1691739552203283,-0.0265949760133642,0.13415615844092016,0.23063296498437136,0.07300784689347666,0.2090042696792985,0.26940083904975853,0.2266372702957891,7
1202,4,2,3,-0.1455160743959415,0.0312939615251024,0.2866287356003173,0.4656950088114262,0.2354505758186804,-0.031852221973962,0.18117511898779604,0.17714880970239724,0.046722023710940086,0.18874550464830586,0.3294759649387362,0.2726608457154427,-0.2667339309274064,-0.46609214542223965,-0.1265966589122982,0.28770325057140134,0.45008312682097995,0.5762500304782883,0.8780764723385233,0.755368149193985,0.2062843273615237,8
1202,4,2,4,0.372981509741932,0.5869639900639377,0.9924928956091759,1.0655171315444218,0.7687862705742486,0.6243042206673994,0.923748637689782,1.3898846130036326,1.2519683530200323,0.715336227725816,0.29302472693999965,0.24104693084870948,0.4695873348032036,0.5240090088431058,0.4302799368394543,0.1930891297397251,0.1481222443210096,0.1857227675210274,0.14315726167773254,0.1924504542195615,0.5756236822696954,9
1202,4,2,5,-0.2170828403854529,0.0944087897377012,0.18308684977730316,0.08913968680028035,0.13474889362626236,0.0456089603230383,-0.07204229873944334,-0.07988722069981626,-0.15958478743587876,-0.15528217432286706,0.04696405301931845,0.1169558520575567,-0.07160787049286066,-0.13699102015584708,-0.12407041998754789,-0.20848050437666177,-0.16546959070745976,-0.01720668530915581,-0.07284868063692004,-0.3723181640026611,-0.057097958595555554,10
1202,4,3,1,0.4530257368602104,0.5476068387999871,0.25855155378658257,-0.0477308744748434,-0.2367767342510662,-0.26859874628381464,-0.00865054167918395,-0.022974587153295048,-0.41518090284465814,-0.5603023561655637,-0.5883886321214085,-0.5453956713126933,-0.44009346154572987,-0.5413846600454825,-0.47567068322862455,-0.40040522562135117,-0.6364763686273615,-0.7970836657809472,-0.7337396645445785,-0.4248382036709188,-0.294225342495237,11
1202,4,3,2,-0.3153901877135547,-0.29526241432390443,-0.4295470666767661,-0.27898294334691387,0.0086803557440545,-0.33131171629120815,-0.4178428349370119,-0.12667602011736095,0.0376639354883569,0.087084316781766,0.20556343684979805,0.48302349454689475,0.5410604918911912,0.38679142752216,0.38057244396514267,0.46825420993701267,0.7244080282556491,0.7974443340192138,0.7167569042951398,0.4490300618350079,0.15456601288623334,12
1202,4,3,3,-0.32374891737906014,0.2011747499224873,0.5446933806824529,0.440350124419459,0.030302043988109054,-0.21809972569376615,-0.5098030191017702,-0.6551299431171936,-0.15218907844315632,0.4143309573841633,0.2754078629960723,-0.17760469772463575,0.02881983026222809,0.3505419739089297,0.2989854242967237,0.4113037166998672,0.559394861934733,0.39643935223011795,0.2899727764869488,0.14839772429731019,0.117676969902501,13
1202,4,3,4,-0.12156604068671854,0.04621790643658535,0.3753858093809901,0.33482857077035333,-0.012095664017466751,-0.18497593720849026,-0.0907422453074319,-0.03404099761141195,-0.32492839367483217,-0.3998361900083641,-0.09900899389997439,-0.00959348027841115,-0.1593552678706465,0.024804351361250407,0.29558535732531954,-0.14137602197575413,-0.42338360324740537,-0.21257314637539915,-0.3344464465828696,-0.5584146494937781,-0.1014757541482227,14
1202,4,3,5,-0.18399302486498328,0.006822200593052448,-0.10531580604291815,-0.07830492538413174,-0.0568719444578409,0.026062641651278556,0.33426728058397576,0.09781347878033085,-0.23676521679486995,-0.29894316745260474,-0.23161524948921505,0.1598997763458927,0.3906216985851457,0.08083960154554251,-0.0022696502351068903,0.2591353686605725,0.40880999853543043,0.40412625599298185,0.29889043306762525,0.3036914794988002,0.07884506145594784,15
1204,2,1,1,-0.065516263614293,0.25573442704581484,0.41071798273325555,-0.12367006167508746,-0.477372099490109,-0.2196358300647659,0.11342654748402364,0.2227288244525479,0.1864232692606687,0.4735624225171631,0.5462075965748926,0.17612012331825175,0.047130109197078,0.10552007707896195,0.0874212637627282,0.1126717147835652,0.13399871986860085,-0.0731991863627422,-0.20473482019955225,-0.16037274045215485,0.07735810381094235,1
1204,2,1,2,-0.040814761057557145,-0.09666974751956439,0.18000241778112114,0.17524441283901135,0.0958792494409652,0.030028264987104848,-0.029919292771097797,0.23364253088311426,0.38435150350001185,0.3042451999616115,0.30437542783512095,0.3000599057688397,0.2104219385416072,0.10759828244462849,0.3551265425851837,0.5101164970922561,0.035523890477365094,-0.2054031380408849,0.18267543752971688,0.424497852623201,0.17304912074508771,2
1204,2,1,3,0.47026566600591224,0.7801211600538467,0.5036927517722072,0.28561345602425114,0.4073064602090931,0.3984208463978731,0.4568239833599552,0.652828296179153,0.24611474001169092,-0.25953836138204717,0.036524602076574264,0.5895686676413517,0.7391069808041075,0.6012833356346234,0.4924822015100243,0.5459403341556116,0.4771058413100532,0.461557396050327,0.4051946612534983,0.025184512893044103,0.4157798765980574,3
1204,2,1,4,0.10840831978446121,0.33950331365099795,0.43323142965330724,0.23441359394640449,0.20628952467993017,0.23019418641767808,0.1043620778081318,-0.04691721796004055,-0.0994841168459188,-0.13583571735528935,-0.017614969634341657,0.1602245952809946,0.3800580194287295,0.2886216459782946,-0.16719659991160746,-0.1851202192669788,0.11124208487469178,0.07188161769567736,-0.05610743028627615,0.07191909729080616,0.10160366176148261,4
1204,2,1,5,0.5362194971005365,0.5826611651750682,0.3976866934753016,0.2192594860466221,0.3185095313803266,0.6427229342455205,0.5733158590073409,0.22273172859289259,0.0845899432325412,0.2833814752224869,0.43077749070482585,0.2967211852973166,0.12660235193719122,0.3366110130622683,0.4282602300777772,0.17552081352579696,0.1825942378133899,0.4897097455737181,0.7964237700768555,1.1342844435520352,0.4129291797549906,5
1204,2,2,1,0.14841320482018183,0.13556537522218545,0.1861205447120684,0.23452799282784093,0.2135671139183179,0.4075898935246815,0.48919060057141106,0.38113455386575057,0.38581894637684844,0.3946157845152256,0.3666892138370324,0.37214815144691205,0.4416509352881921,0.6140682913981876,0.5109525565014712,0.12235317540965221,0.03910084562547265,0.19146249236408588,0.11754343358333316,-0.0693969703283078,0.2841558067740272,6
1204,2,2,2,0.6680269639547536,0.6289200766705176,0.32479721186517524,0.3256759118045066,0.29672107546872406,0.0913356926546459,0.008372771901869053,0.1463231601416411,0.515822145306606,0.669136385129164,0.40638295624391696,0.18803710812168234,0.29347963783786024,0.47835296130973526,0.3256604045917002,0.31564468648006777,0.512994123121102,0.39512360229436233,0.2780903913426811,0.38235574430822855,0.3625626505274471,7
1204,2,2,3,-0.062330715436720946,0.2665307161194086,0.42501922098479505,0.23461695126049095,-0.0789419972851301,0.20377612933921696,0.5451885910258816,0.6186334026645828,0.47302711285889076,0.3099684187057512,0.358014070557616,0.27414835337140153,0.0832467882506048,0.23341124702895366,0.7205509813007555,0.5866349593569324,-0.04489316331266509,-0.1093452911157351,0.2011125949933787,0.431693035080589,0.2835030702874499,8
1204,2,2,4,0.6264253760131308,0.9057123745283524,0.6350043103851726,0.44654689194826547,0.4725849644346676,0.48987192303284066,0.44806229262059083,0.5401383483929416,0.3891096675017629,0.1088393738921659,0.28828092096729596,0.15771607903590662,-0.019819164141094095,-0.0470718525827577,-0.2458000078414082,-0.13635097710700542,0.24263014491143614,0.4102644128060893,0.39514944002201857,0.7115151966550085,0.340940485773769,9
1204,2,2,5,-0.4132839501838508,-0.030363000143022345,0.14024269416873342,-0.28027447733832267,-0.22594832261821782,0.1980023929302479,0.40513808875013835,0.39825896814102263,0.21852059367750193,0.13428442066350368,0.1256002283458841,0.16561456184254025,0.16716502958705254,0.239054900223952,0.25411167338974755,-0.03195621455480025,-0.2551382932212723,-0.19157257568478794,-0.0991785025162103,-0.09494958618407816,0.0411664314637881,10
1204,2,3,1,0.20515824017629397,0.37271932274169195,-0.17073059078689473,-0.4235420046890781,-0.2587606327042727,-0.1385470839593328,0.0016854855855440512,0.176418322653219,0.40547158893349056,0.4085291052466766,0.38809579009226314,0.4994250635291073,0.6090674561461673,0.3130905731765799,-0.09838197379899981,0.2596656022247874,0.3126721399758383,-0.02986703262298265,0.2171050766586149,0.38301289496045665,0.17161436717695844,11
1204,2,3,2,0.09120137902517716,0.6537234448176023,0.19364350602934913,-0.3470599141417758,-0.3693925226909562,0.060980045774397154,0.13817864385002174,-0.0277930218830173,0.1607912216663899,0.34152774542292735,0.2713448184257199,0.1589080520498526,0.15867193072495894,0.23326071169198015,0.24614847946921575,0.2091205635655232,0.41075798289637155,0.62858808905242,0.5632750156226523,0.4441939902476987,0.21100350808082544,12
1204,2,3,3,0.563521526628535,0.46259703670766456,0.23746751392686782,-0.04248489056038375,0.11476682776221775,0.6902625484686034,0.8655870667752894,0.560701319602167,0.2641497941884345,0.29530458531211023,0.5289258651189797,0.6203357063077409,0.6796877930061993,0.9750993445962418,0.994206719963441,0.6808760677350725,0.5050586163330861,0.31126800668350213,0.1560267964924527,0.2570305817888733,0.4860194413418547,13
1204,2,3,4,0.39764495574131686,0.592009743883408,0.3513160227521759,0.19563708755176573,0.06922834144844554,-0.22404822109960582,-0.307562419058559,0.2099658427968109,0.59495962176119,0.619594398202254,0.5001942001363768,0.37565830702679637,0.4110174421055026,0.5110155302604569,0.3958892601728552,0.35303105909783034,0.3742148768286457,0.1806987008402225,0.014341459508937449,0.14469094067414795,0.28797485753154867,14
1204,2,3,5,0.0583879622545641,0.14554877359245005,0.0199081064533937,-0.2991236673086551,-0.3319195129389396,-0.14563309979354017,-0.0824597610570859,-0.2950530062605843,-0.26652674206720883,0.20257671315089898,0.2266192751250399,0.017582022319403652,-0.1661660640578099,-0.42027142854465754,-0.2575521166684925,0.17962860576993506,0.4208291359500226,0.533786554993102,0.5885710720418078,0.12426265330968361,0.01264977381316635,15
1204,3,1,1,-0.01568580787233255,0.5579559891968467,0.9971537912574253,1.1082069504595755,1.2240491714230317,1.1010980182113623,0.9730960088720082,0.871191795495055,0.6931680321954738,0.6453764507771773,0.6460332454026974,0.8320414264543793,0.8053422794811256,0.815171475919327,1.0493765480626518,0.9652699131404986,0.9868496427494606,1.1615144026772386,0.9880728278318014,0.8470059928176088,0.8626144077276208,1
1204,3,1,2,0.7156463308732426,0.9746979735376958,0.8160657746443813,0.5961507711173171,0.6253465276605454,0.7676976045400767,0.7752817984672307,0.7111035803974683,0.8435043505773656,0.6246484874659346,0.6683539910383971,0.783805887850475,0.5603823668171756,0.6491858803330579,0.7206339166635417,0.676143469519365,0.7366236211486699,0.8243265750194425,0.9561547808732472,0.9147338161205181,0.7470243752332575,2
1204,3,1,3,0.2629860266197569,0.4132067240602342,0.5566303271814802,0.5266237442169946,0.7677168831247891,0.8953059651048545,0.46127837361932755,0.3430844562026566,0.3527750434554092,0.4651364480496262,0.6073547191652222,0.47102030251028715,0.49845529916048437,0.49714184283859136,0.19709460266024834,0.05979050463304719,0.29822628994946376,0.4972650573020901,0.5309914902581142,0.715839568440325,0.4708961834276501,3
1204,3,1,4,-0.21651370084651858,0.25276937062225474,0.6323885035300447,0.2518855996676124,0.0009726878198626013,0.1351689692130705,0.33839455433392446,0.287127669659255,0.0677784697405624,0.025577494551920803,0.17409521871249317,0.17420162444033238,-0.019163390928231952,0.13187077866912764,0.320724378948837,0.3955265945778854,0.3139741543436757,0.10540985117548679,0.0551969669246126,0.039477398768708746,0.1733431596962458,4
1204,3,1,5,0.06950158931429826,0.40737895905932026,0.7175835539032364,0.6577232629191208,0.3358860110805337,0.15818783784699644,0.3730117531425569,0.6694928086240827,0.8192010906452145,0.7442093483512947,0.5814804445487793,0.291931647129511,0.13536156363686844,0.1457075515937564,0.24642878684284836,0.2090653069939903,-0.08252810903263735,-0.0703110099439915,0.16311946933211355,0.11321249709473215,0.3342822181541313,5
1204,3,2,1,0.3586600740672115,0.28247995992152664,0.20403760077381944,0.07876670902115145,0.015269784633559401,0.08881729801853525,0.06505967483277944,0.0007624420788662975,0.20998199132381049,0.5000942805869095,0.4244367534897326,-0.0032357384438182896,-0.15249761231280415,-0.02872810736996225,0.0520735872023839,0.07643324395426529,0.28865216144908495,0.3509827063243091,0.16175710246545744,0.14094662856690185,0.155737527029186,6
1204,3,2,2,-0.27873382738588737,0.3878285113460311,0.6824194853893724,0.3515566553245609,-0.23895600639973724,-0.3430974812266363,-0.02715373099265045,0.22968038660352944,0.2900597378664552,0.17590763348671623,0.17490991692913274,0.22800942942086075,-0.016317877439503553,-0.2850615094040816,-0.03839640868795255,0.3470332470374605,0.2905537915826716,-0.0708856254836108,-0.36246812940256756,-0.2224949015325699,0.0637196648515796,7
1204,3,2,3,0.1425390861250086,0.5843418599749635,0.6830864179931806,0.5545109526072345,0.37035956274511594,0.3215612995519881,0.35253843024731635,0.4006141179778415,0.5830383024798346,0.9049494518779067,1.0441193440573424,0.6633750259290683,0.2592124318832661,0.10065191230729895,0.07028550682979445,0.2710094611888759,0.6277623425000234,0.6308523177511716,0.28973136651339354,0.0906967994834818,0.44726179950120537,8
1204,3,2,4,-0.6042576575939997,0.09961187363242963,0.5139811938682555,0.5571482839324867,0.650134506237821,0.7333279218841798,0.8286031660119848,0.7862672726895266,0.796611339726379,0.6659928867790044,0.22895502116990224,0.07915082229927715,0.3794601044076331,0.5402691435324612,0.5673015596029114,0.5821344806095299,0.6076745279991415,0.6084684464689387,0.2812584824319579,0.3518487545564892,0.4626971065123155,9
1204,3,2,5,0.4451591420790406,0.7958703827499658,0.7399797166308602,0.5174954913562027,0.33444846908418685,0.5131768555461996,0.8938016324630788,1.2115293790828838,1.2354536711714186,1.0608638656340743,0.8603843881429878,0.6663430135190677,0.6938435393152109,0.807657942226706,0.8692454309543718,0.9002847731856471,0.9382955356744798,1.0373027142826394,1.128195524855253,1.272192511158356,0.8460761989556318,10
1204,3,3,1,0.632514008040333,0.8797667159702952,0.9697663326660273,1.134747998247509,1.1926228440147137,1.2872365673669663,1.4069307399156943,1.3926376114261192,1.3767921340703693,1.0430438261763628,0.9259293624504847,1.0574530752531566,0.9771792434097363,0.913612227180695,1.1693872901819384,1.582681617397288,1.524927022994559,1.1661122475008694,1.2645199717795472,1.202551479470368,1.1550206157756517,11
1204,3,3,2,0.20581198380959692,0.6473389614469235,0.8966127752918017,0.9379614454347864,0.8430805351052064,0.9512713477469961,1.0992520430730945,0.9715333499676386,0.738571743827957,0.4402756291801696,0.35942168719348566,0.4674240417754806,0.7720864139018301,1.0241052565783204,1.0838936723015178,1.2153297381801709,1.2234413012936236,1.1845937158270095,1.1328264510075816,1.000976387278442,0.8597904240110816,12
1204,3,3,3,0.3283631035741358,0.3199933398639061,0.1018766889588144,0.10433919702684336,0.3677025845115789,0.8698235865637145,1.0019514340470748,0.4962380900629378,0.282284740118429,0.4544689431487984,0.4299353268100373,0.3482677661903154,0.3215645185459343,0.2678635132186333,0.3001754231546503,0.27202914282784907,0.367532362053765,0.6950333366802316,0.837219072519902,0.7101090152463445,0.44383855925619475,13
1204,3,3,4,-0.07864715624591839,0.0604656266116413,-0.019232196743735004,-0.0007981162741728526,0.2852716090432515,0.4275543549618628,0.4037217499041813,0.3138626045019009,0.30269377184860535,0.23173652749107904,0.0402671267702446,0.1816214709911751,0.2925669532692959,0.20997032226535234,0.26131907491834777,0.31359977091556734,0.442563419395971,0.3230511973932515,-0.10682688899356,-0.427657385475936,0.1728551918274202,14
1204,3,3,5,0.53845901831159,0.391517981259352,0.5641118550932727,0.46271319637631425,0.26066525311355065,0.22665293245424264,0.2793482913545949,0.39898390890280466,0.47041079981577166,0.299831414962141,0.19889617448993152,0.33598138963645086,0.2021163209633783,-0.19301500894460746,-0.31230086615036584,-0.02955250226484639,0.35682521732849415,0.570811027526567,0.6450629496612674,0.721897035189955,0.3194708194539929,15
1204,3,4,1,0.24213943187581471,0.2152132615473244,0.04729816219746685,-0.15154701623996514,-0.20680757858697407,-0.019024795752158402,0.2746377549869023,0.08319259384102841,-0.1430304239290745,0.24059810071317378,0.04945709209024324,-0.7301723396346823,-0.9090322835803012,-0.55120438116267,-0.20673011834233235,0.12727713165388077,0.31835565431703183,0.29666690297013154,0.2506908776909696,-0.0028312467563668953,-0.03874266100502785,16
1204,3,4,2,0.45083944819757654,0.6027234920061699,0.421402258019217,0.15392290346488946,0.09612766250588214,0.2108875718208281,0.5530829468995413,0.667860182950734,0.5904390294714301,0.6722656239902345,0.656930109988676,0.38586828209664437,0.48040186355286296,0.697652535282258,0.7731248527869681,0.7420670416922603,0.8578595684126047,1.0807704964959939,0.9785062240673987,0.750016873485907,0.5911374483594038,17
1204,3,4,3,-0.00352174132182815,0.15639443227396124,0.07297983141333321,-0.2562759368976856,-0.29892535168286144,-0.1313208899791169,-0.16902932958608324,-0.0489526535448095,0.010441394233101406,-0.05292393122535714,-0.03916309683792239,-0.12825032765880884,-0.13302916100591355,-0.08676329472133995,0.085963066475089,0.0015768252310476988,0.08789142327794897,0.2758477822980949,0.0340856014099683,-0.3670452698778731,-0.04950103138635275,18
1204,3,4,4,-0.009825764259356704,0.3598664598106892,0.6721685376556219,0.659899304537259,0.746769325589348,1.0174425558098534,1.014350432957548,1.0941491107899135,1.1743921134773223,0.9926144892705767,0.7034846093935744,0.5960722688251948,0.9653428977826723,1.1450241244857395,1.1005544516701375,1.231106597110842,1.1781130821471564,1.055622840751146,1.038940203525827,0.9751286931031067,0.8855608167217086,19
1204,3,4,5,0.49422858025234145,0.3956481849504539,-0.16851155865112294,-0.6042670883557362,-0.6651847962822856,-0.2734134984955471,0.2148920546807292,0.08679884468837826,0.0655665069425799,0.40548596254186225,-0.05642547130645564,-0.8188569611085907,-0.5493011110886044,-0.1774347311274871,-0.33565895194505496,-0.0503237107881053,0.32782329834658697,0.03555232796971783,-0.33353905129824957,-0.18983891863892316,-0.10983800443567554,20
1204,4,1,1,-0.06709445826147455,0.3274719795224756,0.5142113877122892,0.6613709940711283,0.9583576252328754,1.1719005547250037,1.0619362206037328,1.0145412200194597,1.1239027432529123,1.2085507512769973,1.0838315771042821,0.8691980114284472,0.8884615678793166,1.0323428307474831,1.126223536285123,1.088145648276798,1.202279790061357,1.0923071151366575,0.8768579738587331,0.6880167981351679,0.8961406933534383,1
1204,4,1,2,-0.35769683905706684,0.19139382832333074,0.6886681796742795,0.8464628776135605,0.8322719984075477,0.45528198002434134,0.395249052053813,0.574540982707912,0.5421453594765359,0.5305910266262245,0.5687469376825727,0.6968174567568933,0.7380202746119146,0.5427843179721832,0.49202926840988825,0.6298387049240066,0.6815244796063503,0.5648302204897819,0.5444318376134791,0.3390948229944682,0.5248513383456008,2
1204,4,1,3,-0.0077377761285745,0.15407040420485948,0.30814900016312496,0.4357836573914986,0.4492462892843096,0.4657401297594739,0.5970975692422422,0.6435215652258742,0.30095319351710637,-0.05341930984903975,-0.0976072618887763,-0.013472944053109843,0.1492247995240581,0.24787000152623576,0.18647954887387186,0.2111773266536399,0.3150795432803673,0.27980082053659955,0.22354724600397674,0.2693288801416883,0.2532416341704713,3
1204,4,1,4,-0.3890859293340684,-0.035187509812369344,0.07323695440703196,-0.0958526226944505,-0.23731044752730676,-0.3057056822450268,-0.18146110996033393,0.025831465839904602,-0.056242253037231085,-0.24763936938303055,-0.0987358683496302,0.062547846604991,0.1272723281190932,-0.04349700317200876,-0.025325305999007605,0.3720414376134089,0.329952451245937,-0.08483435849523309,-0.2687057931459219,-0.05347468616898085,-0.05660877277471165,4
1204,4,1,5,-0.3111652574342741,-0.17485223662165397,0.03293409497459445,0.0006188121709953011,-0.02902946783487045,-0.0485175356410847,-0.077442459003466,-0.012850299071358397,-0.0640817209344532,-0.08071340176073205,-0.087513309280682,-0.3890582106123401,-0.4006161786948163,-0.11688308490287115,0.0252195347162341,-0.0700691948982716,-0.2106986892470447,0.024682280202714,0.30271674825028416,0.09651629787576944,-0.0795401638873663,5
1204,4,2,1,-0.0855245002870614,0.5948506433456675,0.7115243900852162,0.612898417909549,0.6128276873243604,0.5218410701917988,0.34536975312016094,0.09120510070308019,0.007387789104385957,0.25239571085448226,0.3832326013848557,0.12818273180104406,-0.35500546278833117,-0.5882713600702872,-0.3681149845830914,-0.10601861701328975,0.0744345043445607,0.18177638265615054,0.2149087334800602,0.1280303635861555,0.1678965477574733,6
1204,4,2,2,0.2436029613045188,0.2759085305328599,0.2749208849300287,-0.041041598663338244,-0.32278477885670503,-0.29821821293329387,-0.08955023476837315,0.01819469410643785,-0.1485828169647424,-0.2877844001994933,-0.18016775553012043,0.06415123847748395,0.11130818246137514,0.1169361201954253,0.25616218490877835,0.24114630555734706,0.08504764579156654,0.0458686409691186,0.030784671870722598,-0.04252046897240285,0.01766908971085965,7
1204,4,2,3,0.6026814613178562,0.8664708258099892,0.737136829370855,0.2864576715322984,-0.19350080275279444,-0.48404025517776916,-0.4159805398527565,-0.27591545843280574,-0.06438114420994094,0.13020526132257149,0.009613373697513049,-0.140701977724373,-0.22656767217897433,-0.004950574174237193,0.11099696666419215,0.056852236468298595,0.24334045009738514,0.42161186300531045,0.4297147493645388,0.48398309596111805,0.12865131800541368,8
1204,4,2,4,0.775517264896751,1.0424685021938997,1.0032873363245856,0.7677777103183214,0.6217466107178875,0.4504712245458849,0.4844044931580123,0.7392767137381113,0.776088255543566,0.7115419577206166,0.9004673029966859,0.8201726295010238,0.507808849992853,0.45140265495772713,0.4528922807787747,0.3529570602555662,0.3670822023492857,0.5503948428786822,0.6320197164452546,0.6333160887052576,0.6520546849009374,9
1204,4,2,5,-0.0153235590526891,0.06627173027536595,0.34834757999075583,0.586638647921061,0.6650152410370335,0.6847743939565658,0.6930037113630589,0.6020337361590669,0.35385840476769637,0.30422193786551277,0.4216668887504662,0.5556658510201349,0.6755756361897829,0.5650676510719715,0.4823252335367731,0.5935888571572503,0.5880803190558274,0.47674499760936345,0.5258481538233022,0.7363180347390792,0.495486172361869,10
1204,4,3,1,0.4074301279352506,0.3584703645451978,0.09204419922087678,-0.08438056963924964,-0.014757326145726151,0.2316551496308158,0.22736462136320104,0.10121623190471245,0.1091607784557664,0.3157769096661728,0.4825938601952512,0.4391326874784982,0.658324360353019,0.5617618246285838,0.5049402971654914,0.6548178967874372,0.4193986220017162,0.2873171555467616,0.2682980222930644,0.06948669135273315,0.30450259523697865,11
1204,4,3,2,-0.06782343338982694,0.20761090997981757,0.18897826165094056,0.11863558634633005,-0.1423590142208024,-0.26499875439897347,-0.16746574118581234,-0.0230951770068029,0.04748160786260854,-0.11179878820000849,-0.22001978168132855,-0.2936393773178875,-0.3477732683310451,-0.22604785680590656,-0.6141544088818103,-0.5248954938411834,0.49365454995595665,0.6047426397500081,0.1740732779459013,-0.0707944743938042,-0.06198443680818145,12
1204,4,3,3,0.3397805790826694,0.6588490368491131,0.3991420005325383,0.0750881175676277,0.07385846903887054,0.2773044907389794,0.5030374814370376,0.3795865069958667,0.1317940374167937,0.2770848731243345,0.2598476724844337,0.03912960882141035,0.069504056084579,0.08153994017795275,-0.0185301607307288,-0.1736993360791513,-0.3969729796553386,-0.3155015711423553,-0.09351100844163085,0.05864306578081684,0.1312987440041909,13
1204,4,3,4,0.5744316746802494,0.45435185339383477,0.34917600246804925,0.1844113228979692,0.1663617806114784,0.4909244190379575,0.5800766774602227,0.4591117175835665,0.5364163893464216,0.7545470411177921,0.43105257076170544,0.051149227213614853,-0.0626767128646876,-0.14063382146233055,0.16826063064950617,0.48504149385328393,0.6414852854757453,0.673165077731178,0.5378654967686889,0.26563472626743767,0.3800076426495842,14
1204,4,3,5,0.6344421316437288,0.6050752155105754,0.3163967244919566,-0.041450983837599396,-0.09450497312151085,-0.14159365954706193,-0.16662563647224746,0.01169678274600855,0.11595874315388216,0.22203870535106635,0.10816077163776248,-0.10164851509157895,0.10325750682194496,0.2936242222885573,0.10929139940950985,0.09738749760524824,0.199390662246531,0.2255508593833347,0.21616577133741485,0.023492186744996646,0.13680527061512596,15
1205,2,1,1,-0.23625624598252845,0.1661546806117414,0.28832982403833557,0.22893938700147753,0.06420386166069746,-0.5200958595509241,-0.5833237223645251,-0.2937633258897056,-0.39664436743611664,-0.42356345610523977,-0.2935466297697097,0.13830149197701855,0.7341699558629945,0.43165350350263115,0.13803125182089065,0.44750810084063497,0.34592825563570667,0.08369262156576121,-0.2263290898360997,-0.1863498269480891,-0.004647979468252451,1
1205,2,1,2,0.33627846490886637,0.4103013752977635,0.6437477960601545,0.5281516632304831,0.2955289305930312,0.2713539213550792,0.009443966007582252,0.17495924378868571,0.3339871059676309,-0.0301457365637825,-0.15060852866165225,-0.1810473743054076,-0.4484529899535988,-0.4799975748342326,0.20569402689388458,0.592111146395145,0.3230829302590304,0.19021379018169987,0.0863032101799866,-0.4315897560359302,0.13396578053822095,2
1205,2,1,3,0.6036000405798059,0.959937778217098,1.15520423220564,0.8141007835808256,0.8184873017064266,0.8212702385087076,0.637707978246989,0.8837662508503061,0.8762461051523852,0.6093139822893374,0.48866606614275376,0.3539557263273816,0.02224452137618596,-0.017306090733028606,0.35797046824748624,0.3403352110131666,0.18507635076000306,0.4794479410280922,0.9077997780186431,0.6542755697137542,0.597605011661598,3
1205,2,1,4,0.1698248989734815,0.6512355943478755,0.9570784826201352,0.8963616206851908,0.7864958828454787,0.5024653797757243,0.24660691579125066,0.2235895926894535,0.3606496986543325,0.31502110431365926,0.12443719585624115,0.1300433749719098,-0.1536855210378657,-0.367971325693608,-0.1645053299638308,-0.14060404120408837,0.0097069206601237,0.41374099497705713,0.6018037697956142,0.46906772514621453,0.3015681467102175,4
1205,2,1,5,0.40654480156554146,0.918929452578619,1.3875577124858518,1.4166467327465415,1.0630619061910895,0.9187644356310556,1.2055697675240398,1.4013570770372077,1.2299860922655461,1.1243424699145292,0.7864168827358887,0.6250923839552696,0.9317052681409292,1.0070396612789976,0.9501566516282316,0.9423530508956698,1.0084026291877106,1.3288244960979738,1.5408517808357471,1.3885541746308212,1.079107871366363,5
1205,2,2,1,0.12052848314778444,1.0406986788671304,1.4009844240525022,0.9317480891647618,0.7447803946561814,0.8881433099701854,1.0239505168089549,0.6686064064368418,0.24166857842037792,0.3790080151596271,0.2214394819046347,0.23962697001074915,0.3826349308355331,0.1052059684519743,-0.13839869066898308,0.19059200212848365,0.7735838685286596,0.5221942212782902,0.28753695081817354,0.630785490698937,0.53276590453354,6
1205,2,2,2,0.6537286270495852,1.341778953847537,1.8031531062260227,1.6093237152817186,1.3910523029336446,1.2258586717764053,1.0894951949662581,1.1149901881093467,0.9910929355923281,0.7476867293455386,0.8359024625694098,1.096738021176172,1.240395128470464,0.9634612210514242,0.6356382040720427,0.6985049520974531,0.6878849784997216,0.9690627009145228,1.262307986189275,1.315292688771884,1.083667438447038,7
1205,2,2,3,0.1021214581031862,0.8052267566352729,1.8786300682546313,1.5170265009232624,1.1124061937050163,1.319976555027306,1.5882863149617203,1.3736345305341946,0.835107923526941,0.5671315401185374,0.5739567600342275,1.06075506801349,1.2269605856398278,0.7414265037934334,0.47985940063058896,0.6192191791265629,0.681646812555067,0.7296312025062028,0.9121206098415799,0.8982811624151674,0.9511702563173108,8
1205,2,2,4,-0.07445543314021097,0.6509439914554103,1.0795822746144714,0.9148310237839672,0.7338244848804686,0.7438954025854401,0.9865576079834271,0.8828700186279547,0.5700571142289534,0.6375204063286715,0.7794758627218352,0.9168371331419508,0.9312441564280602,0.61296889988509,0.4484549356692836,0.4947579024137787,0.6340930314722141,0.8159286490928829,0.945334617407121,1.0354048225308465,0.7370063451055808,9
1205,2,2,5,0.5837625234495587,1.0953786318976337,1.1783922719286815,0.72435185738038,0.4651098366415251,0.5745209210663449,0.5756791078325801,0.36306451918669835,0.35533801265995635,0.6625296046742459,0.5097206244046283,0.24762252607312601,0.2420821966242071,-0.005480673580408005,-0.1746096598269315,-0.1404718389974263,-0.1005668733519781,0.1305805691372685,0.5769073262642203,0.49714507850693435,0.41805282809856226,10
1205,2,3,1,0.6587244805591483,1.2896795231204443,1.635801429711628,1.2263903223671013,1.1131028477715725,1.4294441313299728,1.5209334020037562,1.078968932891479,0.6457752248968611,0.7048218670802687,0.6631743741961506,0.37391138596462425,0.2512388091241076,0.27398664853817595,0.4987525482446281,0.4756317215757853,0.06485676693591785,0.08454023725766235,0.19623606726575393,0.166740488843998,0.7176355604839519,11
1205,2,3,2,0.5692463044559932,1.1598632968592235,1.5932296406622726,1.463990558048399,1.0650295250417003,0.8273339569546135,0.8427999339880302,0.6838600893438045,0.6313488329683972,0.7406297368437309,0.5410991598073036,0.08165709710087517,0.07669556673604204,0.35762135564797715,0.47204248005116567,0.6239896927118345,0.4785550913355138,0.4036186454888884,0.5029066251584116,0.28746130088684124,0.6701489445045509,12
1205,2,3,3,0.5527132963839985,0.9381254556251222,1.6393411067345613,1.498342784544933,1.121388136951801,1.1738370483628866,1.1917967893201524,1.3033354217328244,0.9794734402953322,0.7509619886828547,0.8965652259966401,0.6128784043049582,0.44807403897727993,0.8134842055585245,0.7642600201926404,0.4379508678983185,0.5762181804299628,0.8784207800049786,0.8719418809210626,0.7687738132364126,0.9108941443077623,13
1205,2,3,4,-0.0332434816257575,0.7104262144371095,1.4716334119384102,1.2636710559052502,0.834932038879818,0.7729688745805794,0.8679813738298328,0.7463445459571194,0.9190290327139072,0.8349461348836473,0.39396016705271497,0.388379461772448,0.012142803629631188,-0.07533316143010785,0.6648134517397208,0.6889228285549658,0.04528508870542236,0.1181103760989469,0.5238946315459857,0.5944246280897354,0.5871644738629691,14
1205,2,3,5,-0.030554270181911147,0.7352179101824966,1.3612502174077523,0.9601411781682865,0.5118112017187728,0.6406692202768425,0.8323949449120017,0.8640153997673984,0.7025918573411659,0.6801152145690468,0.6750228569491437,0.7456955598047754,0.8764770941486287,0.7005922623888949,0.1721705686349004,-0.19434885751486541,-0.08717276363102974,0.030778668461968202,0.010194056468907649,0.26692795913596545,0.5226995139504571,15
1205,2,4,1,0.2711686984970224,0.6285361679425946,0.9959622853439852,0.7134833026854499,0.6170892627378437,0.7612854999933064,0.6180550822829008,0.7187896495104908,0.8730978291828663,0.6235315546092824,0.37695876265234207,0.05463907271580441,-0.19852800152291944,-0.2861217644048899,-0.23240415603680087,-0.24066866512938334,-0.14482289735878956,0.22675061742438157,-0.11823514036454677,-0.7160058023912537,0.2771280679184843,16
1205,2,4,2,0.1437239767701353,0.7310673978891599,1.0396340377792277,0.7828565311069391,0.7785314417429603,0.8479914823470522,0.8624566941980588,0.7711291343909732,0.4774522307847813,0.238892991223799,0.28026853771843163,0.19400062236820864,0.0522151232576078,-0.13008980403616335,-0.409748671642376,-0.44241986079509465,-0.46846464294219975,-0.08280910587628612,0.46922494333331033,0.3232588146710813,0.3229585937144803,17
1205,2,4,3,0.38154790641272246,1.4344637644114302,1.57461859733939,0.8991908634499937,0.6165782648103355,0.6151483038302905,0.6143962564113541,0.7108036352567582,0.9371734860493042,0.537096508570437,-0.0046064434680920495,0.045267147818471305,0.15920224317769,0.45479887367259064,0.5993789526116466,0.47644360570982824,0.6403628226850625,0.7915142209728178,0.5375731060541736,0.3015100047416911,0.6161231060258947,18
1205,2,4,4,0.09403086920015935,0.8559794520977714,1.6069785458516435,1.6569906149194975,1.526763378361582,1.419764674376978,1.5689877747278937,1.6495449902234132,1.2988997788242975,0.9015355508199321,1.1351571858108163,1.4950586481819443,1.2746866872713056,0.9972472971981814,0.7526141819760257,0.5541046960880978,0.74986321861886,1.161251314439987,1.2193677240095369,1.3162306754222042,1.1617528629210063,19
1205,2,4,5,0.11651398903053155,0.6503877699897112,1.0226035760459413,1.010437640195095,1.0534611853578961,1.2700809434098526,1.4008110203719153,1.1265237382982036,0.7712436425251521,0.6525100031341262,0.6849333163099185,0.6982393246732385,0.6348798026105427,0.6097646929690168,0.8463406769595543,0.9454861024328818,0.8667937096961175,0.7431464269233892,0.6590056311556943,0.5285992002036217,0.81458811961462,20
1205,3,1,1,0.04411651579573472,1.355648615527892,1.6393505815350269,1.3033062920375813,1.1240507700405598,0.8484456704365333,1.0230689638674715,0.763005250246589,0.33628550395414164,0.5164326942242258,0.32523413322202704,-0.014967489210897203,0.08316183355399044,0.25898606833013005,0.6714702084404571,0.8968223418281122,0.6498457558430365,0.496364720410283,0.8227180395346045,1.010279309938365,0.7076812889777933,1
1205,3,1,2,-0.13509387801463152,0.6518396003615919,0.9489183460547876,0.7707067001451088,0.37493481113652083,0.15231861221768944,0.017835043786204957,-0.2955568770798894,0.02488367944027442,0.104765256786315,-0.1170186913470364,0.1424525783975636,-0.06066720673501094,-0.527643421316182,0.08124242995966863,0.24716345647911436,-0.0765657931068356,0.09752386475466765,-0.027596403036242553,-0.0998452025795312,0.1137298453152073,2
1205,3,1,3,0.8006679469043863,1.3841750642678852,1.217915199783128,0.6761250071401412,0.16416673353233302,0.1505515464588531,0.4814902831026495,0.319103527652,0.30538107451121743,0.44942482236612624,0.0011337584423033176,-0.31645968841813166,-0.21369027260070594,-0.0510405361544746,0.0485178083051792,-0.006622733638214499,-0.2711230508804151,-0.31260034321602526,0.07810386287930195,0.1696996426688871,0.25374598265532117,3
1205,3,1,4,0.5213237551295618,1.3386435722813443,1.2785848651962293,0.7230713975756311,0.4267126709228384,0.3724486186574075,0.5909470557159067,0.5226478457250491,0.3558649143188646,0.5693217688492963,0.3678849227051527,-0.0082296301562803,0.22876125097331448,0.6944456509762486,0.7659933802207697,0.5436675459854943,0.48021005291881935,0.6546649779920812,0.7587661923519454,0.6624849864504982,0.5924107897395088,4
1205,3,1,5,-0.2044419636883801,0.7159268524920499,1.4676359412034867,1.0448438620909823,0.6043477211739846,0.3947765681775834,0.42337220250876906,0.7675857324582727,0.9656154133871828,0.9808128747138316,1.1755030351032867,1.0057086279963536,0.702786523639716,0.718556045377359,0.7775043504523451,0.9756144083415611,0.9581371354455834,0.8125025158408938,0.7443220796496519,0.6135758408309986,0.7822342883597755,5
1205,3,2,1,0.2504839970000161,0.5045956043487309,0.4083731903167709,0.543613274056329,1.1979678592031726,1.116517757608929,0.3696298715521899,-0.1593039513948777,-0.17078288739770536,0.1969905412137144,0.4075592515323181,-0.010751310841265654,-0.07992924359996678,0.11181850974881714,0.34220260561586524,0.5252106347329786,0.4433649189607368,0.33217044107251426,0.08488555463794835,-0.15216139182607905,0.31312276132705674,6
1205,3,2,2,0.37837892044178056,0.5660676282394762,0.6738149489781031,0.18160195335416196,0.23566987419995833,0.6563023190286481,0.44409021913537056,-0.042135337026318845,-0.28413164216915976,-0.5043697786095338,-0.48694583917222506,0.006634096650042651,0.12385125715906675,-0.17045734627485024,-0.30580101583364777,-0.5506092416440067,-0.6039459169817198,-0.456370511702603,-0.36536998879220506,-0.3253471381695995,-0.041453626959463,7
1205,3,2,3,0.6674733673434178,1.181339353291871,1.3235843913201428,0.935223370680142,0.5971201286434444,0.7082483030971501,0.6616472909308416,0.24483764859697532,-0.0035650762545916996,0.09203926476279364,0.30746532202798504,0.4494767994915998,0.24037728981994086,-0.008363938710218653,0.0331470461355938,0.38843615577213797,0.37992573284793885,0.009110070418241849,-0.2523803734317325,-0.386148206682728,0.37844969700504727,8
1205,3,2,4,0.2990689814148941,1.11972151254295,1.542906708098689,0.967167328497315,0.3882493201266942,0.476918876656174,0.5778386464874646,0.477281306178688,0.27550300343553547,0.2800279128282262,0.5168451044424696,0.8115342165145967,1.1728039856095334,0.9984433247247488,0.4162377002141252,0.032888547390140556,0.013878823872507749,0.286392224420074,0.2264745433248307,-0.08403117300096184,0.5398075446889348,9
1205,3,2,5,-0.15081061219339453,0.3527687924256222,0.8608283279791766,0.561840839628327,0.0943362782549306,0.08746528179789845,0.13786718400858236,0.365849136108329,0.495588174141681,0.3907205650625013,0.4610451541011162,0.40494437997450816,0.5679022134595026,0.37230930048409444,-0.125596281382117,-0.10725762500773334,-0.1647969985477635,-0.21530024914711035,0.4014803389521746,0.7157151351256268,0.2753449667612976,10
1205,3,3,1,0.033308853281187656,0.781143093619374,1.3553696071872543,1.068112565863242,0.8272909375538459,0.6924120420920118,0.49104446582311556,0.5717058121466718,0.5105250811780893,0.27789828270897654,0.39822051734889197,0.6701030497024578,0.5414541451482104,0.6353002859373815,1.109468766574488,0.9141749233072135,0.7031326340238985,0.8881327049754385,1.222848479783631,1.306157788455182,0.749890201835528,11
1205,3,3,2,0.13884700097151775,0.42719566276904486,0.6532746623564896,0.6467661324316136,0.6748485759575489,0.3818097498341417,-0.027020401886640094,-0.1519837114854185,0.0983246015353812,0.5484085361590451,0.8125446785716817,0.6482600273631913,0.5234560882733036,0.8285628031700959,0.89064122665462,0.7757087185600795,0.8440360190104863,0.5932174369754956,0.39168307863846763,0.4294344360099483,0.5064007660935047,12
1205,3,3,3,0.06833668950935255,0.5002307208443064,0.777416884355123,0.601786901564381,0.08663789630025118,-0.205655192064559,0.23326987278706313,0.8763442065083471,0.8977696214595972,0.32469832929771014,-0.031233521418757203,0.11895045897936682,0.32819500963534975,0.16751350201318643,0.01160972897836875,0.07412330940809775,0.2547303072263615,0.511133305837203,0.6603837361295546,0.4031732984376256,0.3329707532893965,13
1205,3,3,4,0.3598133046257803,0.5249833750798644,0.03952022942658279,-0.13305543901034675,0.27261043274669927,0.4226578479619798,0.2200156641663858,0.03058558292939285,0.007255182914834499,0.1606094115059827,0.34772277767920046,0.25410498759782274,0.01658373125493915,-0.17303021975707153,-0.1471018537244324,-0.09941199056697805,-0.07573516722362796,-0.013910026455142555,-0.24899325724606358,-0.6295211273973066,0.05678517232542475,14
1205,3,3,5,0.0177116083929849,0.9372708120764799,1.4597755932777507,1.0096729814818004,0.8705698557960975,0.7214049314291772,0.4230601284808895,0.3802296616731071,0.36355311550031244,0.40006214682855823,0.3333186487561849,0.16063820107369348,0.0679782252270019,0.15385486012923838,0.3402177136319972,0.507864362552479,0.5112840806401536,0.25620320219212933,-0.0157084066096011,0.3306779088962933,0.46148198157133646,15
1205,4,1,1,0.20846426352262454,0.511950878004308,0.9912440267556007,1.0018616094042434,0.7491681953041451,0.6035830263039171,0.7512265560396255,0.6837502699316179,-0.00012915476815805738,-0.33744413290336206,-0.3219057177575406,-0.04137288903154396,-0.11664530874456605,-0.5127195862763788,-0.21936693249969758,0.03370764727291885,-0.22093120341572917,-0.6267681334641292,-0.6554055703667268,-0.11254630422349449,0.11848607695438365,1
1205,4,1,2,0.38432763959255667,0.791543944070912,1.246607024174407,1.1545858041412305,0.8026550537477932,0.4328269415905116,0.17799334022754015,-0.17766320288565565,-0.2602898841443811,0.18359796526106237,0.28134938571034973,0.10689298871093925,0.08134574564001959,0.5248601637784085,0.6369473326716077,0.27946863656229604,0.18895820849100725,-0.11371008206490879,-0.15767050897805027,-0.19245966992411334,0.31860834131867655,2
1205,4,1,3,0.6512019214712615,0.7713586830555689,0.5271878991782218,0.3934846562658586,0.3422839446867843,0.16697118887161227,0.0128287907018967,-0.0661542800587166,-0.19457073113556073,-0.12349175751514305,0.41947958270045754,0.4603729456897107,0.21669899263689923,0.0559192462345554,-0.004599939849631297,0.08614704151351846,0.17763550111229415,0.1165085762461054,0.0765131234189369,0.18193371319716084,0.2133854549210895,3
1205,4,1,4,0.3515146338783684,0.8088490946111468,1.313664004845824,1.2982774529288745,1.0233777445929002,1.1057627588355219,1.0808956014988915,1.0933783919624276,1.1609393677827278,0.9271378193970505,0.709617396797126,0.9135720809527076,0.915757667729333,0.6216187229809591,0.7010067694031177,0.8274345496209394,0.5253966146068687,0.29496862488212044,0.40564392160779394,0.5744938737990751,0.8326653546356887,4
1205,4,1,5,0.7672839391367574,1.2726117238944743,1.2357482657996195,0.8155784253893816,0.636902069921625,0.5583443376698382,0.7979585227464749,0.6658575126584736,0.27770801260195666,0.44296666281648517,0.6247081226617707,0.45952975571288773,0.2367883617348272,0.3390306635137459,0.3423787347538274,0.4008537997655477,0.5809942426183345,0.352982217889167,0.45423363544565387,0.651423538100014,0.595694127241543,5
1205,4,2,1,0.295515401673603,0.8752098875320622,1.508734429031561,1.5659033400126376,1.5699445627404618,1.5316724741561134,1.249441788264527,0.6323558144089091,0.308786783965158,0.4077959490674586,0.5955440476497987,0.7025122887595819,0.42124934828796223,0.19583361657611595,0.20500678043805753,0.49589693109141886,0.7462835584858036,0.7465933584681843,0.6915240309124288,0.4436882805193255,0.7594746336020585,6
1205,4,2,2,0.2106953904965976,0.8392702794594029,0.8223413473203018,0.26325218020296287,0.41383940229868255,0.5954977106983383,0.3799294598364271,0.10669194299800284,-0.0977935862701757,0.3183096956326284,0.7867140902883184,0.3749269447367407,0.05807393745069114,0.15602970756076134,0.2658018011860464,0.4149832994120462,0.49488065034458584,0.4726563806945239,0.3522317962766474,0.2562210875465835,0.37422767590850564,7
1205,4,2,3,0.19145463083562547,0.7351151812788269,1.2217939078752547,1.2312286740826246,0.9617673713510312,0.8659775573070692,0.8430075994150168,0.6763109095386877,0.5763620045558433,0.29764997067437376,0.1900789827221923,0.40341748793162424,0.315533366850684,0.056675845027832496,-0.0939181935495918,0.1137157614070329,0.34858063851108023,0.43352827916837067,0.40013991827671813,0.40729754000606605,0.5087858716633182,8
1205,4,2,4,0.17789845205667193,0.4930974366381824,0.8908304220033179,0.7511562795609428,0.9023169528482045,0.946870792460883,0.5494216463265238,0.5257552518279719,0.6136554424067585,0.41689267081977177,0.06171965411991259,0.1587559475509181,0.61378384768413,0.38303672645009246,0.004231681582612851,0.072698377410756,0.03294052723685495,-0.2100185585196842,-0.21445753572403314,0.3926500911732549,0.37816180529570215,9
1205,4,2,5,0.29871424598162843,1.0106603431524674,1.053477321749419,0.6825119252352622,0.5771384315668731,0.5758728235042685,0.6094077007923495,0.34304650606176046,-0.010114349693869103,-0.1869096459798503,-0.1309564197782569,0.18124413436303421,0.2667548459753596,0.013391565365664798,0.2511469099188962,0.40715009871645186,0.11596959502137814,0.12278762967131604,0.14630335672246292,0.0752899883363698,0.32014435033414923,10
1205,4,3,1,0.09071305976805466,0.46724991142140015,0.7307766101656825,0.42496139743371264,0.1019979208359751,-0.0510836628196709,0.011198035624758552,0.20465855466055738,-0.2347677441750636,-0.7516303469723562,-0.5259444706338072,-0.23766687699710445,-0.22769253838264206,-0.1994283859117063,-0.1837207492568912,-0.02902309002250071,-0.04185807768179814,-0.20333493528131566,-0.13586026920046734,0.025978686039938255,-0.03822384856926215,11
1205,4,3,2,0.1307510543762892,0.6334569486404316,1.150517347775418,1.223013995003624,1.2594018939592164,1.270443867446688,1.1164762756600355,0.894336605675197,0.7208431998184157,0.28270408694397714,-0.08898983572675925,-0.1942879521074403,-0.1746994167124124,-0.06470717158021005,0.17454747481298696,0.5620553650922258,0.4851080408002513,0.22462415943409395,0.12327499936376435,-0.0563537819948014,0.4836258578340496,12
1205,4,3,3,0.26943566353630644,0.5370103741426453,0.9298070607255144,0.948355700800258,0.8131979448649649,0.8316426087219501,0.9102522032803606,0.8396984636705529,0.9181950430084513,0.8151709547086358,0.46706723271755535,0.5423567154976534,0.5899105005578119,0.3535497925633967,0.1732707929094293,0.25969852132088606,0.3906649833682432,0.2129980626933882,0.19101428742695856,0.23531218436816845,0.5614304545441565,13
1205,4,3,4,-0.037740383679709,0.30431130220440294,0.49990596214443417,0.23307404055665037,0.048714500734851354,0.15004861308985581,0.3310753542742624,-0.004040662616871138,-0.11607223204049646,-0.015158062499485547,-0.15288894595847716,-0.2342342253918753,-0.1838778968513653,-0.17604066873824809,-0.0721598399616708,-0.03961844781510475,-0.2910501633662771,-0.4963424378356235,-0.5840260099114096,-0.38202176510611996,-0.0609070984384138,14
1205,4,3,5,-0.11879620903983705,0.371746278931221,0.6396774852350544,0.5636417264328558,0.5396298392343358,0.35972186329733713,-0.37307269290861,-0.29834466608645355,0.25369171551817593,-0.023718553961969552,-0.20516540072881465,-0.35261184925492484,-0.4176995119543362,-0.6329697938371126,-0.845189202366766,-0.5102117759722492,0.09763109773593015,0.361432473971611,0.14046771178566617,0.04067083112920915,-0.020473431641983803,15
1211,2,1,1,0.43852800700853184,1.0426062336085455,1.4816118823789313,0.8959318996905612,0.3569179719646062,0.023141899668491145,-0.5779350265095192,-0.2393976039929439,0.8793817590784613,1.1867726633000935,1.0608701022387703,0.8470414802727408,0.581771220901442,0.7933903204984344,1.0977798162749415,0.848580260690131,0.8715988804552501,0.9554965908127561,0.9015460968900599,0.5813853872639254,0.7013509921247105,1
1211,2,1,2,0.019481456445888445,1.3650959853752311,2.5763192153584566,2.046897145805761,1.4720388589947606,1.4515209635218362,1.5190968636368136,1.489914467865844,1.2561666782045684,1.3969673840308592,1.715854481068377,1.224192506946972,1.4697219070725427,2.1440730486793247,1.844496050961256,1.4400683845783622,1.4380153291934423,1.0567352823224379,0.39582402838544384,1.0376605557222718,1.4180070297085225,2
1211,2,1,3,0.24368093721948966,-0.011255765643045146,0.4481520788352509,0.21551535865866445,-0.1429294260031657,-0.6798207343637384,-0.23227917013235355,0.4568621916521619,0.12806390893701078,0.5297288498694178,1.1326235871666976,0.8328236438706229,0.2920080190911077,0.6343429743835106,0.7545420868591713,0.5387826539906552,0.7662154572490522,0.5981263142128235,0.9659429140642887,0.9196137994937464,0.4195369839705684,3
1211,2,1,4,0.10965457931411243,1.1704878485667185,0.9767985300340868,-0.2368738308378919,-0.3323631537369889,0.9178697736830044,1.197180935682793,0.6916024345745282,0.9525486221191783,1.2574307266749332,0.8515957814167165,0.9719409160372933,1.5749658320098274,1.2822221362044752,0.8063232771532702,0.6295601827077288,0.6403906462078917,0.9208443609176509,0.7510517984351299,0.24396266668067806,0.7688597031922568,4
1211,2,1,5,0.4757948716618,0.23164392369720266,0.5888340758273993,0.5078407445893164,0.23535557811969882,0.4260453396140103,0.4651986453430123,0.432680544020116,0.5437829937035443,0.8594676285588603,1.369312210402009,0.9195928428008957,0.6136533628404599,0.6554198611796644,0.7041037647796518,0.7134959612334877,0.5784065794571331,0.7605304663310613,0.589236349958761,0.37731709892933474,0.602385642152371,5
1211,2,2,1,0.6155285769724178,0.961341227888008,0.6914971163742053,0.37822989192233125,0.2503653769925383,0.2189474169680385,0.42528011255395237,1.1362122239638897,1.0063353179516215,0.31775386702493513,0.2086986791316374,-0.023487820159554806,0.21681208550067538,0.38843865701230224,0.3172190683610875,0.13149336284080568,-0.018899659971411242,0.43216510382466833,0.27715774742451954,-0.07544776583276545,0.39278202933719514,6
1211,2,2,2,0.7498037136721918,1.4366826678378612,1.9646194007143738,2.1486227434022274,1.6231512292732866,1.0097166391346253,0.5971026343056605,0.6574606087350192,1.2712924388048241,1.2517851596153808,1.048407826467642,1.2068413492899008,1.2048039668057458,1.1587430583713814,1.1135953006248354,1.0116759257663663,1.174332022661853,1.24744557531432,0.6743343713924784,0.27319805970164845,1.141180734594581,7
1211,2,2,3,0.7813709236898756,1.0434176648382172,1.3662543376394292,1.637863162669333,1.0033246560939857,0.2826781549613907,0.2901379955379608,0.33529407793778765,0.1033213138609657,0.44142946303713493,0.7391602227930026,0.7162889900095795,1.0589802846148237,0.8436884615007623,0.3361316787889889,0.45265555287846215,0.6749272570686384,0.2655610716657627,0.24328757725407907,0.5421931734547848,0.6578983010147483,8
1211,2,2,4,-0.5951058410131376,0.2121444001153051,0.6644151565948204,0.5206511341328615,0.36782326661655373,0.2312780466078651,0.2282288574314047,0.3905437991501529,0.34067767922264014,0.27216481139241644,0.29901821923580507,0.1859694075057749,0.14861978202444528,-0.18331471882688855,0.17376606364433167,0.6687031871542153,0.22642584986951186,-0.05316570250117901,0.35304676380967204,0.29056546500532543,0.23712278135859485,9
1211,2,2,5,-0.053640123009756104,-0.04615685283780275,0.2752665594958403,0.8935291320809038,0.5951838021709465,0.15925516009839444,0.30962302207858555,0.44667633890572644,0.6333989913164039,0.2693750836151329,0.08111684035139285,0.6281924244160808,0.8693693295110427,0.6834794501812894,0.7044124726032519,0.6439561894071753,0.1953134350256761,-0.0927216657850397,0.36870836528563977,0.4417790722402666,0.40030585135755753,10
1211,2,3,1,0.578996862735641,0.44058351462460865,0.7085534783318493,0.4250983243591307,-0.32932320953395056,-0.31007421391824586,-0.1882712133610408,-0.09756872622885066,0.21032410619765818,0.19067113543733255,0.33568052158575756,0.43057552710682856,-0.24111018403940024,-0.4717781283159323,-0.5744567707696878,-0.4965748463590651,0.220715728680672,0.5522380878254721,0.6067877148384693,0.014106636881474927,0.10025871730393604,11
1211,2,3,2,0.5459945634137533,0.9228535956380737,1.2548335918169,1.0913021107522893,0.6018235007951634,0.11088918129922745,0.24768183632689672,0.832791306477676,0.8034845852252506,0.5379576754603919,0.3534586265337527,0.4216616645080892,0.2141239813283537,0.22526468666479,0.09695014261551191,0.2827432107636689,0.9540782776500001,0.4398967189235501,0.18281416826028773,0.6205981655124005,0.5370600794983014,12
1211,2,3,3,0.31874729845196564,1.1276178646513397,1.3848894302485895,1.0886183115034584,0.9152460997201401,0.9335043227860964,1.214666072963415,0.7686335848179768,0.48163086312233416,0.6730051405246638,0.7514973272361309,0.8979876608308538,0.7603085943864336,0.5067658020259069,0.42317886315840636,0.5048465873899076,0.8695428318688208,1.11052874983241,1.0240274702960102,0.600932780076305,0.8178087827945582,13
1211,2,3,4,0.48054498805098966,1.2357977677735985,1.1639034609648684,1.1658618082868646,1.5205129135449416,1.3062551063343786,1.074146884866693,1.10995837843637,1.0858443572451058,1.0039824990074941,1.2334783332788017,1.50044161334967,1.3386375984230825,1.292387748649416,1.268743272939806,0.7765079800442631,0.8410619759933344,1.2192806573862498,0.784499208906777,0.3566305986109542,1.0879238576046828,14
1211,2,3,5,0.2910309977305437,1.085414478571364,1.3751574933063826,0.7863182827144259,0.018919974497089154,-0.18150383245606114,0.22239692609007478,0.7346823746264984,0.8231860362609942,0.7840485774929098,0.8370522522688064,0.5760568365950703,0.7366935801220813,0.8900246070566304,1.0853847387424138,1.4828714144352233,1.3985719553404339,1.1588804962907844,0.9618080996931072,0.6394348982284548,0.7853215093803614,15
1211,3,1,1,0.6324660508316278,0.20670315668110428,-0.6885473207115516,-0.31535291295512013,-0.06877269914091319,-0.2211455420565579,-0.22953421980408376,-0.32943804594753723,-0.6285694471655571,-0.4002101298241419,0.26240618511608116,0.021672765922952864,-0.5678683863720863,-0.6412204252007534,-0.6149531086980362,-0.3141331111863523,0.2014023986111523,-0.24702740013170865,-0.7612341591273747,-0.5612854316582894,-0.2632320891408573,1
1211,3,1,2,-0.055607491263395245,0.3842278854761143,0.534582037753546,0.17182356842436503,0.1694927950618376,0.3888386142443484,0.35793867447861993,0.28803171398280203,0.6801405406799693,1.4925924505757089,1.2894766995433022,0.3627812720225623,-0.1295777534297024,-0.2731584736405871,0.28020867604101507,1.089470631883439,1.3027467178810628,0.8239745829137904,0.8095315504045217,1.059887529247689,0.5513701111140505,2
1211,3,1,3,-0.08722701753045009,0.2761585009605756,0.0345877685133832,-0.1292816898479788,-0.16272185305120096,0.20479838532555822,1.2514041182659932,1.6836502050872215,1.050374496921495,0.370243971915864,-0.09849758545176429,0.27978450336651217,0.7415747745812331,0.7008310034216552,0.4685446357335219,0.10760364504702455,0.005919685105510951,0.17511616760532253,0.626700084910965,1.0568818992116227,0.42782228500460323,3
1211,3,1,4,0.7499433981027512,0.5610016983303544,0.31607942309252,-0.05685097480847409,-0.5185393438834381,0.2413632117583127,0.7418818433371506,0.4560310100113248,-0.01158906659892922,-0.5970055086549866,-0.4571188884150501,0.16337427521562417,0.8458073587072172,0.7293292592059818,0.16919098070195446,-0.6581405105325384,-1.4362464050105022,-1.1304606498143683,-0.07322759998144368,0.8181132545124346,0.0426468382637947,4
1211,3,1,5,0.6202333594526566,0.556293156964413,0.35198707672193397,0.24713978489381477,0.00657943196670599,-0.05706155612262205,0.13188412875044958,-0.01685278976406014,-0.43083153840673594,-0.26715720677354265,0.7329077254989563,1.286665983655745,0.8936426023802321,0.3138295267544022,-0.18396069143616117,-0.25357902394197157,0.6777084278272449,1.4287773268764385,0.889644509125337,0.04562007752268826,0.34867351559729626,5
1211,3,2,1,-0.202992386362223,-0.14186810999860927,0.2484756239086307,1.1539965049174494,1.3067254361030778,0.7749770066944752,-0.023179910957159294,-0.1530939284117405,0.7874737596926399,1.0542009809606472,0.5471994657878898,0.518243399693545,0.7307340865568674,0.41192040226254495,-0.035811937849830146,0.21045204479882218,0.5891791974985333,0.45801199112232527,0.170591757690925,0.22476333904042983,0.43149993615746207,6
1211,3,2,2,-0.004205426156413158,0.11577969919278046,0.3053901146141052,0.5568575629423922,0.36758347601225366,0.20686669901283455,0.5346913062685563,0.8850689841537971,0.8726930073939367,0.6570862402169613,-0.08133131588112102,0.09239741973010496,1.5523544360513304,1.4606429566269732,0.6927019112229309,0.19234623814444407,0.021241200616720413,0.249249440927227,0.37516386873689733,0.524546373015522,0.4788562096421116,7
1211,3,2,3,1.319837521278989,1.1819340040983264,0.5857817222502797,0.5805989004846057,0.6244530607055574,0.39667563103050674,0.4282294759103152,1.1007065669199017,1.3070364562461811,1.2267759830266725,1.1770370984835736,0.7957071276797822,0.9732926869720724,1.1559090995995267,0.7907375774421903,0.6123743723718281,1.0584335936191327,1.110952284206133,0.6940598045713506,0.7637353014778003,0.8942134134187365,8
1211,3,2,4,1.6874956416726212,1.3755078905746305,0.7975165673060564,0.6058480340813562,0.17440763726689695,0.20999285845947205,0.38094377729298456,0.5954661997550217,1.2813541316923067,1.2339986312289888,0.882319103720653,0.6705303605154245,0.3642911908352716,0.5690149804319785,0.8860861717316978,0.8196247848980631,0.6891169984649756,1.14148258876241,1.8636883766549106,1.5361318787924882,0.8882408902069101,9
1211,3,2,5,0.6465393461274623,0.6153184146112222,0.7151791386961117,0.6323456264844547,0.3637843864531818,-0.10086569180206434,0.25808429783796,1.287361680072453,1.2690792774393425,0.5835953814577415,0.2858832827524744,0.3230425774692624,0.6351035214924793,0.638146821607704,0.6994031983750271,0.9578861681871016,0.5341340081151864,0.07216734095339514,-0.0636759429122751,0.12208932074842854,0.5237301077083325,10
1211,3,3,1,0.05435681026567191,0.20358046166736138,0.44804835797678666,1.0013999934899083,0.7792780932869636,0.2161918196497018,0.0100950527400199,-0.2586605318786141,-0.49631604514659394,-0.034449902142407285,0.4390488572217188,0.12237801293239495,-0.10249981501531515,-0.15616024965100261,0.01751721750644858,0.3718511744422974,-0.02157588700211152,-0.8070950266381756,-0.7983038384014481,0.23613776085539467,0.06124111580795,11
1211,3,3,2,-0.21717888747600333,-0.08038889378169625,0.10029597021639619,-0.04632155601902049,-0.09437169902972106,1.0501863361874728,1.5782898713746958,0.9261488824237316,0.4299371438407923,0.196742003407781,0.1863054873479971,0.15130433912495625,0.1967812493484896,0.4086027219340955,0.6826718933366601,0.9974388165963554,0.7235666047192558,-0.0830340967522478,0.00039460058425860867,1.1083104190342348,0.4107840603209242,12
1211,3,3,3,0.1182772742446178,-0.1731302903433919,0.21026906248456054,0.7976842174632377,0.9085099543167326,0.8599579029911399,0.5542324165538036,0.32954606595395225,0.366395345736652,0.5199008959297023,0.7494048047525088,0.6348834465691716,0.3007323456710602,0.18788954014767145,-0.256492864304743,-0.4756682755011853,-0.0727103867799669,-0.22945611030152402,-0.4030772503249156,0.3702624579236078,0.2648705276591346,13
1211,3,3,4,0.26308080226938446,0.7456467608227355,1.0685196060190636,1.2571913037562974,0.973169514605456,0.7853565978717822,0.7387488566587296,0.7261264073140977,0.5952199520330725,0.4447290944123292,0.43721667694719984,0.5474472335428877,0.8084309001957986,0.783191713553965,0.36848983185743517,0.37330761940640733,1.0261715433506402,1.588158787406932,0.9898337583698197,0.36527498077625975,0.7442655970585146,14
1211,3,3,5,-0.4257274025054255,-0.6142050860705016,-0.04525112620196475,0.8849389745956646,1.0438568988181376,0.6963904393343077,0.4102472722018422,0.48629425469502274,0.37219371911003696,0.30875675267726216,0.6740175380658325,0.6061434555936679,0.49777021189382875,1.5299363134403896,2.205636260384722,1.2956636650290951,0.2984488858206243,-0.0301537988198884,-0.4396573745233532,-0.07837949167868097,0.48384601809303096,15
1211,4,1,1,0.5888066632039219,0.7200406552992268,0.5810766422243165,0.5917622446248381,-0.21653348991720578,-0.1252276098227601,0.42365452089347333,0.4066744717539282,0.5758792540318737,0.19614549865641145,-0.39548881648469825,-0.27201421637710327,0.09488638063670354,0.3742845808707786,0.6202060134460885,0.471759066469808,0.4537580590397144,0.34789048654627075,0.1686631168907195,0.2901268045266368,0.2948175163256471,1
1211,4,1,2,0.8442367647914113,0.6069665139806044,0.3752146469591756,0.32694336511528876,0.26368772085188025,0.6396142330602974,0.7217769876088052,-0.062182258239625615,-0.2055778843768532,0.7057542178235388,1.0489009166004566,0.9465974381640686,0.8337191293712845,0.43219380130549667,-0.2862727264564841,-0.4366725326559897,0.7493581009325916,0.8220298059811411,-0.22696846820476266,-0.020203044479453702,0.40395583640664356,2
1211,4,1,3,0.6415228150497924,0.9729549762572325,0.6520834719521457,0.7348017553527917,0.9218018988004627,0.6159650974883908,0.5501941831380273,0.3193578810388037,0.21247358904611766,0.20574113919234244,-0.057064868347450406,0.16637775810017025,0.4604871352082062,0.7011281978345903,0.8202214949357206,0.6587781271276145,0.4836939609229246,0.33164635667258635,0.4881957388171517,0.4896600599895512,0.5185010384288585,3
1211,4,1,4,0.1781890487342575,0.04420367624489774,-0.1716495354023643,0.482680296759727,0.877796188589649,0.4225574917960514,-0.5451072481144569,-0.6984704303538106,0.4831628210346266,1.032541213606522,0.3239215983106848,-0.45576564983677037,-0.4019736252555257,0.6247965336079879,0.606671825035541,0.11002742310732089,0.46664164313390166,0.5048940507413158,0.37819815472418594,-0.08456461484747965,0.20893754308081305,4
1211,4,1,5,-0.07814638448422939,1.1423286064015195,1.5877691477759515,0.7689663355071362,-0.3592874920399112,-0.47654142278050593,-0.3437782686115832,-0.5090259002621027,-0.05151140459845621,0.43100478466556974,0.34394371970225546,-0.033636832898154556,-0.43540432500458137,-0.45310029273949604,-0.4519048795937848,-0.13532426174423967,0.6035742631379408,0.7773218041150893,0.5222947846255943,0.0076746689386243405,0.14286083250563175,5
1211,4,2,1,0.5955637480699615,0.849268151357487,0.6473504342808483,1.033039993513193,1.338119778919617,0.8078670509815711,0.1068560902766208,-0.1154147887914089,-0.2232863638388208,-0.1203543290291254,-0.23812061277078708,-0.1957798828573659,0.7807874292621334,0.7632776897185632,-0.1988320901809012,-0.5347431369748878,0.005012583947202914,0.7065736403226368,0.6891816642573803,0.12363317507442759,0.3410000112769173,6
1211,4,2,2,-0.3192361204880351,-0.02906926155441225,-0.2831452074998131,-0.0881419937838919,0.1979895739154389,0.007425507511238251,-0.35375112409000165,-0.06378956093250943,1.0375393511241209,1.2642943179991923,0.37785019942304887,-0.48492029618531474,-0.44163839809639055,0.3328954270452768,0.8564769376010092,0.6140708761622921,-0.0760350368061685,-0.3321421501224938,0.43496089867840393,1.0118399471363002,0.1831736943518645,7
1211,4,2,3,0.5290411917505583,0.7033124730039619,0.5514106802742647,0.5308676010762962,0.6158780124713239,0.6761036563789304,0.5293313591628122,-0.014474619691234786,-0.008394202265835288,0.7563456926208452,1.046097915144747,0.3666477159482441,-0.034512038303246555,0.1646620342319785,0.23886951185041314,0.4677511957234238,0.4244119345251375,0.2176802656016617,0.19475226432734477,0.058495119344162405,0.4007138881587894,8
1211,4,2,4,0.026617863656193452,0.45113028636860075,0.9080381956575625,1.0951620392646704,0.7073458681417821,0.46749326616725795,0.39536349005514154,0.34852518978116903,0.34840238374293153,0.48816381322830094,0.5833008510106685,1.0004735352314742,1.019505555956794,0.7320517926726806,1.0942889650810126,1.2050300854403808,0.980888626984815,0.8643249499378591,0.4240176514705285,0.23353875482949804,0.6686831582339663,9
1211,4,2,5,0.2081663944405917,0.8004909007094321,0.45848091244181843,0.2760837972384731,-0.25533465863658333,-0.9522403314232915,-0.3195017784845017,0.7805894810428329,0.6633404168417931,-0.04644877427260945,0.09185327691656545,0.8003960217073918,0.6632037012577826,0.1165647225703682,-0.1837741267694645,-0.34652481478663216,-0.6728543698022943,0.03326982002970036,1.1890291566291054,0.9973091662592282,0.2151049456954853,10
1211,4,3,1,0.19478165518353108,0.3645804174979239,0.37032745144444335,0.7896953347239362,1.0025488917651342,0.6063301907894886,0.12637034006704595,0.04674005202136655,0.07683809021134115,0.0365001277142422,0.027739333879551853,0.1275321558166223,0.1591319486761663,0.14647399427809504,0.4072100175181959,0.5132256063616618,-0.11370350948740449,-0.2853328118740848,0.3861360548551157,0.7099505759908753,0.2846537958716623,11
1211,4,3,2,0.02132686845775725,-0.2390581860351634,0.3232038002213542,1.1008002462931046,0.5944775696154344,-0.03696903622022164,-0.3459205480820693,-0.6218606906986882,0.10826687920158268,1.0075002842263552,0.9899760983025021,0.36166832279620154,-0.1987721275530649,-0.05126803604246424,0.20783751829220695,0.344992731185661,0.25417434500746416,0.16219115339144535,0.22059168303368765,0.44982985263722725,0.23264943640151559,12
1211,4,3,3,-1.3023130237985816,-1.1740642151729253,-0.3543057642480649,0.3305627986252621,0.6616814235266113,0.38575423236512885,-0.046796534473727544,-0.5727552732639476,-0.41921407680897704,0.3767705514439277,0.45772588231114775,0.11979145607667685,-0.4158148573226289,-0.673266037072642,-0.2833186137259256,0.2498313206970208,0.7762756650825597,0.7109262418854916,-0.042907869497852774,-0.4047980901981568,-0.08101173917848015,13
1211,4,3,4,0.9112237363731758,1.2008314436726653,0.5233016179747679,-0.22510032515826905,-0.4346896797371855,-0.4246912043779566,-0.524774273997987,0.09825461193616158,0.8899794501437434,0.9173213756090521,0.3383852753892801,-0.20472368842758687,-0.06649566650369648,-0.10770874860493575,-0.046875828909928696,0.830520746479025,1.1670597550288593,0.7127187793629107,0.34854448152626144,0.25079656174007375,0.3076939209759215,14
1211,4,3,5,0.2260178497506998,0.6255946143729025,0.35942022966029047,0.5599144009792526,0.697987154277084,0.5409583396528139,0.7969426070912162,0.33245227310802905,0.3292093985367504,0.5058865955334115,0.8014258123339943,0.9086991044653139,0.48193557910565843,0.321069123335996,0.2639217170952418,0.5765666709305933,0.8870224140779953,0.9355643570924796,0.9851577997797453,0.692789678845153,0.591426786001231,15
